"pulled_at","source","name","team","pos","pts_std","pts_half","pts_ppr","pts_ffpc","ecr_rank","ecr_avg","ecr_sd","ecr_best","ecr_worst","ecr_date"
"2026-09-29T04:19:50Z","ECR","Josh Allen","BUF","QB",NA,NA,24.5,NA,1,1.02,0.15,1,2,"2026-09-28"
"2026-09-29T04:19:50Z","ECR","Lamar Jackson","BAL","QB",NA,NA,23,NA,2,2.19,0.66,1,5,"2026-09-28"
"2026-09-29T04:19:50Z","ECR","Brock Purdy","SF","QB",NA,NA,22,NA,3,3.21,0.71,2,5,"2026-09-28"
"2026-09-29T04:19:50Z","ECR","Patrick Mahomes","KC","QB",NA,NA,21,NA,4,4.21,0.77,3,6,"2026-09-28"
"2026-09-29T04:19:50Z","ECR","Jalen Hurts","PHI","QB",NA,NA,20.1,NA,5,4.93,1.12,3,7,"2026-09-28"
"2026-09-29T04:19:50Z","ECR","Dak Prescott","DAL","QB",NA,NA,19.3,NA,6,5.81,0.96,4,9,"2026-09-28"
"2026-09-29T04:19:50Z","ECR","Jared Goff","DET","QB",NA,NA,18.7,NA,7,6.98,0.83,5,9,"2026-09-28"
"2026-09-29T04:19:50Z","ECR","Trevor Lawrence","JAX","QB",NA,NA,18.3,NA,8,8.86,1.63,6,14,"2026-09-28"
"2026-09-29T04:19:50Z","ECR","Tyler Shough","NO","QB",NA,NA,17.9,NA,9,9.55,1.68,8,14,"2026-09-28"
"2026-09-29T04:19:50Z","ECR","Joe Burrow","CIN","QB",NA,NA,17.7,NA,10,9.81,1.58,6,13,"2026-09-28"
"2026-09-29T04:19:50Z","ECR","Jordan Love","GB","QB",NA,NA,17.5,NA,11,10.83,1.36,8,16,"2026-09-28"
"2026-09-29T04:19:50Z","ECR","Drake Maye","NE","QB",NA,NA,17.3,NA,12,11.9,1.41,9,15,"2026-09-28"
"2026-09-29T04:19:50Z","ECR","Kyler Murray","MIN","QB",NA,NA,17.1,NA,13,13.48,2.08,9,19,"2026-09-28"
"2026-09-29T04:19:50Z","ECR","Justin Herbert","LAC","QB",NA,NA,17,NA,14,13.95,1.05,11,16,"2026-09-28"
"2026-09-29T04:19:50Z","ECR","Bryce Young","CAR","QB",NA,NA,16.8,NA,15,14.62,1.41,11,18,"2026-09-28"
"2026-09-29T04:19:50Z","ECR","Bo Nix","DEN","QB",NA,NA,16.6,NA,16,16.38,2.15,12,24,"2026-09-28"
"2026-09-29T04:19:50Z","ECR","Matthew Stafford","LA","QB",NA,NA,16.3,NA,17,17.26,1.83,12,20,"2026-09-28"
"2026-09-29T04:19:50Z","ECR","CJ Stroud","HOU","QB",NA,NA,16.1,NA,18,18.64,2.23,14,24,"2026-09-28"
"2026-09-29T04:19:50Z","ECR","Geno Smith","NYJ","QB",NA,NA,15.8,NA,19,19.17,1.95,15,23,"2026-09-28"
"2026-09-29T04:19:50Z","ECR","Baker Mayfield","TB","QB",NA,NA,15.5,NA,20,20.6,1.45,18,24,"2026-09-28"
"2026-09-29T04:19:50Z","ECR","Sam Darnold","SEA","QB",NA,NA,15.2,NA,21,20.69,2.66,17,33,"2026-09-28"
"2026-09-29T04:19:50Z","ECR","Jacoby Brissett","ARI","QB",NA,NA,14.9,NA,22,22.93,1.72,19,26,"2026-09-28"
"2026-09-29T04:19:50Z","ECR","Malik Willis","MIA","QB",NA,NA,14.7,NA,23,22.95,2.1,18,27,"2026-09-28"
"2026-09-29T04:19:50Z","ECR","Kirk Cousins","LV","QB",NA,NA,14.5,NA,24,24.24,2.91,19,31,"2026-09-28"
"2026-09-29T04:19:50Z","ECR","Deshaun Watson","CLE","QB",NA,NA,14.4,NA,25,24.45,2.67,18,31,"2026-09-28"
"2026-09-29T04:19:50Z","ECR","Daniel Jones","IND","QB",NA,NA,14.3,NA,26,26.1,1.34,23,29,"2026-09-28"
"2026-09-29T04:19:50Z","ECR","Jameis Winston","NYG","QB",NA,NA,14.1,NA,27,27.24,2.62,20,32,"2026-09-28"
"2026-09-29T04:19:50Z","ECR","Michael Penix","ATL","QB",NA,NA,13.8,NA,28,28.15,2.03,22,32,"2026-09-28"
"2026-09-29T04:19:50Z","ECR","Aaron Rodgers","PIT","QB",NA,NA,13.6,NA,29,27.4,1.74,22,31,"2026-09-28"
"2026-09-29T04:19:50Z","ECR","Marcus Mariota","WAS","QB",NA,NA,13.3,NA,30,30.18,1.91,25,33,"2026-09-28"
"2026-09-29T04:19:50Z","ECR","Cam Ward","TEN","QB",NA,NA,13.1,NA,31,30.21,0.99,28,32,"2026-09-28"
"2026-09-29T04:19:50Z","ECR","Case Keenum","CHI","QB",NA,NA,7,NA,32,32.38,2.73,28,47,"2026-09-28"
"2026-09-29T04:19:50Z","ECR","Tyson Bagent","CHI","QB",NA,NA,6.3,NA,33,32.5,2.08,29,41,"2026-09-28"
"2026-09-29T04:19:50Z","ECR","Drew Lock","SEA","QB",NA,NA,0.9,NA,34,34.38,4.01,24,46,"2026-09-28"
"2026-09-29T04:19:50Z","ECR","Carson Wentz","MIN","QB",NA,NA,0.9,NA,35,35.42,1.11,34,38,"2026-09-28"
"2026-09-29T04:19:50Z","ECR","Shedeur Sanders","CLE","QB",NA,NA,0.8,NA,36,36,1.41,33,38,"2026-09-28"
"2026-09-29T04:19:50Z","ECR","Fernando Mendoza","LV","QB",NA,NA,0.5,NA,37,36.38,1.11,34,38,"2026-09-28"
"2026-09-29T04:19:50Z","ECR","Mac Jones","SF","QB",NA,NA,0.5,NA,38,40,2.24,38,44,"2026-09-28"
"2026-09-29T04:19:50Z","ECR","Tua Tagovailoa","ATL","QB",NA,NA,0.5,NA,39,44,14.91,33,74,"2026-09-28"
"2026-09-29T04:19:50Z","ECR","Justin Fields","KC","QB",NA,NA,0.5,NA,40,40,2.1,38,44,"2026-09-28"
"2026-09-29T04:19:50Z","ECR","Jahmyr Gibbs","DET","RB",NA,NA,26.5,NA,1,1.1,0.3,1,2,"2026-09-28"
"2026-09-29T04:19:50Z","ECR","Kenneth Walker","KC","RB",NA,NA,21.1,NA,2,2.27,0.91,1,5,"2026-09-28"
"2026-09-29T04:19:50Z","ECR","Bijan Robinson","ATL","RB",NA,NA,20.3,NA,3,3.27,0.77,2,6,"2026-09-28"
"2026-09-29T04:19:50Z","ECR","Christian McCaffrey","SF","RB",NA,NA,19.4,NA,4,3.71,0.92,2,6,"2026-09-28"
"2026-09-29T04:19:50Z","ECR","Ashton Jeanty","LV","RB",NA,NA,19.1,NA,5,5.95,1.25,4,10,"2026-09-28"
"2026-09-29T04:19:50Z","ECR","Derrick Henry","BAL","RB",NA,NA,18.4,NA,6,6.59,1.72,4,8,"2026-09-28"
"2026-09-29T04:19:50Z","ECR","Jonathan Taylor","IND","RB",NA,NA,17.9,NA,7,7.05,1.23,4,9,"2026-09-28"
"2026-09-29T04:19:50Z","ECR","Chase Brown","CIN","RB",NA,NA,17.5,NA,8,7.51,2.14,5,13,"2026-09-28"
"2026-09-29T04:19:50Z","ECR","James Cook","BUF","RB",NA,NA,16.7,NA,9,8.66,1.03,6,11,"2026-09-28"
"2026-09-29T04:19:50Z","ECR","Saquon Barkley","PHI","RB",NA,NA,16.1,NA,10,10.73,1.82,8,15,"2026-09-28"
"2026-09-29T04:19:50Z","ECR","DeVon Achane","MIA","RB",NA,NA,16.1,NA,11,11.73,1.79,8,16,"2026-09-28"
"2026-09-29T04:19:50Z","ECR","Breece Hall","NYJ","RB",NA,NA,15.4,NA,12,12.56,1.59,9,15,"2026-09-28"
"2026-09-29T04:19:50Z","ECR","Chuba Hubbard","CAR","RB",NA,NA,15.3,NA,13,13.15,3.09,10,22,"2026-09-28"
"2026-09-29T04:19:50Z","ECR","Javonte Williams","DAL","RB",NA,NA,15,NA,14,14.68,1.87,11,20,"2026-09-28"
"2026-09-29T04:19:50Z","ECR","Jaylen Warren","PIT","RB",NA,NA,14.7,NA,15,14.9,2.56,11,23,"2026-09-28"
"2026-09-29T04:19:50Z","ECR","Omarion Hampton","LAC","RB",NA,NA,14.6,NA,16,15.1,1.97,11,20,"2026-09-28"
"2026-09-29T04:19:50Z","ECR","Kyren Williams","LA","RB",NA,NA,14.3,NA,17,17.49,1.52,12,21,"2026-09-28"
"2026-09-29T04:19:50Z","ECR","Bucky Irving","TB","RB",NA,NA,14,NA,18,18.66,1.91,15,23,"2026-09-28"
"2026-09-29T04:19:50Z","ECR","DAndre Swift","CHI","RB",NA,NA,13.9,NA,19,19.59,2.04,13,25,"2026-09-28"
"2026-09-29T04:19:50Z","ECR","Cam Skattebo","NYG","RB",NA,NA,12.8,NA,20,19.63,2.4,14,25,"2026-09-28"
"2026-09-29T04:19:50Z","ECR","Aaron Jones","MIN","RB",NA,NA,12.8,NA,21,20.76,2.1,15,25,"2026-09-28"
"2026-09-29T04:19:50Z","ECR","David Montgomery","HOU","RB",NA,NA,12.5,NA,22,21.22,2.2,16,27,"2026-09-28"
"2026-09-29T04:19:50Z","ECR","Quinshon Judkins","CLE","RB",NA,NA,12.5,NA,23,22.88,2.29,16,28,"2026-09-28"
"2026-09-29T04:19:50Z","ECR","Bhayshul Tuten","JAX","RB",NA,NA,12.4,NA,24,24.07,1.7,20,29,"2026-09-28"
"2026-09-29T04:19:50Z","ECR","Jeremiyah Love","ARI","RB",NA,NA,12.1,NA,25,24.51,2.83,14,28,"2026-09-28"
"2026-09-29T04:19:50Z","ECR","Travis Etienne","NO","RB",NA,NA,12,NA,26,26.39,1.67,23,30,"2026-09-28"
"2026-09-29T04:19:50Z","ECR","Jadarian Price","SEA","RB",NA,NA,11.5,NA,27,27,2.56,21,32,"2026-09-28"
"2026-09-29T04:19:50Z","ECR","Tony Pollard","TEN","RB",NA,NA,11.5,NA,28,28.17,2.04,24,35,"2026-09-28"
"2026-09-29T04:19:50Z","ECR","TreVeyon Henderson","NE","RB",NA,NA,11.2,NA,29,28.44,1.98,21,31,"2026-09-28"
"2026-09-29T04:19:50Z","ECR","Rhamondre Stevenson","NE","RB",NA,NA,10.3,NA,30,28.63,1.63,24,33,"2026-09-28"
"2026-09-29T04:19:50Z","ECR","Blake Corum","LA","RB",NA,NA,9.8,NA,31,33.78,3.25,30,40,"2026-09-28"
"2026-09-29T04:19:50Z","ECR","RJ Harvey","DEN","RB",NA,NA,9.3,NA,32,33.85,5.3,27,51,"2026-09-28"
"2026-09-29T04:19:50Z","ECR","JK Dobbins","DEN","RB",NA,NA,8.9,NA,33,34.46,3.76,30,44,"2026-09-28"
"2026-09-29T04:19:50Z","ECR","Woody Marks","HOU","RB",NA,NA,8.8,NA,34,34.59,1.62,33,39,"2026-09-28"
"2026-09-29T04:19:50Z","ECR","Kyle Monangai","CHI","RB",NA,NA,8.7,NA,35,35.78,2.25,30,39,"2026-09-28"
"2026-09-29T04:19:50Z","ECR","Rachaad White","WAS","RB",NA,NA,8.6,NA,36,36.51,3.16,32,45,"2026-09-28"
"2026-09-29T04:19:50Z","ECR","Alvin Kamara","NO","RB",NA,NA,8.3,NA,37,39.1,7.04,31,58,"2026-09-28"
"2026-09-29T04:19:50Z","ECR","Jacory Croskey-Merritt","WAS","RB",NA,NA,8.2,NA,38,39.61,2.39,32,45,"2026-09-28"
"2026-09-29T04:19:50Z","ECR","Emmett Johnson","KC","RB",NA,NA,8.2,NA,39,39.85,3.96,32,46,"2026-09-28"
"2026-09-29T04:19:50Z","ECR","Kaleb Johnson","GB","RB",NA,NA,8.2,NA,40,40.17,2.44,34,46,"2026-09-28"
"2026-09-29T04:19:50Z","ECR","Tyjae Spears","TEN","RB",NA,NA,7.7,NA,41,40.24,5.56,32,50,"2026-09-28"
"2026-09-29T04:19:50Z","ECR","Tyler Allgeier","ARI","RB",NA,NA,7.7,NA,42,40.71,3.46,34,47,"2026-09-28"
"2026-09-29T04:19:50Z","ECR","MarShawn Lloyd","GB","RB",NA,NA,7.7,NA,43,41.95,3.44,35,50,"2026-09-28"
"2026-09-29T04:19:50Z","ECR","Kenny Gainwell","TB","RB",NA,NA,7.4,NA,44,42.22,2.39,34,47,"2026-09-28"
"2026-09-29T04:19:50Z","ECR","Kaelon Black","SF","RB",NA,NA,6.7,NA,45,42.83,3.3,36,48,"2026-09-28"
"2026-09-29T04:19:50Z","ECR","Emanuel Wilson","SEA","RB",NA,NA,6.6,NA,46,45.37,3.34,38,56,"2026-09-28"
"2026-09-29T04:19:50Z","ECR","Braelon Allen","NYJ","RB",NA,NA,6.6,NA,47,45.41,3.48,38,50,"2026-09-28"
"2026-09-29T04:19:50Z","ECR","Justice Hill","BAL","RB",NA,NA,6.2,NA,48,48.39,2.91,43,58,"2026-09-28"
"2026-09-29T04:19:50Z","ECR","Keaton Mitchell","LAC","RB",NA,NA,6.2,NA,49,49.63,2.71,45,59,"2026-09-28"
"2026-09-29T04:19:50Z","ECR","Chris Brooks","GB","RB",NA,NA,5.3,NA,50,51.44,3.21,47,62,"2026-09-28"
"2026-09-29T04:19:50Z","ECR","Chris Rodriguez","JAX","RB",NA,NA,5.2,NA,51,51.54,3.62,42,58,"2026-09-28"
"2026-09-29T04:19:50Z","ECR","Mike Washington","LV","RB",NA,NA,5.1,NA,52,53.76,3.3,48,64,"2026-09-28"
"2026-09-29T04:19:50Z","ECR","Tank Bigsby","PHI","RB",NA,NA,5,NA,53,55.35,5.27,45,70,"2026-09-28"
"2026-09-29T04:19:50Z","ECR","Samaje Perine","CIN","RB",NA,NA,5,NA,54,52.68,3.32,43,61,"2026-09-28"
"2026-09-29T04:19:50Z","ECR","George Holani","SEA","RB",NA,NA,4.9,NA,55,54.03,3.16,47,62,"2026-09-28"
"2026-09-29T04:19:50Z","ECR","Brian Robinson","ATL","RB",NA,NA,4.8,NA,56,57.38,2.45,51,63,"2026-09-28"
"2026-09-29T04:19:50Z","ECR","Najee Harris","NYG","RB",NA,NA,4.6,NA,57,56.5,5.88,48,77,"2026-09-28"
"2026-09-29T04:19:50Z","ECR","Will Shipley","PHI","RB",NA,NA,4.5,NA,58,59.11,4.12,50,67,"2026-09-28"
"2026-09-29T04:19:50Z","ECR","Raheim Sanders","CLE","RB",NA,NA,4,NA,59,60.83,3.87,54,76,"2026-09-28"
"2026-09-29T04:19:50Z","ECR","AJ Dillon","CAR","RB",NA,NA,3.7,NA,60,61.34,6.03,53,77,"2026-09-28"
"2026-09-29T04:19:50Z","ECR","Ray Davis","BUF","RB",NA,NA,3.4,NA,61,65.17,5.13,57,74,"2026-09-28"
"2026-09-29T04:19:50Z","ECR","DeeJay Dallas","MIN","RB",NA,NA,3.3,NA,62,64.21,5.63,55,82,"2026-09-28"
"2026-09-29T04:19:50Z","ECR","Sione Vaki","DET","RB",NA,NA,3.3,NA,63,64.73,6.71,55,83,"2026-09-28"
"2026-09-29T04:19:50Z","ECR","Emari Demercado","DAL","RB",NA,NA,3.2,NA,64,65.79,3.65,60,74,"2026-09-28"
"2026-09-29T04:19:50Z","ECR","Demond Claiborne","MIN","RB",NA,NA,2.9,NA,65,65.42,6.94,53,78,"2026-09-28"
"2026-09-29T04:19:50Z","ECR","Kaytron Allen","WAS","RB",NA,NA,2.9,NA,66,71.15,4.64,64,84,"2026-09-28"
"2026-09-29T04:19:50Z","ECR","Ty Johnson","BUF","RB",NA,NA,2.6,NA,67,64.14,9.47,52,92,"2026-09-28"
"2026-09-29T04:19:50Z","ECR","Kyle Juszczyk","SF","RB",NA,NA,2.2,NA,68,65.69,4.54,53,78,"2026-09-28"
"2026-09-29T04:19:50Z","ECR","Kimani Vidal","LAC","RB",NA,NA,2.2,NA,69,69.03,6.11,58,84,"2026-09-28"
"2026-09-29T04:19:50Z","ECR","Ollie Gordon","MIA","RB",NA,NA,2.1,NA,70,70,3.67,64,81,"2026-09-28"
"2026-09-29T04:19:50Z","ECR","Tyrone Tracy","NYG","RB",NA,NA,2,NA,71,73.31,9.44,59,98,"2026-09-28"
"2026-09-29T04:19:50Z","ECR","Travis Homer","PIT","RB",NA,NA,1.8,NA,72,67.19,7.64,57,84,"2026-09-28"
"2026-09-29T04:19:50Z","ECR","LeQuint Allen","JAX","RB",NA,NA,1.5,NA,73,71.59,5.2,62,81,"2026-09-28"
"2026-09-29T04:19:50Z","ECR","Nicholas Singleton","TEN","RB",NA,NA,1.5,NA,74,76.07,4.46,63,85,"2026-09-28"
"2026-09-29T04:19:50Z","ECR","Seth McGowan","IND","RB",NA,NA,1.4,NA,75,76.67,3.71,71,84,"2026-09-28"
"2026-09-29T04:19:50Z","ECR","CJ Donaldson","NO","RB",NA,NA,1.4,NA,76,75.32,7.36,65,95,"2026-09-28"
"2026-09-29T04:19:50Z","ECR","Ameer Abdullah","JAX","RB",NA,NA,1.3,NA,77,74.04,6.07,66,93,"2026-09-28"
"2026-09-29T04:19:50Z","ECR","Hunter Luepke","DAL","RB",NA,NA,1.3,NA,78,74.75,5.75,66,89,"2026-09-28"
"2026-09-29T04:19:50Z","ECR","Tyler Badie","DEN","RB",NA,NA,1.3,NA,79,77.3,5.8,68,90,"2026-09-28"
"2026-09-29T04:19:50Z","ECR","Jaleel McLaughlin","CLE","RB",NA,NA,1.2,NA,80,77.55,4.22,70,86,"2026-09-28"
"2026-09-29T04:19:50Z","ECR","Trey McBride","ARI","TE",NA,NA,17.1,NA,1,1,0,1,1,"2026-09-28"
"2026-09-29T04:19:50Z","ECR","Dalton Kincaid","BUF","TE",NA,NA,14.2,NA,2,2.23,0.47,2,4,"2026-09-28"
"2026-09-29T04:19:50Z","ECR","Brock Bowers","LV","TE",NA,NA,13.6,NA,3,4.03,1.78,2,10,"2026-09-28"
"2026-09-29T04:19:50Z","ECR","Travis Kelce","KC","TE",NA,NA,13.3,NA,4,4.6,1.51,3,10,"2026-09-28"
"2026-09-29T04:19:50Z","ECR","Sam LaPorta","DET","TE",NA,NA,12.4,NA,5,5.33,1.68,3,9,"2026-09-28"
"2026-09-29T04:19:50Z","ECR","Dalton Schultz","HOU","TE",NA,NA,12.2,NA,6,5.65,1.01,4,8,"2026-09-28"
"2026-09-29T04:19:50Z","ECR","George Kittle","SF","TE",NA,NA,12.1,NA,7,7.3,1.65,3,11,"2026-09-28"
"2026-09-29T04:19:50Z","ECR","Tucker Kraft","GB","TE",NA,NA,12.1,NA,8,8.05,2.01,3,11,"2026-09-28"
"2026-09-29T04:19:50Z","ECR","Tyler Warren","IND","TE",NA,NA,11.4,NA,9,8.23,1.46,4,10,"2026-09-28"
"2026-09-29T04:19:50Z","ECR","Mark Andrews","BAL","TE",NA,NA,11,NA,10,10.5,2.55,7,20,"2026-09-28"
"2026-09-29T04:19:50Z","ECR","Isaiah Likely","NYG","TE",NA,NA,10.3,NA,11,11.48,1.72,8,15,"2026-09-28"
"2026-09-29T04:19:50Z","ECR","Juwan Johnson","NO","TE",NA,NA,10.3,NA,12,12.4,1.91,8,17,"2026-09-28"
"2026-09-29T04:19:50Z","ECR","Terrance Ferguson","LA","TE",NA,NA,10.2,NA,13,13.33,3.13,10,24,"2026-09-28"
"2026-09-29T04:19:50Z","ECR","Harold Fannin","CLE","TE",NA,NA,10.2,NA,14,14.5,1.84,9,19,"2026-09-28"
"2026-09-29T04:19:50Z","ECR","Colston Loveland","CHI","TE",NA,NA,10.1,NA,15,16.6,1.76,13,19,"2026-09-28"
"2026-09-29T04:19:50Z","ECR","Pat Freiermuth","PIT","TE",NA,NA,9.7,NA,16,16.73,2.29,12,22,"2026-09-28"
"2026-09-29T04:19:50Z","ECR","Oronde Gadsden","LAC","TE",NA,NA,9.3,NA,17,16.88,2.24,11,22,"2026-09-28"
"2026-09-29T04:19:50Z","ECR","Hunter Henry","NE","TE",NA,NA,9.3,NA,18,17.8,3.07,13,25,"2026-09-28"
"2026-09-29T04:19:50Z","ECR","Kyle Pitts","ATL","TE",NA,NA,8.6,NA,19,17.88,2.44,13,20,"2026-09-28"
"2026-09-29T04:19:50Z","ECR","Jake Ferguson","DAL","TE",NA,NA,8.6,NA,20,18.63,2.81,7,24,"2026-09-28"
"2026-09-29T04:19:50Z","ECR","TJ Hockenson","MIN","TE",NA,NA,8.5,NA,21,20.78,1.98,15,27,"2026-09-28"
"2026-09-29T04:19:50Z","ECR","Brenton Strange","JAX","TE",NA,NA,8.3,NA,22,22.63,1.64,20,26,"2026-09-28"
"2026-09-29T04:19:50Z","ECR","Kenyon Sadiq","NYJ","TE",NA,NA,8.3,NA,23,21.21,3.38,13,26,"2026-09-28"
"2026-09-29T04:19:50Z","ECR","Darren Waller","CAR","TE",NA,NA,7.9,NA,24,24.98,1.67,21,27,"2026-09-28"
"2026-09-29T04:19:50Z","ECR","AJ Barner","SEA","TE",NA,NA,7.3,NA,25,24.97,2.47,20,32,"2026-09-28"
"2026-09-29T04:19:50Z","ECR","Cade Otton","TB","TE",NA,NA,7.1,NA,26,25.95,2.19,23,30,"2026-09-28"
"2026-09-29T04:19:50Z","ECR","Mike Gesicki","CIN","TE",NA,NA,6.6,NA,27,27.53,1.39,24,31,"2026-09-28"
"2026-09-29T04:19:50Z","ECR","Evan Engram","DEN","TE",NA,NA,6.6,NA,28,27.51,1.93,24,35,"2026-09-28"
"2026-09-29T04:19:50Z","ECR","Greg Dulcich","MIA","TE",NA,NA,6.5,NA,29,30.19,1.76,24,33,"2026-09-28"
"2026-09-29T04:19:50Z","ECR","Michael Mayer","LV","TE",NA,NA,6.4,NA,30,30.31,2.21,27,38,"2026-09-28"
"2026-09-29T04:19:50Z","ECR","Colby Parkinson","LA","TE",NA,NA,6,NA,31,31.21,4.61,24,55,"2026-09-28"
"2026-09-29T04:19:50Z","ECR","Gunnar Helm","TEN","TE",NA,NA,5.4,NA,32,30,2.19,23,33,"2026-09-28"
"2026-09-29T04:19:50Z","ECR","Darnell Washington","PIT","TE",NA,NA,4.9,NA,33,34.2,1.81,32,40,"2026-09-28"
"2026-09-29T04:19:50Z","ECR","Tyler Higbee","LA","TE",NA,NA,4.9,NA,34,41.75,10.3,33,78,"2026-09-28"
"2026-09-29T04:19:50Z","ECR","Zach Ertz","PHI","TE",NA,NA,4.7,NA,35,33.72,6.16,24,55,"2026-09-28"
"2026-09-29T04:19:50Z","ECR","Dawson Knox","BUF","TE",NA,NA,4.4,NA,36,37.63,3.66,33,48,"2026-09-28"
"2026-09-29T04:19:50Z","ECR","Tommy Tremble","CAR","TE",NA,NA,4.3,NA,37,37.43,3.03,33,45,"2026-09-28"
"2026-09-29T04:19:50Z","ECR","Cole Kmet","CHI","TE",NA,NA,4,NA,38,38.5,1.99,35,44,"2026-09-28"
"2026-09-29T04:19:50Z","ECR","Noah Fant","NO","TE",NA,NA,3.9,NA,39,36.76,2.29,34,43,"2026-09-28"
"2026-09-29T04:19:50Z","ECR","Jonnu Smith","GB","TE",NA,NA,3.8,NA,40,43,6.14,28,56,"2026-09-28"
"2026-09-29T04:19:50Z","ECR","Noah Gray","KC","TE",NA,NA,3.5,NA,41,42.19,7.42,35,70,"2026-09-28"
"2026-09-29T04:19:50Z","ECR","Ben Sinnott","WAS","TE",NA,NA,3.5,NA,42,44.43,5.5,38,65,"2026-09-28"
"2026-09-29T04:19:50Z","ECR","Josh Oliver","MIN","TE",NA,NA,3.4,NA,43,43.2,4.11,38,52,"2026-09-28"
"2026-09-29T04:19:50Z","ECR","Elijah Arroyo","SEA","TE",NA,NA,3.4,NA,44,46,2.81,42,55,"2026-09-28"
"2026-09-29T04:19:50Z","ECR","Theo Johnson","NYG","TE",NA,NA,3.2,NA,45,43.47,3.03,37,48,"2026-09-28"
"2026-09-29T04:19:50Z","ECR","Drew Sample","CIN","TE",NA,NA,3.2,NA,46,46.42,3.82,43,53,"2026-09-28"
"2026-09-29T04:19:50Z","ECR","Foster Moreau","HOU","TE",NA,NA,3.1,NA,47,48.72,3.57,44,61,"2026-09-28"
"2026-09-29T04:19:50Z","ECR","Erick All","CIN","TE",NA,NA,3,NA,48,50.67,5.75,43,59,"2026-09-28"
"2026-09-29T04:19:50Z","ECR","Jeremy Ruckert","NYJ","TE",NA,NA,3,NA,49,46.56,7.47,33,61,"2026-09-28"
"2026-09-29T04:19:50Z","ECR","Mitchell Evans","CAR","TE",NA,NA,2.9,NA,50,50.53,3.24,46,57,"2026-09-28"
"2026-09-29T04:19:50Z","ECR","Jaxon Smith-Njigba","SEA","WR",NA,NA,22.1,NA,1,1.59,0.62,1,4,"2026-09-28"
"2026-09-29T04:19:50Z","ECR","Amon-Ra St Brown","DET","WR",NA,NA,20.9,NA,2,1.61,0.69,1,4,"2026-09-28"
"2026-09-29T04:19:50Z","ECR","JaMarr Chase","CIN","WR",NA,NA,19.4,NA,3,3.2,0.67,1,5,"2026-09-28"
"2026-09-29T04:19:50Z","ECR","CeeDee Lamb","DAL","WR",NA,NA,18.3,NA,4,4.32,1.28,3,8,"2026-09-28"
"2026-09-29T04:19:50Z","ECR","Chris Olave","NO","WR",NA,NA,17.3,NA,5,5.56,1.33,3,9,"2026-09-28"
"2026-09-29T04:19:50Z","ECR","Justin Jefferson","MIN","WR",NA,NA,17,NA,6,6.15,1.2,2,8,"2026-09-28"
"2026-09-29T04:19:50Z","ECR","Garrett Wilson","NYJ","WR",NA,NA,15.7,NA,7,6.61,1.12,5,10,"2026-09-28"
"2026-09-29T04:19:50Z","ECR","DeVonta Smith","PHI","WR",NA,NA,15.7,NA,8,8.54,1.53,5,12,"2026-09-28"
"2026-09-29T04:19:50Z","ECR","Davante Adams","LA","WR",NA,NA,15.5,NA,9,9.63,2.99,5,18,"2026-09-28"
"2026-09-29T04:19:50Z","ECR","Christian Watson","GB","WR",NA,NA,15.3,NA,10,10.56,1.62,8,14,"2026-09-28"
"2026-09-29T04:19:50Z","ECR","Drake London","ATL","WR",NA,NA,15.1,NA,11,11.24,1.83,8,16,"2026-09-28"
"2026-09-29T04:19:50Z","ECR","Parker Washington","JAX","WR",NA,NA,14.8,NA,12,11.37,1.53,8,17,"2026-09-28"
"2026-09-29T04:19:50Z","ECR","George Pickens","DAL","WR",NA,NA,14.8,NA,13,12.46,1.84,9,20,"2026-09-28"
"2026-09-29T04:19:50Z","ECR","Tetairoa McMillan","CAR","WR",NA,NA,14.3,NA,14,15.27,2.08,11,21,"2026-09-28"
"2026-09-29T04:19:50Z","ECR","Jaylen Waddle","DEN","WR",NA,NA,14.1,NA,15,15.46,2.14,13,22,"2026-09-28"
"2026-09-29T04:19:50Z","ECR","Ladd McConkey","LAC","WR",NA,NA,14,NA,16,15.9,1.85,11,19,"2026-09-28"
"2026-09-29T04:19:50Z","ECR","Mike Evans","SF","WR",NA,NA,13.7,NA,17,17.98,2.61,13,25,"2026-09-28"
"2026-09-29T04:19:50Z","ECR","Tee Higgins","CIN","WR",NA,NA,13.2,NA,18,19.22,1.63,15,23,"2026-09-28"
"2026-09-29T04:19:50Z","ECR","Rashee Rice","KC","WR",NA,NA,13.2,NA,19,19.24,2.84,15,26,"2026-09-28"
"2026-09-29T04:19:50Z","ECR","Malik Nabers","NYG","WR",NA,NA,13,NA,20,19.98,3.34,12,25,"2026-09-28"
"2026-09-29T04:19:50Z","ECR","Jalen Coker","CAR","WR",NA,NA,12.8,NA,21,20.22,2.84,14,26,"2026-09-28"
"2026-09-29T04:19:50Z","ECR","Matthew Golden","GB","WR",NA,NA,12.7,NA,22,20.61,3.05,16,29,"2026-09-28"
"2026-09-29T04:19:50Z","ECR","Josh Downs","IND","WR",NA,NA,12.2,NA,23,23.24,2.57,17,33,"2026-09-28"
"2026-09-29T04:19:50Z","ECR","Jameson Williams","DET","WR",NA,NA,11.9,NA,24,25.46,3.19,21,33,"2026-09-28"
"2026-09-29T04:19:50Z","ECR","Deebo Samuel","SF","WR",NA,NA,11.8,NA,25,26.2,2.09,23,31,"2026-09-28"
"2026-09-29T04:19:50Z","ECR","Emeka Egbuka","TB","WR",NA,NA,11.6,NA,26,27.1,3.08,20,32,"2026-09-28"
"2026-09-29T04:19:50Z","ECR","DK Metcalf","PIT","WR",NA,NA,11.4,NA,27,28.2,3.39,22,38,"2026-09-28"
"2026-09-29T04:19:50Z","ECR","Michael Wilson","ARI","WR",NA,NA,11.4,NA,28,29.12,3.07,24,38,"2026-09-28"
"2026-09-29T04:19:50Z","ECR","Devaughn Vele","NO","WR",NA,NA,11.3,NA,29,29.66,3.61,25,38,"2026-09-28"
"2026-09-29T04:19:50Z","ECR","DJ Moore","BUF","WR",NA,NA,11.2,NA,30,31.12,11.86,19,69,"2026-09-28"
"2026-09-29T04:19:50Z","ECR","Rashod Bateman","BAL","WR",NA,NA,11.2,NA,31,33.22,4.36,23,44,"2026-09-28"
"2026-09-29T04:19:50Z","ECR","Romeo Doubs","NE","WR",NA,NA,11.2,NA,32,34.05,3.33,30,42,"2026-09-28"
"2026-09-29T04:19:50Z","ECR","Dontayvion Wicks","PHI","WR",NA,NA,11.2,NA,33,34.56,3.57,26,41,"2026-09-28"
"2026-09-29T04:19:50Z","ECR","Denzel Boston","CLE","WR",NA,NA,11,NA,34,34.61,4.54,26,46,"2026-09-28"
"2026-09-29T04:19:50Z","ECR","Xavier Worthy","KC","WR",NA,NA,11,NA,35,36.66,6.23,30,55,"2026-09-28"
"2026-09-29T04:19:50Z","ECR","Stefon Diggs","WAS","WR",NA,NA,10.9,NA,36,37.83,8.37,25,51,"2026-09-28"
"2026-09-29T04:19:50Z","ECR","Khalil Shakir","BUF","WR",NA,NA,10.7,NA,37,37.98,5.1,27,49,"2026-09-28"
"2026-09-29T04:19:50Z","ECR","Luther Burden","CHI","WR",NA,NA,10.6,NA,38,38,3.19,30,45,"2026-09-28"
"2026-09-29T04:19:50Z","ECR","Terry McLaurin","WAS","WR",NA,NA,10.6,NA,39,40.93,5.71,30,52,"2026-09-28"
"2026-09-29T04:19:50Z","ECR","Jordan Addison","MIN","WR",NA,NA,10.5,NA,40,41.56,4.59,32,55,"2026-09-28"
"2026-09-29T04:19:50Z","ECR","Chris Godwin","TB","WR",NA,NA,10.3,NA,41,41.63,5.47,28,50,"2026-09-28"
"2026-09-29T04:19:50Z","ECR","KC Concepcion","CLE","WR",NA,NA,10.3,NA,42,41.76,5.75,34,59,"2026-09-28"
"2026-09-29T04:19:50Z","ECR","Carnell Tate","TEN","WR",NA,NA,10.3,NA,43,42.22,2.84,37,50,"2026-09-28"
"2026-09-29T04:19:50Z","ECR","Malik Washington","MIA","WR",NA,NA,10.2,NA,44,42.98,6.35,35,58,"2026-09-28"
"2026-09-29T04:19:50Z","ECR","Tre Tucker","LV","WR",NA,NA,9.9,NA,45,43.76,3.28,36,51,"2026-09-28"
"2026-09-29T04:19:50Z","ECR","Courtland Sutton","DEN","WR",NA,NA,9.9,NA,46,45.12,3.25,39,51,"2026-09-28"
"2026-09-29T04:19:50Z","ECR","Quentin Johnston","LAC","WR",NA,NA,9.9,NA,47,46.22,3.27,38,52,"2026-09-28"
"2026-09-29T04:19:50Z","ECR","Jakobi Meyers","JAX","WR",NA,NA,9.6,NA,48,47.66,4.52,37,58,"2026-09-28"
"2026-09-29T04:19:50Z","ECR","Brian Thomas","JAX","WR",NA,NA,9.5,NA,49,49.07,3.69,42,55,"2026-09-28"
"2026-09-29T04:19:50Z","ECR","Rome Odunze","CHI","WR",NA,NA,9.5,NA,50,49.88,4.92,41,61,"2026-09-28"
"2026-09-29T04:19:50Z","ECR","Xavier Hutchinson","HOU","WR",NA,NA,9.5,NA,51,52.76,6.31,39,71,"2026-09-28"
"2026-09-29T04:19:50Z","ECR","WanDale Robinson","TEN","WR",NA,NA,9.3,NA,52,52.98,4.06,44,70,"2026-09-28"
"2026-09-29T04:19:50Z","ECR","Kayshon Boutte","HOU","WR",NA,NA,9.2,NA,53,54.02,3.3,47,64,"2026-09-28"
"2026-09-29T04:19:50Z","ECR","Keenan Allen","IND","WR",NA,NA,9,NA,54,54.63,3.13,50,62,"2026-09-28"
"2026-09-29T04:19:50Z","ECR","Marvin Harrison","ARI","WR",NA,NA,9,NA,55,55.49,3.66,48,65,"2026-09-28"
"2026-09-29T04:19:50Z","ECR","Rashid Shaheed","SEA","WR",NA,NA,9,NA,56,58.29,3.11,53,67,"2026-09-28"
"2026-09-29T04:19:50Z","ECR","Zay Flowers","BAL","WR",NA,NA,8.8,NA,57,48.89,19.95,26,98,"2026-09-28"
"2026-09-29T04:19:50Z","ECR","Kalif Raymond","CHI","WR",NA,NA,8.6,NA,58,61.88,7.09,52,98,"2026-09-28"
"2026-09-29T04:19:50Z","ECR","Ryan Flournoy","DAL","WR",NA,NA,8.6,NA,59,61.9,5.11,52,72,"2026-09-28"
"2026-09-29T04:19:50Z","ECR","Makai Lemon","PHI","WR",NA,NA,8.2,NA,60,62.1,5.72,48,83,"2026-09-28"
"2026-09-29T04:19:50Z","ECR","Tre Harris","LAC","WR",NA,NA,8.1,NA,61,60.55,3.83,54,70,"2026-09-28"
"2026-09-29T04:19:50Z","ECR","Kendrick Bourne","ARI","WR",NA,NA,8.1,NA,62,63.56,7.63,56,106,"2026-09-28"
"2026-09-29T04:19:50Z","ECR","Pat Bryant","DEN","WR",NA,NA,8,NA,63,64.85,4.81,59,90,"2026-09-28"
"2026-09-29T04:19:50Z","ECR","Malachi Fields","NYG","WR",NA,NA,7.9,NA,64,68.29,4.51,57,84,"2026-09-28"
"2026-09-29T04:19:50Z","ECR","Tyquan Thornton","KC","WR",NA,NA,7.5,NA,65,70.71,6.32,58,88,"2026-09-28"
"2026-09-29T04:19:50Z","ECR","Jalen Nailor","LV","WR",NA,NA,7.4,NA,66,68.85,6.38,58,94,"2026-09-28"
"2026-09-29T04:19:50Z","ECR","Jaylin Noel","HOU","WR",NA,NA,7.1,NA,67,68.93,8.28,45,87,"2026-09-28"
"2026-09-29T04:19:50Z","ECR","Michael Pittman","PIT","WR",NA,NA,7.1,NA,68,53.06,11.51,35,83,"2026-09-28"
"2026-09-29T04:19:50Z","ECR","Mack Hollins","NE","WR",NA,NA,6.9,NA,69,66.89,9.21,53,86,"2026-09-28"
"2026-09-29T04:19:50Z","ECR","Isaiah Williams","NYJ","WR",NA,NA,6.8,NA,70,67.74,10.49,50,87,"2026-09-28"
"2026-09-29T04:19:50Z","ECR","Chris Bell","MIA","WR",NA,NA,6.7,NA,71,74.08,6.43,62,101,"2026-09-28"
"2026-09-29T04:19:50Z","ECR","Keon Coleman","BUF","WR",NA,NA,6.6,NA,72,68.89,5.82,52,79,"2026-09-28"
"2026-09-29T04:19:50Z","ECR","Roman Wilson","PIT","WR",NA,NA,6.6,NA,73,73.49,5.65,66,94,"2026-09-28"
"2026-09-29T04:19:50Z","ECR","Josh Palmer","BUF","WR",NA,NA,6.5,NA,74,73.42,7.24,54,94,"2026-09-28"
"2026-09-29T04:19:50Z","ECR","Cooper Kupp","SEA","WR",NA,NA,6.5,NA,75,75.05,2.62,70,85,"2026-09-28"
"2026-09-29T04:19:50Z","ECR","Jerry Jeudy","CLE","WR",NA,NA,6.4,NA,76,76.5,5.5,69,100,"2026-09-28"
"2026-09-29T04:19:50Z","ECR","Ted Hurst","TB","WR",NA,NA,6.4,NA,77,76.76,5.29,60,89,"2026-09-28"
"2026-09-29T04:19:50Z","ECR","Jack Bech","LV","WR",NA,NA,6.4,NA,78,77.37,6.07,66,89,"2026-09-28"
"2026-09-29T04:19:50Z","ECR","Antonio Williams","WAS","WR",NA,NA,6.3,NA,79,76.97,9.43,59,108,"2026-09-28"
"2026-09-29T04:19:50Z","ECR","Demario Douglas","NE","WR",NA,NA,6.3,NA,80,71.49,10.37,54,95,"2026-09-28"
"2026-09-29T04:19:50Z","ECR","Germie Bernard","PIT","WR",NA,NA,6.3,NA,81,77.41,7.84,53,90,"2026-09-28"
"2026-09-29T04:19:50Z","ECR","Darnell Mooney","NYG","WR",NA,NA,6.3,NA,82,80.58,2.9,76,89,"2026-09-28"
"2026-09-29T04:19:50Z","ECR","Jahan Dotson","ATL","WR",NA,NA,6.3,NA,83,80.6,6.79,65,96,"2026-09-28"
"2026-09-29T04:19:50Z","ECR","Isaac TeSlaa","DET","WR",NA,NA,6,NA,84,85.36,5.2,80,102,"2026-09-28"
"2026-09-29T04:19:50Z","ECR","Calvin Ridley","TEN","WR",NA,NA,5.9,NA,85,88.06,8.89,79,128,"2026-09-28"
"2026-09-29T04:19:50Z","ECR","Elic Ayomanor","TEN","WR",NA,NA,5.9,NA,86,89.24,7.4,75,115,"2026-09-28"
"2026-09-29T04:19:50Z","ECR","Laquon Treadwell","IND","WR",NA,NA,5.9,NA,87,81.55,9.74,56,116,"2026-09-28"
"2026-09-29T04:19:50Z","ECR","Troy Franklin","DEN","WR",NA,NA,5.8,NA,88,90.97,7.26,82,106,"2026-09-28"
"2026-09-29T04:19:50Z","ECR","Chris Moore","BAL","WR",NA,NA,5.8,NA,89,87.44,4.67,76,104,"2026-09-28"
"2026-09-29T04:19:50Z","ECR","Zachariah Branch","ATL","WR",NA,NA,5.7,NA,90,93.59,6.61,85,116,"2026-09-28"
"2026-09-29T04:19:50Z","ECR","Bryce Lance","NO","WR",NA,NA,5.7,NA,91,86.57,5.11,76,96,"2026-09-28"
"2026-09-29T04:19:50Z","ECR","Jalen McMillan","TB","WR",NA,NA,5.5,NA,92,93.97,6.05,77,108,"2026-09-28"
"2026-09-29T04:19:50Z","ECR","Devontez Walker","BAL","WR",NA,NA,5.3,NA,93,93.6,4.77,79,101,"2026-09-28"
"2026-09-29T04:19:50Z","ECR","Kyle Williams","NE","WR",NA,NA,5.3,NA,94,96.03,4.3,91,109,"2026-09-28"
"2026-09-29T04:19:50Z","ECR","Olamide Zaccheaus","ATL","WR",NA,NA,5.1,NA,95,96.41,5.39,87,115,"2026-09-28"
"2026-09-29T04:19:50Z","ECR","Skyy Moore","GB","WR",NA,NA,5.1,NA,96,98.65,6.63,89,123,"2026-09-28"
"2026-09-29T04:19:50Z","ECR","Konata Mumpfield","LA","WR",NA,NA,4.8,NA,97,99.88,7.64,90,126,"2026-09-28"
"2026-09-29T04:19:50Z","ECR","Jared Wayne","HOU","WR",NA,NA,4.7,NA,98,95.08,8.5,74,115,"2026-09-28"
"2026-09-29T04:19:50Z","ECR","KaVontae Turpin","DAL","WR",NA,NA,4.5,NA,99,107.46,6.51,96,125,"2026-09-28"
"2026-09-29T04:19:50Z","ECR","Tez Johnson","TB","WR",NA,NA,4.4,NA,100,106.37,9.76,92,130,"2026-09-28"
"2026-09-29T04:19:50Z","ECR","Kevin Coleman","MIA","WR",NA,NA,4.2,NA,101,97.22,9.89,87,129,"2026-09-28"
"2026-09-29T04:19:50Z","ECR","LaJohntay Wester","BAL","WR",NA,NA,4,NA,102,95.18,8.19,79,113,"2026-09-28"
"2026-09-29T04:19:50Z","ECR","Jauan Jennings","MIN","WR",NA,NA,3.9,NA,103,95.82,12.91,78,133,"2026-09-28"
"2026-09-29T04:19:50Z","ECR","Dyami Brown","WAS","WR",NA,NA,3.8,NA,104,103.83,7.74,92,134,"2026-09-28"
"2026-09-29T04:19:50Z","ECR","Travis Hunter","JAX","WR",NA,NA,3.7,NA,105,108.71,6.82,92,125,"2026-09-28"
"2026-09-29T04:19:50Z","ECR","Chimere Dike","TEN","WR",NA,NA,3.7,NA,106,114.76,14.06,97,148,"2026-09-28"
"2026-09-29T04:19:50Z","ECR","Colbie Young","CIN","WR",NA,NA,3.7,NA,107,108.62,6.31,99,129,"2026-09-28"
"2026-09-29T04:19:50Z","ECR","Xavier Smith","LA","WR",NA,NA,3.6,NA,108,111.67,8.69,102,138,"2026-09-28"
"2026-09-29T04:19:50Z","ECR","Dohnte Meyers","CIN","WR",NA,NA,3.5,NA,109,105.42,7.65,93,127,"2026-09-28"
"2026-09-29T04:19:50Z","ECR","Cyrus Allen","KC","WR",NA,NA,3.5,NA,110,118.09,11.22,102,149,"2026-09-28"
"2026-09-29T04:19:50Z","ESPN","Josh Allen","BUF","QB",23.53893535,23.53893535,23.53893535,26.893787964,NA,NA,NA,NA,NA,NA
"2026-09-29T04:19:50Z","ESPN","Lamar Jackson","BAL","QB",21.068792606,21.068792606,21.068792606,24.316766604,NA,NA,NA,NA,NA,NA
"2026-09-29T04:19:50Z","ESPN","Brock Purdy","SF","QB",20.80146335,20.80146335,20.80146335,24.38388461,NA,NA,NA,NA,NA,NA
"2026-09-29T04:19:50Z","ESPN","Jalen Hurts","PHI","QB",19.786767422,19.786767422,19.786767422,23.035498516,NA,NA,NA,NA,NA,NA
"2026-09-29T04:19:50Z","ESPN","Patrick Mahomes","KC","QB",19.619362498,19.619362498,19.619362498,22.888120543,NA,NA,NA,NA,NA,NA
"2026-09-29T04:19:50Z","ESPN","Tyler Shough","NO","QB",18.864277907,18.864277907,18.864277907,22.080141945,NA,NA,NA,NA,NA,NA
"2026-09-29T04:19:50Z","ESPN","Drake Maye","NE","QB",18.61777531,18.61777531,18.61777531,22.369339371,NA,NA,NA,NA,NA,NA
"2026-09-29T04:19:50Z","ESPN","Trevor Lawrence","JAX","QB",17.458595561,17.458595561,17.458595561,20.922015139,NA,NA,NA,NA,NA,NA
"2026-09-29T04:19:50Z","ESPN","Kyler Murray","MIN","QB",17.33309262,17.33309262,17.33309262,20.655385722,NA,NA,NA,NA,NA,NA
"2026-09-29T04:19:50Z","ESPN","Jordan Love","GB","QB",17.2626277432,17.2626277432,17.2626277432,20.6291451262,NA,NA,NA,NA,NA,NA
"2026-09-29T04:19:50Z","ESPN","Justin Herbert","LAC","QB",17.243374518,17.243374518,17.243374518,20.660264181,NA,NA,NA,NA,NA,NA
"2026-09-29T04:19:50Z","ESPN","Dak Prescott","DAL","QB",17.111110649,17.111110649,17.111110649,20.498889925,NA,NA,NA,NA,NA,NA
"2026-09-29T04:19:50Z","ESPN","Bryce Young","CAR","QB",16.732009076,16.732009076,16.732009076,19.978467875,NA,NA,NA,NA,NA,NA
"2026-09-29T04:19:50Z","ESPN","Jared Goff","DET","QB",16.6083462436,16.6083462436,16.6083462436,19.9503600086,NA,NA,NA,NA,NA,NA
"2026-09-29T04:19:50Z","ESPN","Bo Nix","DEN","QB",16.548140763,16.548140763,16.548140763,19.892056528,NA,NA,NA,NA,NA,NA
"2026-09-29T04:19:50Z","ESPN","Joe Burrow","CIN","QB",16.407218637,16.407218637,16.407218637,19.663813503,NA,NA,NA,NA,NA,NA
"2026-09-29T04:19:50Z","ESPN","C.J. Stroud","HOU","QB",16.079948824,16.079948824,16.079948824,19.385479649,NA,NA,NA,NA,NA,NA
"2026-09-29T04:19:50Z","ESPN","Sam Darnold","SEA","QB",15.8013937207,15.8013937207,15.8013937207,19.2860350567,NA,NA,NA,NA,NA,NA
"2026-09-29T04:19:50Z","ESPN","Matthew Stafford","LA","QB",15.7172335871,15.7172335871,15.7172335871,19.1755934981,NA,NA,NA,NA,NA,NA
"2026-09-29T04:19:50Z","ESPN","Baker Mayfield","TB","QB",15.586359622,15.586359622,15.586359622,18.890077416,NA,NA,NA,NA,NA,NA
"2026-09-29T04:19:50Z","ESPN","Deshaun Watson","CLE","QB",15.395096466,15.395096466,15.395096466,18.398567197,NA,NA,NA,NA,NA,NA
"2026-09-29T04:19:50Z","ESPN","Marcus Mariota","WAS","QB",15.384666807,15.384666807,15.384666807,18.88153883,NA,NA,NA,NA,NA,NA
"2026-09-29T04:19:50Z","ESPN","Geno Smith","NYJ","QB",15.138281826,15.138281826,15.138281826,18.483164392,NA,NA,NA,NA,NA,NA
"2026-09-29T04:19:50Z","ESPN","Malik Willis","MIA","QB",14.686156066,14.686156066,14.686156066,17.969643569,NA,NA,NA,NA,NA,NA
"2026-09-29T04:19:50Z","ESPN","Jameis Winston","NYG","QB",14.669803981,14.669803981,14.669803981,18.243704564,NA,NA,NA,NA,NA,NA
"2026-09-29T04:19:50Z","ESPN","Aaron Rodgers","PIT","QB",14.4151967332,14.4151967332,14.4151967332,17.6113492082,NA,NA,NA,NA,NA,NA
"2026-09-29T04:19:50Z","ESPN","Michael Penix Jr.","ATL","QB",14.1231084246,14.1231084246,14.1231084246,17.3349107826,NA,NA,NA,NA,NA,NA
"2026-09-29T04:19:50Z","ESPN","Daniel Jones","IND","QB",13.984279709,13.984279709,13.984279709,17.273419832,NA,NA,NA,NA,NA,NA
"2026-09-29T04:19:50Z","ESPN","Cam Ward","TEN","QB",13.821933355,13.821933355,13.821933355,16.907433707,NA,NA,NA,NA,NA,NA
"2026-09-29T04:19:50Z","ESPN","Jacoby Brissett","ARI","QB",13.62362012,13.62362012,13.62362012,16.760009896,NA,NA,NA,NA,NA,NA
"2026-09-29T04:19:50Z","ESPN","Kirk Cousins","LV","QB",12.9747386093,12.9747386093,12.9747386093,16.5629672293,NA,NA,NA,NA,NA,NA
"2026-09-29T04:19:50Z","ESPN","Case Keenum","CHI","QB",12.910297916,12.910297916,12.910297916,16.389634816,NA,NA,NA,NA,NA,NA
"2026-09-29T04:19:50Z","ESPN","Caleb Williams","CHI","QB",0,0,0,0,NA,NA,NA,NA,NA,NA
"2026-09-29T04:19:50Z","ESPN","Jayden Daniels","WAS","QB",0,0,0,0,NA,NA,NA,NA,NA,NA
"2026-09-29T04:19:50Z","ESPN","Jaxson Dart","NYG","QB",0,0,0,0,NA,NA,NA,NA,NA,NA
"2026-09-29T04:19:50Z","ESPN","Fernando Mendoza","LV","QB",0,0,0,0,NA,NA,NA,NA,NA,NA
"2026-09-29T04:19:50Z","ESPN","Drew Lock","SEA","QB",0,0,0,0,NA,NA,NA,NA,NA,NA
"2026-09-29T04:19:50Z","ESPN","Carson Wentz","MIN","QB",0,0,0,0,NA,NA,NA,NA,NA,NA
"2026-09-29T04:19:50Z","ESPN","Shedeur Sanders","CLE","QB",0,0,0,0,NA,NA,NA,NA,NA,NA
"2026-09-29T04:19:50Z","ESPN","Tua Tagovailoa","ATL","QB",0,0,0,0,NA,NA,NA,NA,NA,NA
"2026-09-29T04:19:50Z","ESPN","Jahmyr Gibbs","DET","RB",21.445813993,23.3929290005,25.340044008,25.432566727,NA,NA,NA,NA,NA,NA
"2026-09-29T04:19:50Z","ESPN","Kenneth Walker III","KC","RB",17.688505801,19.341908457,20.995311113,21.059692409,NA,NA,NA,NA,NA,NA
"2026-09-29T04:19:50Z","ESPN","Jonathan Taylor","IND","RB",17.579226149,19.0955878755,20.611949602,20.704208205,NA,NA,NA,NA,NA,NA
"2026-09-29T04:19:50Z","ESPN","Christian McCaffrey","SF","RB",16.304178112,18.5987463955,20.893314679,20.960086366,NA,NA,NA,NA,NA,NA
"2026-09-29T04:19:50Z","ESPN","Bijan Robinson","ATL","RB",15.088512652,17.3094892295,19.530465807,19.621927478,NA,NA,NA,NA,NA,NA
"2026-09-29T04:19:50Z","ESPN","De'Von Achane","MIA","RB",15.118411468,17.268590546,19.418769624,19.481973485,NA,NA,NA,NA,NA,NA
"2026-09-29T04:19:50Z","ESPN","Derrick Henry","BAL","RB",16.226689207,17.0030224815,17.779355756,17.870204841,NA,NA,NA,NA,NA,NA
"2026-09-29T04:19:50Z","ESPN","Ashton Jeanty","LV","RB",14.206094781,16.5361648555,18.86623493,18.944216671,NA,NA,NA,NA,NA,NA
"2026-09-29T04:19:50Z","ESPN","Saquon Barkley","PHI","RB",14.888875778,16.127106813,17.365337848,17.425865579,NA,NA,NA,NA,NA,NA
"2026-09-29T04:19:50Z","ESPN","James Cook III","BUF","RB",14.837180828,15.8934667025,16.949752577,17.059193062,NA,NA,NA,NA,NA,NA
"2026-09-29T04:19:50Z","ESPN","Chase Brown","CIN","RB",12.658234646,14.6172218935,16.576209141,16.652684933,NA,NA,NA,NA,NA,NA
"2026-09-29T04:19:50Z","ESPN","Breece Hall","NYJ","RB",13.047337453,14.6047984605,16.162259468,16.243320121,NA,NA,NA,NA,NA,NA
"2026-09-29T04:19:50Z","ESPN","Bucky Irving","TB","RB",12.620960938,14.1973818175,15.773802697,15.839857131,NA,NA,NA,NA,NA,NA
"2026-09-29T04:19:50Z","ESPN","Jaylen Warren","PIT","RB",12.58379629,14.1701393025,15.756482315,15.832380434,NA,NA,NA,NA,NA,NA
"2026-09-29T04:19:50Z","ESPN","Omarion Hampton","LAC","RB",12.691055319,13.850209261,15.009363203,15.07603431,NA,NA,NA,NA,NA,NA
"2026-09-29T04:19:50Z","ESPN","Javonte Williams","DAL","RB",12.411544664,13.7272969105,15.043049157,15.116786152,NA,NA,NA,NA,NA,NA
"2026-09-29T04:19:50Z","ESPN","Chuba Hubbard","CAR","RB",11.784191828,13.1624800475,14.540768267,14.611627901,NA,NA,NA,NA,NA,NA
"2026-09-29T04:19:50Z","ESPN","Cam Skattebo","NYG","RB",12.239371907,13.1257676225,14.012163338,14.083968937,NA,NA,NA,NA,NA,NA
"2026-09-29T04:19:50Z","ESPN","Aaron Jones Sr.","MIN","RB",11.941003709,12.7899537885,13.638903868,13.737481979,NA,NA,NA,NA,NA,NA
"2026-09-29T04:19:50Z","ESPN","Quinshon Judkins","CLE","RB",11.42346403,12.571297949,13.719131868,13.757037543,NA,NA,NA,NA,NA,NA
"2026-09-29T04:19:50Z","ESPN","Kyren Williams","LA","RB",10.568195941,11.7661288895,12.964061838,13.022408605,NA,NA,NA,NA,NA,NA
"2026-09-29T04:19:50Z","ESPN","D'Andre Swift","CHI","RB",10.57675148,11.700200134,12.823648788,12.886309441,NA,NA,NA,NA,NA,NA
"2026-09-29T04:19:50Z","ESPN","Jadarian Price","SEA","RB",10.472321327,11.2753939855,12.078466644,12.136744834,NA,NA,NA,NA,NA,NA
"2026-09-29T04:19:50Z","ESPN","David Montgomery","HOU","RB",10.369661816,11.190261378,12.01086094,12.073299686,NA,NA,NA,NA,NA,NA
"2026-09-29T04:19:50Z","ESPN","Jeremiyah Love","ARI","RB",9.604726995,11.183566665,12.762406335,12.824202372,NA,NA,NA,NA,NA,NA
"2026-09-29T04:19:50Z","ESPN","Travis Etienne Jr.","NO","RB",9.608484978,10.7724958425,11.936506707,11.983046469,NA,NA,NA,NA,NA,NA
"2026-09-29T04:19:50Z","ESPN","Rhamondre Stevenson","NE","RB",9.22997186,10.639262551,12.048553242,12.119472517,NA,NA,NA,NA,NA,NA
"2026-09-29T04:19:50Z","ESPN","J.K. Dobbins","DEN","RB",9.6206641297,10.2776090187,10.9345539077,10.9639106917,NA,NA,NA,NA,NA,NA
"2026-09-29T04:19:50Z","ESPN","Bhayshul Tuten","JAX","RB",9.293528338,10.1458845985,10.998240859,11.072748695,NA,NA,NA,NA,NA,NA
"2026-09-29T04:19:50Z","ESPN","Tony Pollard","TEN","RB",8.791355,9.6576144175,10.523873835,10.592524129,NA,NA,NA,NA,NA,NA
"2026-09-29T04:19:50Z","ESPN","TreVeyon Henderson","NE","RB",8.6504869,9.569547439,10.488607978,10.525945459,NA,NA,NA,NA,NA,NA
"2026-09-29T04:19:50Z","ESPN","Blake Corum","LA","RB",8.1847839703,8.5820409188,8.9792978673,9.0041282623,NA,NA,NA,NA,NA,NA
"2026-09-29T04:19:50Z","ESPN","Alvin Kamara","NO","RB",7.575536829,8.5797940785,9.584051328,9.63249447,NA,NA,NA,NA,NA,NA
"2026-09-29T04:19:50Z","ESPN","Emanuel Wilson","SEA","RB",7.9951192904,8.4435676009,8.8920159114,8.9338398154,NA,NA,NA,NA,NA,NA
"2026-09-29T04:19:50Z","ESPN","Jacory Croskey-Merritt","WAS","RB",7.8043380018,8.2848097538,8.7652815058,8.8531785218,NA,NA,NA,NA,NA,NA
"2026-09-29T04:19:50Z","ESPN","Tyjae Spears","TEN","RB",6.649668835,8.186465173,9.723261511,9.749986386,NA,NA,NA,NA,NA,NA
"2026-09-29T04:19:50Z","ESPN","MarShawn Lloyd","GB","RB",7.4620923617,8.0432139837,8.6243356057,8.6676770717,NA,NA,NA,NA,NA,NA
"2026-09-29T04:19:50Z","ESPN","Rachaad White","WAS","RB",6.21088739,7.746330395,9.2817734,9.314567376,NA,NA,NA,NA,NA,NA
"2026-09-29T04:19:50Z","ESPN","Woody Marks","HOU","RB",6.732784692,7.7234429495,8.714101207,8.756211327,NA,NA,NA,NA,NA,NA
"2026-09-29T04:19:50Z","ESPN","Kyle Monangai","CHI","RB",6.868363277,7.664128491,8.459893705,8.481358086,NA,NA,NA,NA,NA,NA
"2026-09-29T04:19:50Z","ESPN","RJ Harvey","DEN","RB",6.125525767,7.589648751,9.053771735,9.080754383,NA,NA,NA,NA,NA,NA
"2026-09-29T04:19:50Z","ESPN","Kaleb Johnson","GB","RB",7.1791975211,7.5390175351,7.8988375491,7.9422166821,NA,NA,NA,NA,NA,NA
"2026-09-29T04:19:50Z","ESPN","Kaelon Black","SF","RB",6.919036429,7.1463900575,7.373743686,7.417005741,NA,NA,NA,NA,NA,NA
"2026-09-29T04:19:50Z","ESPN","Tyler Allgeier","ARI","RB",5.904247791,6.711846752,7.519445713,7.539148419,NA,NA,NA,NA,NA,NA
"2026-09-29T04:19:50Z","ESPN","Kenny Gainwell","TB","RB",5.26843593,6.4239278885,7.579419847,7.618519143,NA,NA,NA,NA,NA,NA
"2026-09-29T04:19:50Z","ESPN","Chris Brooks","GB","RB",5.44602243,6.376175677,7.306328924,7.327677569,NA,NA,NA,NA,NA,NA
"2026-09-29T04:19:50Z","ESPN","Braelon Allen","NYJ","RB",5.4152573404,6.0154926539,6.6157279674,6.6463603044,NA,NA,NA,NA,NA,NA
"2026-09-29T04:19:50Z","ESPN","Justice Hill","BAL","RB",4.698421402,5.6838783235,6.669335245,6.696730295,NA,NA,NA,NA,NA,NA
"2026-09-29T04:19:50Z","ESPN","Travis Homer","PIT","RB",5.1582074743,5.6596217723,6.1610360703,6.1965235573,NA,NA,NA,NA,NA,NA
"2026-09-29T04:19:50Z","ESPN","Emmett Johnson","KC","RB",4.686639277,5.395344722,6.104050167,6.130276009,NA,NA,NA,NA,NA,NA
"2026-09-29T04:19:50Z","ESPN","Brian Robinson Jr.","ATL","RB",4.9485153026,5.3363836636,5.7242520246,5.7525428586,NA,NA,NA,NA,NA,NA
"2026-09-29T04:19:50Z","ESPN","Najee Harris","NYG","RB",4.8953189417,5.2325756442,5.5698323467,5.5928722737,NA,NA,NA,NA,NA,NA
"2026-09-29T04:19:50Z","ESPN","AJ Dillon","CAR","RB",4.6796254569,5.1684896034,5.6573537499,5.6841225229,NA,NA,NA,NA,NA,NA
"2026-09-29T04:19:50Z","ESPN","Ty Johnson","BUF","RB",3.917888485,4.586846838,5.255805191,5.278343421,NA,NA,NA,NA,NA,NA
"2026-09-29T04:19:50Z","ESPN","Keaton Mitchell","LAC","RB",3.7660721807,4.3878302022,5.0095882237,5.0332237887,NA,NA,NA,NA,NA,NA
"2026-09-29T04:19:50Z","ESPN","Chris Rodriguez Jr.","JAX","RB",4.0732776231,4.1986106856,4.3239437481,4.3405817101,NA,NA,NA,NA,NA,NA
"2026-09-29T04:19:50Z","ESPN","Samaje Perine","CIN","RB",3.471903877,4.045393514,4.618883151,4.653837277,NA,NA,NA,NA,NA,NA
"2026-09-29T04:19:50Z","ESPN","Raheim Sanders","CLE","RB",3.1972535153,3.8909990958,4.5847446763,4.6035450873,NA,NA,NA,NA,NA,NA
"2026-09-29T04:19:50Z","ESPN","Sione Vaki","DET","RB",3.3977555653,3.8732537723,4.3487519793,4.3685320023,NA,NA,NA,NA,NA,NA
"2026-09-29T04:19:50Z","ESPN","Mike Washington Jr.","LV","RB",3.1764932016,3.4426154711,3.7087377406,3.7287526906,NA,NA,NA,NA,NA,NA
"2026-09-29T04:19:50Z","ESPN","DeeJay Dallas","MIN","RB",2.6816187381,3.3079625931,3.9343064481,3.9675693861,NA,NA,NA,NA,NA,NA
"2026-09-29T04:19:50Z","ESPN","Tank Bigsby","PHI","RB",3.1565732962,3.2622866297,3.3679999632,3.3889871642,NA,NA,NA,NA,NA,NA
"2026-09-29T04:19:50Z","ESPN","Ollie Gordon II","MIA","RB",3.012472151,3.123076145,3.233680139,3.251079235,NA,NA,NA,NA,NA,NA
"2026-09-29T04:19:50Z","ESPN","Tyler Goodson","DAL","RB",2.8225213489,3.0842554899,3.3459896309,3.3621614629,NA,NA,NA,NA,NA,NA
"2026-09-29T04:19:50Z","ESPN","George Holani","SEA","RB",2.0779927884,2.6202029299,3.1624130714,3.1731072094,NA,NA,NA,NA,NA,NA
"2026-09-29T04:19:50Z","ESPN","Tyrone Tracy Jr.","NYG","RB",1.9146273606,2.4643161776,3.0140049946,3.0257768416,NA,NA,NA,NA,NA,NA
"2026-09-29T04:19:50Z","ESPN","Seth McGowan","IND","RB",2.0578479441,2.2966365296,2.5354251151,2.5479022201,NA,NA,NA,NA,NA,NA
"2026-09-29T04:19:50Z","ESPN","Kyle Juszczyk","SF","RB",1.5037777932,2.0579304347,2.6120830762,2.6195756962,NA,NA,NA,NA,NA,NA
"2026-09-29T04:19:50Z","ESPN","CJ Donaldson","NO","RB",1.6781293575,1.916381578,2.1546337985,2.1642826815,NA,NA,NA,NA,NA,NA
"2026-09-29T04:19:50Z","ESPN","Will Shipley","PHI","RB",1.5273307412,1.8603055372,2.1932803332,2.2034396262,NA,NA,NA,NA,NA,NA
"2026-09-29T04:19:50Z","ESPN","Ameer Abdullah","JAX","RB",1.2921050831,1.5570105476,1.8219160121,1.8306440791,NA,NA,NA,NA,NA,NA
"2026-09-29T04:19:50Z","ESPN","Jaleel McLaughlin","CLE","RB",1.2993304259,1.5409956889,1.7826609519,1.7878476419,NA,NA,NA,NA,NA,NA
"2026-09-29T04:19:50Z","ESPN","Nicholas Singleton","TEN","RB",1.414546867,1.414546867,1.414546867,1.42393003,NA,NA,NA,NA,NA,NA
"2026-09-29T04:19:50Z","ESPN","Tyler Badie","DEN","RB",0.992449894,1.3730190385,1.753588183,1.759012106,NA,NA,NA,NA,NA,NA
"2026-09-29T04:19:50Z","ESPN","LeQuint Allen Jr.","JAX","RB",0.9455345001,1.3126241401,1.6797137801,1.6851166511,NA,NA,NA,NA,NA,NA
"2026-09-29T04:19:50Z","ESPN","Ray Davis","BUF","RB",1.1264555791,1.2419008686,1.3573461581,1.3650733581,NA,NA,NA,NA,NA,NA
"2026-09-29T04:19:50Z","ESPN","Hunter Luepke","DAL","RB",0.9570728266,1.2287102231,1.5003476196,1.5047910026,NA,NA,NA,NA,NA,NA
"2026-09-29T04:19:50Z","ESPN","Demond Claiborne","MIN","RB",0.8688957374,1.1283616874,1.3878276374,1.3931695684,NA,NA,NA,NA,NA,NA
"2026-09-29T04:19:50Z","ESPN","Kaytron Allen","WAS","RB",1.1017925232,1.1017925232,1.1017925232,1.1089997432,NA,NA,NA,NA,NA,NA
"2026-09-29T04:19:50Z","ESPN","Alec Ingold","LAC","RB",0.5191129376,0.7732032286,1.0272935196,1.0313227416,NA,NA,NA,NA,NA,NA
"2026-09-29T04:19:50Z","ESPN","Trey McBride","ARI","TE",9.116105905,12.8155904135,16.515074922,20.2470379225,NA,NA,NA,NA,NA,NA
"2026-09-29T04:19:50Z","ESPN","Brock Bowers","LV","TE",8.130070007,11.152034708,14.173999409,17.217352359,NA,NA,NA,NA,NA,NA
"2026-09-29T04:19:50Z","ESPN","George Kittle","SF","TE",8.391170473,10.529636103,12.668101733,14.827150135,NA,NA,NA,NA,NA,NA
"2026-09-29T04:19:50Z","ESPN","Travis Kelce","KC","TE",7.782153917,10.227868361,12.673582805,15.153234813,NA,NA,NA,NA,NA,NA
"2026-09-29T04:19:50Z","ESPN","Tyler Warren","IND","TE",7.6371146512,9.9770060237,12.3168973962,14.6909198067,NA,NA,NA,NA,NA,NA
"2026-09-29T04:19:50Z","ESPN","Isaiah Likely","NYG","TE",7.609496976,9.9281792505,12.246861525,14.6037824245,NA,NA,NA,NA,NA,NA
"2026-09-29T04:19:50Z","ESPN","Dalton Kincaid","BUF","TE",7.152118016,9.3875494095,11.622980803,13.8924325745,NA,NA,NA,NA,NA,NA
"2026-09-29T04:19:50Z","ESPN","Sam LaPorta","DET","TE",6.768901995,8.98068518,11.192468365,13.425456852,NA,NA,NA,NA,NA,NA
"2026-09-29T04:19:50Z","ESPN","Terrance Ferguson","LA","TE",6.649026048,8.623785976,10.598545904,12.600352774,NA,NA,NA,NA,NA,NA
"2026-09-29T04:19:50Z","ESPN","Dalton Schultz","HOU","TE",6.179722392,8.583370524,10.987018656,13.419954077,NA,NA,NA,NA,NA,NA
"2026-09-29T04:19:50Z","ESPN","Mark Andrews","BAL","TE",6.3646060691,8.2983021101,10.2319981511,12.1970209451,NA,NA,NA,NA,NA,NA
"2026-09-29T04:19:50Z","ESPN","Tucker Kraft","GB","TE",6.2645150648,8.2683213353,10.2721276058,12.3010509433,NA,NA,NA,NA,NA,NA
"2026-09-29T04:19:50Z","ESPN","Hunter Henry","NE","TE",6.154041051,8.1125145215,10.070987992,12.0453196725,NA,NA,NA,NA,NA,NA
"2026-09-29T04:19:50Z","ESPN","Kyle Pitts Sr.","ATL","TE",5.804207297,7.8449235455,9.885639794,11.9403311925,NA,NA,NA,NA,NA,NA
"2026-09-29T04:19:50Z","ESPN","Colston Loveland","CHI","TE",5.795141626,7.74370007,9.692258514,11.66216742,NA,NA,NA,NA,NA,NA
"2026-09-29T04:19:50Z","ESPN","Harold Fannin Jr.","CLE","TE",5.6509930031,7.7211954636,9.7913979241,11.8930686436,NA,NA,NA,NA,NA,NA
"2026-09-29T04:19:50Z","ESPN","Juwan Johnson","NO","TE",5.616336528,7.395130794,9.17392506,10.986166577,NA,NA,NA,NA,NA,NA
"2026-09-29T04:19:50Z","ESPN","Oronde Gadsden","LAC","TE",5.195503571,6.9357448535,8.675986136,10.4427917625,NA,NA,NA,NA,NA,NA
"2026-09-29T04:19:50Z","ESPN","T.J. Hockenson","MIN","TE",4.652498699,6.9161193175,9.179739936,11.4632083415,NA,NA,NA,NA,NA,NA
"2026-09-29T04:19:50Z","ESPN","Jake Ferguson","DAL","TE",4.821304321,6.7643668445,8.707429368,10.6940164925,NA,NA,NA,NA,NA,NA
"2026-09-29T04:19:50Z","ESPN","Kenyon Sadiq","NYJ","TE",4.8714255841,6.6676178291,8.4638100741,10.2852891501,NA,NA,NA,NA,NA,NA
"2026-09-29T04:19:50Z","ESPN","Pat Freiermuth","PIT","TE",4.588579478,6.437590725,8.286601972,10.164677476,NA,NA,NA,NA,NA,NA
"2026-09-29T04:19:50Z","ESPN","Brenton Strange","JAX","TE",4.626420153,6.2628357915,7.89925143,9.5575388395,NA,NA,NA,NA,NA,NA
"2026-09-29T04:19:50Z","ESPN","Gunnar Helm","TEN","TE",4.358606808,6.1121331135,7.865659419,9.6432025805,NA,NA,NA,NA,NA,NA
"2026-09-29T04:19:50Z","ESPN","Cade Otton","TB","TE",4.20698873,5.8434027285,7.479816727,9.1347036925,NA,NA,NA,NA,NA,NA
"2026-09-29T04:19:50Z","ESPN","AJ Barner","SEA","TE",4.0751635338,5.3153555443,6.5555475548,7.8218189683,NA,NA,NA,NA,NA,NA
"2026-09-29T04:19:50Z","ESPN","Mike Gesicki","CIN","TE",3.806322819,5.203302458,6.600282097,8.012695976,NA,NA,NA,NA,NA,NA
"2026-09-29T04:19:50Z","ESPN","Greg Dulcich","MIA","TE",3.667008961,5.0523188395,6.437628718,7.8426808865,NA,NA,NA,NA,NA,NA
"2026-09-29T04:19:50Z","ESPN","Michael Mayer","LV","TE",3.362064019,4.806113973,6.250163927,7.713933611,NA,NA,NA,NA,NA,NA
"2026-09-29T04:19:50Z","ESPN","Evan Engram","DEN","TE",3.084700053,4.615632592,6.146565131,7.695351272,NA,NA,NA,NA,NA,NA
"2026-09-29T04:19:50Z","ESPN","Darren Waller","CAR","TE",3.361702034,4.453153503,5.544604972,6.646520648,NA,NA,NA,NA,NA,NA
"2026-09-29T04:19:50Z","ESPN","Colby Parkinson","LA","TE",2.897459454,3.881096542,4.86473363,5.868369805,NA,NA,NA,NA,NA,NA
"2026-09-29T04:19:50Z","ESPN","Ben Sinnott","WAS","TE",2.705351278,3.8508280905,4.996304903,6.1574705315,NA,NA,NA,NA,NA,NA
"2026-09-29T04:19:50Z","ESPN","Tommy Tremble","CAR","TE",2.766176514,3.7621123845,4.758048255,5.7692043545,NA,NA,NA,NA,NA,NA
"2026-09-29T04:19:50Z","ESPN","Dawson Knox","BUF","TE",2.619788141,3.3262141545,4.032640168,4.7458389865,NA,NA,NA,NA,NA,NA
"2026-09-29T04:19:50Z","ESPN","Johnny Mundt","PHI","TE",2.346764378,3.1270082485,3.907252119,4.6960451645,NA,NA,NA,NA,NA,NA
"2026-09-29T04:19:50Z","ESPN","Darnell Washington","PIT","TE",2.149477908,2.9439322345,3.738386561,4.5476822425,NA,NA,NA,NA,NA,NA
"2026-09-29T04:19:50Z","ESPN","Foster Moreau","HOU","TE",2.131507008,2.878887786,3.626268564,4.384898049,NA,NA,NA,NA,NA,NA
"2026-09-29T04:19:50Z","ESPN","Zach Ertz","PHI","TE",2.097993491,2.8178437435,3.537693996,4.2673902235,NA,NA,NA,NA,NA,NA
"2026-09-29T04:19:50Z","ESPN","Cole Kmet","CHI","TE",1.952938637,2.7861229485,3.61930726,4.4625457135,NA,NA,NA,NA,NA,NA
"2026-09-29T04:19:50Z","ESPN","Jonnu Smith","GB","TE",2.0239642935,2.7018488285,3.3797333635,4.0704386805,NA,NA,NA,NA,NA,NA
"2026-09-29T04:19:50Z","ESPN","Jeremy Ruckert","NYJ","TE",1.861220087,2.68964453,3.518068973,4.355570508,NA,NA,NA,NA,NA,NA
"2026-09-29T04:19:50Z","ESPN","John Bates","WAS","TE",1.889467615,2.6469542895,3.404440964,4.1770145425,NA,NA,NA,NA,NA,NA
"2026-09-29T04:19:50Z","ESPN","Josh Oliver","MIN","TE",1.829794814,2.572047278,3.314299742,4.068597214,NA,NA,NA,NA,NA,NA
"2026-09-29T04:19:50Z","ESPN","Noah Fant","NO","TE",1.879485986,2.5712955555,3.263105125,3.9645402585,NA,NA,NA,NA,NA,NA
"2026-09-29T04:19:50Z","ESPN","Theo Johnson","NYG","TE",1.804634788,2.3484878005,2.892340813,3.4421528525,NA,NA,NA,NA,NA,NA
"2026-09-29T04:19:50Z","ESPN","Blake Whiteheart","CLE","TE",1.651676582,2.2667721825,2.881867783,3.5053879295,NA,NA,NA,NA,NA,NA
"2026-09-29T04:19:50Z","ESPN","Cameron Latu","NE","TE",1.602313991,2.2006973755,2.79908076,3.4056597945,NA,NA,NA,NA,NA,NA
"2026-09-29T04:19:50Z","ESPN","Jelani Woods","NYJ","TE",1.604049333,2.197889301,2.791729269,3.393702659,NA,NA,NA,NA,NA,NA
"2026-09-29T04:19:50Z","ESPN","Noah Gray","KC","TE",1.598446195,2.1187053425,2.63896449,3.1642115825,NA,NA,NA,NA,NA,NA
"2026-09-29T04:19:50Z","ESPN","Jaxon Smith-Njigba","SEA","WR",13.5529633961,17.1896675506,20.8263717051,20.8984475661,NA,NA,NA,NA,NA,NA
"2026-09-29T04:19:50Z","ESPN","Amon-Ra St. Brown","DET","WR",12.5721065983,16.2123782213,19.8526498443,19.9034415073,NA,NA,NA,NA,NA,NA
"2026-09-29T04:19:50Z","ESPN","Ja'Marr Chase","CIN","WR",11.6310859488,15.2842169793,18.9373480098,18.9948361578,NA,NA,NA,NA,NA,NA
"2026-09-29T04:19:50Z","ESPN","Justin Jefferson","MIN","WR",11.3174864187,14.7868490572,18.2562116957,18.2988698717,NA,NA,NA,NA,NA,NA
"2026-09-29T04:19:50Z","ESPN","Chris Olave","NO","WR",11.720819416,14.736357935,17.751896454,17.793011466,NA,NA,NA,NA,NA,NA
"2026-09-29T04:19:50Z","ESPN","CeeDee Lamb","DAL","WR",10.7448778569,14.0284404134,17.3120029699,17.3538603469,NA,NA,NA,NA,NA,NA
"2026-09-29T04:19:50Z","ESPN","Garrett Wilson","NYJ","WR",10.1540888806,13.1192224541,16.0843560276,16.1491247496,NA,NA,NA,NA,NA,NA
"2026-09-29T04:19:50Z","ESPN","Davante Adams","LA","WR",10.460691772,13.038387517,15.616083262,15.644140452,NA,NA,NA,NA,NA,NA
"2026-09-29T04:19:50Z","ESPN","DeVonta Smith","PHI","WR",9.833874118,12.7260966785,15.618319239,15.654508027,NA,NA,NA,NA,NA,NA
"2026-09-29T04:19:50Z","ESPN","Drake London","ATL","WR",9.6524147532,12.5203359182,15.3882570832,15.4411763042,NA,NA,NA,NA,NA,NA
"2026-09-29T04:19:50Z","ESPN","Parker Washington","JAX","WR",9.5459452836,12.1943297801,14.8427142766,14.9064441766,NA,NA,NA,NA,NA,NA
"2026-09-29T04:19:50Z","ESPN","Christian Watson","GB","WR",10.2472959032,12.1372196132,14.0271433232,14.0634439992,NA,NA,NA,NA,NA,NA
"2026-09-29T04:19:50Z","ESPN","Malik Nabers","NYG","WR",9.7062838479,12.0674968239,14.4287097999,14.4703668639,NA,NA,NA,NA,NA,NA
"2026-09-29T04:19:50Z","ESPN","Tetairoa McMillan","CAR","WR",9.609981595,11.90967023,14.209358865,14.253779576,NA,NA,NA,NA,NA,NA
"2026-09-29T04:19:50Z","ESPN","Zay Flowers","BAL","WR",9.2109747554,11.5357168374,13.8604589194,13.9168458954,NA,NA,NA,NA,NA,NA
"2026-09-29T04:19:50Z","ESPN","George Pickens","DAL","WR",8.943553182,11.3702794365,13.797005691,13.851364359,NA,NA,NA,NA,NA,NA
"2026-09-29T04:19:50Z","ESPN","Jalen Coker","CAR","WR",8.367984064,11.020263571,13.672543078,13.723774423,NA,NA,NA,NA,NA,NA
"2026-09-29T04:19:50Z","ESPN","Ladd McConkey","LAC","WR",8.4525495,11.0136016795,13.574653859,13.611547898,NA,NA,NA,NA,NA,NA
"2026-09-29T04:19:50Z","ESPN","Mike Evans","SF","WR",8.70739132,10.593425747,12.479460174,12.506408095,NA,NA,NA,NA,NA,NA
"2026-09-29T04:19:50Z","ESPN","Jaylen Waddle","DEN","WR",8.0586938151,10.5733606591,13.0880275031,13.1314409831,NA,NA,NA,NA,NA,NA
"2026-09-29T04:19:50Z","ESPN","Rashee Rice","KC","WR",8.2696843865,10.4990486135,12.7284128405,12.7808742865,NA,NA,NA,NA,NA,NA
"2026-09-29T04:19:50Z","ESPN","DJ Moore","BUF","WR",8.4011392994,10.4784080554,12.5556768114,12.5914916284,NA,NA,NA,NA,NA,NA
"2026-09-29T04:19:50Z","ESPN","Emeka Egbuka","TB","WR",8.5506535664,10.4620560154,12.3734584644,12.4055209004,NA,NA,NA,NA,NA,NA
"2026-09-29T04:19:50Z","ESPN","Deebo Samuel Sr.","SF","WR",8.6255986843,10.4609102878,12.2962218913,12.3480028503,NA,NA,NA,NA,NA,NA
"2026-09-29T04:19:50Z","ESPN","Tee Higgins","CIN","WR",8.217308323,10.4486840725,12.680059822,12.707080657,NA,NA,NA,NA,NA,NA
"2026-09-29T04:19:50Z","ESPN","Xavier Worthy","KC","WR",7.9988873938,9.7070826213,11.4152778488,11.4350110378,NA,NA,NA,NA,NA,NA
"2026-09-29T04:19:50Z","ESPN","Terry McLaurin","WAS","WR",7.561374112,9.6857789415,11.810183771,11.844324299,NA,NA,NA,NA,NA,NA
"2026-09-29T04:19:50Z","ESPN","Carnell Tate","TEN","WR",7.436311834,9.59377111,11.751230386,11.795267638,NA,NA,NA,NA,NA,NA
"2026-09-29T04:19:50Z","ESPN","DK Metcalf","PIT","WR",7.749225134,9.5204257805,11.291626427,11.317723501,NA,NA,NA,NA,NA,NA
"2026-09-29T04:19:50Z","ESPN","Romeo Doubs","NE","WR",7.492074557,9.505284736,11.518494915,11.558332871,NA,NA,NA,NA,NA,NA
"2026-09-29T04:19:50Z","ESPN","Matthew Golden","GB","WR",7.5923045501,9.5001661656,11.4080277811,11.4504183561,NA,NA,NA,NA,NA,NA
"2026-09-29T04:19:50Z","ESPN","Josh Downs","IND","WR",6.964609933,9.462744145,11.960878357,12.000706069,NA,NA,NA,NA,NA,NA
"2026-09-29T04:19:50Z","ESPN","Devaughn Vele","NO","WR",7.297878196,9.4026872245,11.507496253,11.541866313,NA,NA,NA,NA,NA,NA
"2026-09-29T04:19:50Z","ESPN","Jameson Williams","DET","WR",7.6465809698,9.2852495083,10.9239180468,10.9457744588,NA,NA,NA,NA,NA,NA
"2026-09-29T04:19:50Z","ESPN","Denzel Boston","CLE","WR",7.187525146,9.2470740685,11.306622991,11.348661734,NA,NA,NA,NA,NA,NA
"2026-09-29T04:19:50Z","ESPN","Quentin Johnston","LAC","WR",7.4004522968,9.1333714818,10.8662906668,10.8962368858,NA,NA,NA,NA,NA,NA
"2026-09-29T04:19:50Z","ESPN","KC Concepcion","CLE","WR",7.3178691434,9.0965704859,10.8752718284,10.9245197894,NA,NA,NA,NA,NA,NA
"2026-09-29T04:19:50Z","ESPN","Rashid Shaheed","SEA","WR",7.5213152036,9.0732732726,10.6252313416,10.6677060526,NA,NA,NA,NA,NA,NA
"2026-09-29T04:19:50Z","ESPN","Courtland Sutton","DEN","WR",7.088170778,9.0114793675,10.934787957,10.961739624,NA,NA,NA,NA,NA,NA
"2026-09-29T04:19:50Z","ESPN","Michael Wilson","ARI","WR",6.619347609,8.9670627755,11.314777942,11.343548237,NA,NA,NA,NA,NA,NA
"2026-09-29T04:19:50Z","ESPN","Brian Thomas Jr.","JAX","WR",7.1957080447,8.9345099462,10.6733118477,10.6920614787,NA,NA,NA,NA,NA,NA
"2026-09-29T04:19:50Z","ESPN","Michael Pittman Jr.","PIT","WR",6.466812169,8.900714936,11.334617703,11.370289333,NA,NA,NA,NA,NA,NA
"2026-09-29T04:19:50Z","ESPN","Luther Burden III","CHI","WR",6.616523688,8.8891313605,11.161739033,11.202286543,NA,NA,NA,NA,NA,NA
"2026-09-29T04:19:50Z","ESPN","Jordan Addison","MIN","WR",6.724435195,8.6458295755,10.567223956,10.595386665,NA,NA,NA,NA,NA,NA
"2026-09-29T04:19:50Z","ESPN","Rome Odunze","CHI","WR",6.836909262,8.390001143,9.943093024,9.975223604,NA,NA,NA,NA,NA,NA
"2026-09-29T04:19:50Z","ESPN","Stefon Diggs","WAS","WR",5.865210551,8.338028501,10.810846451,10.844408888,NA,NA,NA,NA,NA,NA
"2026-09-29T04:19:50Z","ESPN","Khalil Shakir","BUF","WR",6.2849696852,8.3134497542,10.3419298232,10.3766040632,NA,NA,NA,NA,NA,NA
"2026-09-29T04:19:50Z","ESPN","Dontayvion Wicks","PHI","WR",6.57220128,8.23358098,9.89496068,9.932175585,NA,NA,NA,NA,NA,NA
"2026-09-29T04:19:50Z","ESPN","Tre Tucker","LV","WR",6.2951277091,8.0500991301,9.8050705511,9.8240147651,NA,NA,NA,NA,NA,NA
"2026-09-29T04:19:50Z","ESPN","Xavier Hutchinson","HOU","WR",6.3063726336,7.9284486876,9.5505247416,9.5778273596,NA,NA,NA,NA,NA,NA
"2026-09-29T04:19:50Z","ESPN","Malik Washington","MIA","WR",5.9412969183,7.8287669313,9.7162369443,9.7603909823,NA,NA,NA,NA,NA,NA
"2026-09-29T04:19:50Z","ESPN","Jakobi Meyers","JAX","WR",5.8102733595,7.5517405245,9.2932076895,9.3239024825,NA,NA,NA,NA,NA,NA
"2026-09-29T04:19:50Z","ESPN","Keenan Allen","IND","WR",5.476489444,7.510529615,9.544569786,9.586879635,NA,NA,NA,NA,NA,NA
"2026-09-29T04:19:50Z","ESPN","Rashod Bateman","BAL","WR",5.925015877,7.348639453,8.772263029,8.795451207,NA,NA,NA,NA,NA,NA
"2026-09-29T04:19:50Z","ESPN","Kayshon Boutte","HOU","WR",5.799332658,7.3468735905,8.894414523,8.919684785,NA,NA,NA,NA,NA,NA
"2026-09-29T04:19:50Z","ESPN","Mack Hollins","NE","WR",5.504628275,7.1535273095,8.802426344,8.829251118,NA,NA,NA,NA,NA,NA
"2026-09-29T04:19:50Z","ESPN","DeMario Douglas","NE","WR",5.4023357083,7.1476902623,8.8930448163,8.9337305543,NA,NA,NA,NA,NA,NA
"2026-09-29T04:19:50Z","ESPN","Chris Godwin Jr.","TB","WR",5.3966676389,7.0953785944,8.7940895499,8.8284041419,NA,NA,NA,NA,NA,NA
"2026-09-29T04:19:50Z","ESPN","Malachi Fields","NYG","WR",5.425880428,6.842316046,8.258751664,8.287663418,NA,NA,NA,NA,NA,NA
"2026-09-29T04:19:50Z","ESPN","Tre' Harris","LAC","WR",4.926109621,6.435013502,7.943917383,7.974716565,NA,NA,NA,NA,NA,NA
"2026-09-29T04:19:50Z","ESPN","Ryan Flournoy","DAL","WR",4.7564473902,6.3991381492,8.0418289082,8.0765180182,NA,NA,NA,NA,NA,NA
"2026-09-29T04:19:50Z","ESPN","Makai Lemon","PHI","WR",5.1619835722,6.3244056237,7.4868276752,7.5151898292,NA,NA,NA,NA,NA,NA
"2026-09-29T04:19:50Z","ESPN","Wan'Dale Robinson","TEN","WR",4.221063443,6.1119669055,8.002870368,8.030201992,NA,NA,NA,NA,NA,NA
"2026-09-29T04:19:50Z","ESPN","Jaylin Noel","HOU","WR",4.7266999098,6.0873084433,7.4479169768,7.4787463968,NA,NA,NA,NA,NA,NA
"2026-09-29T04:19:50Z","ESPN","Chris Bell","MIA","WR",4.673502394,5.987173641,7.300844888,7.327659054,NA,NA,NA,NA,NA,NA
"2026-09-29T04:19:50Z","ESPN","Isaiah Williams","NYJ","WR",4.3904096039,5.9310139409,7.4716182779,7.5051080449,NA,NA,NA,NA,NA,NA
"2026-09-29T04:19:50Z","ESPN","Marvin Harrison Jr.","ARI","WR",4.468776945,5.759283824,7.049790703,7.072439453,NA,NA,NA,NA,NA,NA
"2026-09-29T04:19:50Z","ESPN","Roman Wilson","PIT","WR",4.336745742,5.712747208,7.088748674,7.116835102,NA,NA,NA,NA,NA,NA
"2026-09-29T04:19:50Z","ESPN","Kalif Raymond","CHI","WR",3.7530763161,5.3994643751,7.0458524341,7.0828913761,NA,NA,NA,NA,NA,NA
"2026-09-29T04:19:50Z","ESPN","Jared Wayne","HOU","WR",4.177450095,5.3933575385,6.609264982,6.63408363,NA,NA,NA,NA,NA,NA
"2026-09-29T04:19:50Z","ESPN","Keon Coleman","BUF","WR",4.417660881,5.3881379005,6.35861492,6.377440033,NA,NA,NA,NA,NA,NA
"2026-09-29T04:19:50Z","ESPN","Calvin Ridley","TEN","WR",4.2820160602,5.3253313502,6.3686466402,6.3886936762,NA,NA,NA,NA,NA,NA
"2026-09-29T04:19:50Z","ESPN","Jalen Nailor","LV","WR",4.0671326934,5.1900470434,6.3129613934,6.3355383704,NA,NA,NA,NA,NA,NA
"2026-09-29T04:19:50Z","ESPN","Kendrick Bourne","ARI","WR",3.64615528,5.1882339465,6.730312613,6.761681874,NA,NA,NA,NA,NA,NA
"2026-09-29T04:19:50Z","ESPN","Jahan Dotson","ATL","WR",3.857005558,5.064955557,6.272905556,6.290164913,NA,NA,NA,NA,NA,NA
"2026-09-29T04:19:50Z","ESPN","Jauan Jennings","MIN","WR",3.563983887,4.8561104855,6.148237084,6.173688539,NA,NA,NA,NA,NA,NA
"2026-09-29T04:19:50Z","ESPN","Jordan Whittington","LA","WR",3.6354608029,4.8138232699,5.9921857369,6.0183160429,NA,NA,NA,NA,NA,NA
"2026-09-29T04:19:50Z","ESPN","Cooper Kupp","SEA","WR",3.741736137,4.80747439,5.873212643,5.89165596,NA,NA,NA,NA,NA,NA
"2026-09-29T04:19:50Z","ESPN","Jalen McMillan","TB","WR",3.7622084293,4.7825408713,5.8028733133,5.8212357693,NA,NA,NA,NA,NA,NA
"2026-09-29T04:19:50Z","ESPN","Ted Hurst III","TB","WR",3.716754343,4.7714176955,5.826081048,5.847608442,NA,NA,NA,NA,NA,NA
"2026-09-29T04:19:50Z","ESPN","Kevin Coleman Jr.","MIA","WR",3.670206797,4.766469162,5.862731527,5.885108025,NA,NA,NA,NA,NA,NA
"2026-09-29T04:19:50Z","ESPN","Dyami Brown","WAS","WR",3.669978997,4.7631971655,5.856415334,5.880903421,NA,NA,NA,NA,NA,NA
"2026-09-29T04:19:50Z","ESPN","Jerry Jeudy","CLE","WR",3.609254586,4.657972556,5.706690526,5.72545428,NA,NA,NA,NA,NA,NA
"2026-09-29T04:19:50Z","ESPN","Laquon Treadwell","IND","WR",3.51193796,4.644324373,5.776710786,5.799824634,NA,NA,NA,NA,NA,NA
"2026-09-29T04:19:50Z","ESPN","Chris Moore","BAL","WR",3.771615745,4.64026324,5.508910735,5.524024549,NA,NA,NA,NA,NA,NA
"2026-09-29T04:19:50Z","ESPN","Sterling Shepard","NYJ","WR",3.451046928,4.6145166615,5.777986395,5.800039737,NA,NA,NA,NA,NA,NA
"2026-09-29T04:19:50Z","ESPN","Pat Bryant","DEN","WR",3.454001369,4.6130252005,5.772049032,5.795706593,NA,NA,NA,NA,NA,NA
"2026-09-29T04:19:50Z","ESPN","Tyquan Thornton","KC","WR",3.688918422,4.489905304,5.290892186,5.303971742,NA,NA,NA,NA,NA,NA
"2026-09-29T04:19:50Z","ESPN","Isaac TeSlaa","DET","WR",3.567415235,4.419069529,5.270723823,5.288107472,NA,NA,NA,NA,NA,NA
"2026-09-29T04:19:50Z","ESPN","Skyy Moore","GB","WR",3.467616215,4.3672072925,5.26679837,5.28694921,NA,NA,NA,NA,NA,NA
"2026-09-29T04:19:50Z","ESPN","Kyle Williams","NE","WR",3.3799660456,4.2658696791,5.1517733126,5.1718044346,NA,NA,NA,NA,NA,NA
"2026-09-29T04:19:50Z","ESPN","Darnell Mooney","NYG","WR",3.3686300144,4.1589413779,4.9492527414,4.9635851364,NA,NA,NA,NA,NA,NA
"2026-09-29T04:19:50Z","ESPN","Antonio Williams","WAS","WR",3.145631571,4.131422969,5.117214367,5.137335972,NA,NA,NA,NA,NA,NA
"2026-09-29T04:19:50Z","ESPN","Elic Ayomanor","TEN","WR",3.111507244,3.940924474,4.770341704,4.787271458,NA,NA,NA,NA,NA,NA
"2026-09-29T04:19:50Z","ESPN","Jack Bech","LV","WR",2.748578322,3.7455699615,4.742561601,4.762911822,NA,NA,NA,NA,NA,NA
"2026-09-29T04:19:50Z","ESPN","Bryce Lance","NO","WR",2.885342415,3.639135074,4.392927733,4.408313867,NA,NA,NA,NA,NA,NA
"2026-09-29T04:19:50Z","ESPN","Konata Mumpfield","LA","WR",2.776624819,3.5993994245,4.42217403,4.438968198,NA,NA,NA,NA,NA,NA
"2026-09-29T04:19:50Z","ESPN","Xavier Smith","LA","WR",2.44457287,3.2213440205,3.998115171,4.013970333,NA,NA,NA,NA,NA,NA
"2026-09-29T04:19:50Z","ESPN","Olamide Zaccheaus","ATL","WR",2.212837034,3.045662701,3.878488368,3.896504386,NA,NA,NA,NA,NA,NA
"2026-09-29T04:19:50Z","ESPN","LaJohntay Wester","BAL","WR",2.418745831,3.0386252785,3.658504726,3.671157474,NA,NA,NA,NA,NA,NA
"2026-09-29T04:19:50Z","ESPN","Ryan Miller","MIA","WR",2.29438812,2.990147381,3.685906642,3.70010822,NA,NA,NA,NA,NA,NA
"2026-09-29T04:19:50Z","ESPN","Brycen Tremayne","CAR","WR",2.293974534,2.988013463,3.682052392,3.696218855,NA,NA,NA,NA,NA,NA
"2026-09-29T04:19:50Z","ESPN","Jacob Cowing","SF","WR",2.419149588,2.9722052785,3.525260969,3.536549735,NA,NA,NA,NA,NA,NA
"2026-09-29T04:19:50Z","ESPN","Travis Hunter","JAX","WR",2.1969214491,2.7997596726,3.4025978961,3.4179140351,NA,NA,NA,NA,NA,NA
"2026-09-29T04:19:50Z","ESPN","Dohnte Meyers","CIN","WR",2.0921001819,2.6436256299,3.1951510779,3.2102246799,NA,NA,NA,NA,NA,NA
"2026-09-29T04:19:50Z","ESPN","Colbie Young","CIN","WR",2.005873998,2.6428540895,3.279834181,3.29283598,NA,NA,NA,NA,NA,NA
"2026-09-29T04:19:50Z","ESPN","Troy Franklin","DEN","WR",2.1011927837,2.6111512187,3.1211096537,3.1304000397,NA,NA,NA,NA,NA,NA
"2026-09-29T04:19:50Z","ESPN","Germie Bernard","PIT","WR",1.954480827,2.547183487,3.139886147,3.151984172,NA,NA,NA,NA,NA,NA
"2026-09-29T04:19:50Z","ESPN","Bo Melton","GB","WR",2.003657011,2.53378781,3.063918609,3.074739441,NA,NA,NA,NA,NA,NA
"2026-09-29T04:19:50Z","ESPN","KhaDarel Hodge","SF","WR",2.039423506,2.4796374035,2.919851301,2.928973175,NA,NA,NA,NA,NA,NA
"2026-09-29T04:19:50Z","Sleeper","Lamar Jackson","BAL","QB",23.9992,23.9992,23.9992,27.3975,NA,NA,NA,NA,NA,NA
"2026-09-29T04:19:50Z","Sleeper","Josh Allen","BUF","QB",22.5828,22.5828,22.5828,26.583,NA,NA,NA,NA,NA,NA
"2026-09-29T04:19:50Z","Sleeper","Brock Purdy","SF","QB",20.872,20.872,20.872,24.2345,NA,NA,NA,NA,NA,NA
"2026-09-29T04:19:50Z","Sleeper","Patrick Mahomes","KC","QB",20.1564,20.1564,20.1564,23.338,NA,NA,NA,NA,NA,NA
"2026-09-29T04:19:50Z","Sleeper","Jared Goff","DET","QB",19.346,19.346,19.346,22.196,NA,NA,NA,NA,NA,NA
"2026-09-29T04:19:50Z","Sleeper","Trevor Lawrence","JAX","QB",18.7496,18.7496,18.7496,21.826,NA,NA,NA,NA,NA,NA
"2026-09-29T04:19:50Z","Sleeper","Dak Prescott","DAL","QB",18.3884,18.3884,18.3884,21.904,NA,NA,NA,NA,NA,NA
"2026-09-29T04:19:50Z","Sleeper","Tyler Shough","NO","QB",17.868,17.868,17.868,20.9765,NA,NA,NA,NA,NA,NA
"2026-09-29T04:19:50Z","Sleeper","Drake Maye","NE","QB",17.6592,17.6592,17.6592,21.3175,NA,NA,NA,NA,NA,NA
"2026-09-29T04:19:50Z","Sleeper","Jalen Hurts","PHI","QB",17.5632,17.5632,17.5632,20.8205,NA,NA,NA,NA,NA,NA
"2026-09-29T04:19:50Z","Sleeper","Kyler Murray","MIN","QB",17.0496,17.0496,17.0496,19.7475,NA,NA,NA,NA,NA,NA
"2026-09-29T04:19:50Z","Sleeper","Joe Burrow","CIN","QB",16.5158,16.5158,16.5158,20.161,NA,NA,NA,NA,NA,NA
"2026-09-29T04:19:50Z","Sleeper","Bo Nix","DEN","QB",16.4374,16.4374,16.4374,19.7605,NA,NA,NA,NA,NA,NA
"2026-09-29T04:19:50Z","Sleeper","Sam Darnold","SEA","QB",16.4214,16.4214,16.4214,19.5165,NA,NA,NA,NA,NA,NA
"2026-09-29T04:19:50Z","Sleeper","Justin Herbert","LAC","QB",16.263,16.263,16.263,19.3505,NA,NA,NA,NA,NA,NA
"2026-09-29T04:19:50Z","Sleeper","Malik Willis","MIA","QB",15.6236,15.6236,15.6236,18.343,NA,NA,NA,NA,NA,NA
"2026-09-29T04:19:50Z","Sleeper","Bryce Young","CAR","QB",15.526,15.526,15.526,18.3915,NA,NA,NA,NA,NA,NA
"2026-09-29T04:19:50Z","Sleeper","Jacoby Brissett","ARI","QB",15.3656,15.3656,15.3656,18.078,NA,NA,NA,NA,NA,NA
"2026-09-29T04:19:50Z","Sleeper","Jordan Love","GB","QB",15.3604,15.3604,15.3604,19.0105,NA,NA,NA,NA,NA,NA
"2026-09-29T04:19:50Z","Sleeper","Matthew Stafford","LA","QB",15.3538,15.3538,15.3538,18.532,NA,NA,NA,NA,NA,NA
"2026-09-29T04:19:50Z","Sleeper","Baker Mayfield","TB","QB",15.2752,15.2752,15.2752,18.2785,NA,NA,NA,NA,NA,NA
"2026-09-29T04:19:50Z","Sleeper","Geno Smith","NYJ","QB",15.148,15.148,15.148,18.2205,NA,NA,NA,NA,NA,NA
"2026-09-29T04:19:50Z","Sleeper","C.J. Stroud","HOU","QB",14.9374,14.9374,14.9374,17.8935,NA,NA,NA,NA,NA,NA
"2026-09-29T04:19:50Z","Sleeper","Kirk Cousins","LV","QB",14.2476,14.2476,14.2476,17.1765,NA,NA,NA,NA,NA,NA
"2026-09-29T04:19:50Z","Sleeper","Jameis Winston","NYG","QB",13.7406,13.7406,13.7406,16.5805,NA,NA,NA,NA,NA,NA
"2026-09-29T04:19:50Z","Sleeper","Aaron Rodgers","PIT","QB",13.3754,13.3754,13.3754,16.6445,NA,NA,NA,NA,NA,NA
"2026-09-29T04:19:50Z","Sleeper","Michael Penix","ATL","QB",12.977,12.977,12.977,15.645,NA,NA,NA,NA,NA,NA
"2026-09-29T04:19:50Z","Sleeper","Daniel Jones","IND","QB",12.9222,12.9222,12.9222,15.9345,NA,NA,NA,NA,NA,NA
"2026-09-29T04:19:50Z","Sleeper","Deshaun Watson","CLE","QB",12.597,12.597,12.597,16.041,NA,NA,NA,NA,NA,NA
"2026-09-29T04:19:50Z","Sleeper","Cam Ward","TEN","QB",12.5178,12.5178,12.5178,15.039,NA,NA,NA,NA,NA,NA
"2026-09-29T04:19:50Z","Sleeper","Marcus Mariota","WAS","QB",11.799,11.799,11.799,14.83,NA,NA,NA,NA,NA,NA
"2026-09-29T04:19:50Z","Sleeper","Case Keenum","CHI","QB",11.031,11.031,11.031,13.5885,NA,NA,NA,NA,NA,NA
"2026-09-29T04:19:50Z","Sleeper","Kinkead Dent",NA,"QB",0,0,0,0,NA,NA,NA,NA,NA,NA
"2026-09-29T04:19:50Z","Sleeper","Brett Gabbert",NA,"QB",0,0,0,0,NA,NA,NA,NA,NA,NA
"2026-09-29T04:19:50Z","Sleeper","Behren Morton","NE","QB",0,0,0,0,NA,NA,NA,NA,NA,NA
"2026-09-29T04:19:50Z","Sleeper","AJ McCarron",NA,"QB",0,0,0,0,NA,NA,NA,NA,NA,NA
"2026-09-29T04:19:50Z","Sleeper","Joe Flacco","CIN","QB",0,0,0,0,NA,NA,NA,NA,NA,NA
"2026-09-29T04:19:50Z","Sleeper","Ryan Griffin",NA,"QB",0,0,0,0,NA,NA,NA,NA,NA,NA
"2026-09-29T04:19:50Z","Sleeper","Steven Montez",NA,"QB",0,0,0,0,NA,NA,NA,NA,NA,NA
"2026-09-29T04:19:50Z","Sleeper","Max Duggan",NA,"QB",0,0,0,0,NA,NA,NA,NA,NA,NA
"2026-09-29T04:19:50Z","Sleeper","Jahmyr Gibbs","DET","RB",19.244,21.404,23.564,23.664,NA,NA,NA,NA,NA,NA
"2026-09-29T04:19:50Z","Sleeper","Christian McCaffrey","SF","RB",16.256,18.441,20.626,20.716,NA,NA,NA,NA,NA,NA
"2026-09-29T04:19:50Z","Sleeper","Jonathan Taylor","IND","RB",16.959,18.439,19.919,20.009,NA,NA,NA,NA,NA,NA
"2026-09-29T04:19:50Z","Sleeper","Kenneth Walker","KC","RB",16.657,18.427,20.197,20.287,NA,NA,NA,NA,NA,NA
"2026-09-29T04:19:50Z","Sleeper","Derrick Henry","BAL","RB",17.453,18.198,18.943,19.023,NA,NA,NA,NA,NA,NA
"2026-09-29T04:19:50Z","Sleeper","Bijan Robinson","ATL","RB",15.972,18.047,20.122,20.202,NA,NA,NA,NA,NA,NA
"2026-09-29T04:19:50Z","Sleeper","James Cook","BUF","RB",14.367,15.467,16.567,16.647,NA,NA,NA,NA,NA,NA
"2026-09-29T04:19:50Z","Sleeper","Saquon Barkley","PHI","RB",13.858,14.928,15.998,16.068,NA,NA,NA,NA,NA,NA
"2026-09-29T04:19:50Z","Sleeper","Jaylen Warren","PIT","RB",12.669,14.434,16.199,16.259,NA,NA,NA,NA,NA,NA
"2026-09-29T04:19:50Z","Sleeper","De'Von Achane","MIA","RB",12.415,14.395,16.375,16.435,NA,NA,NA,NA,NA,NA
"2026-09-29T04:19:50Z","Sleeper","Chase Brown","CIN","RB",12.257,14.177,16.097,16.177,NA,NA,NA,NA,NA,NA
"2026-09-29T04:19:50Z","Sleeper","Cam Skattebo","NYG","RB",13.18,14.155,15.13,15.2,NA,NA,NA,NA,NA,NA
"2026-09-29T04:19:50Z","Sleeper","Breece Hall","NYJ","RB",12.397,14.152,15.907,15.967,NA,NA,NA,NA,NA,NA
"2026-09-29T04:19:50Z","Sleeper","Javonte Williams","DAL","RB",12.718,14.078,15.438,15.518,NA,NA,NA,NA,NA,NA
"2026-09-29T04:19:50Z","Sleeper","Ashton Jeanty","LV","RB",11.96,13.935,15.91,15.99,NA,NA,NA,NA,NA,NA
"2026-09-29T04:19:50Z","Sleeper","Chuba Hubbard","CAR","RB",12.122,13.437,14.752,14.822,NA,NA,NA,NA,NA,NA
"2026-09-29T04:19:50Z","Sleeper","David Montgomery","HOU","RB",12.429,13.414,14.399,14.469,NA,NA,NA,NA,NA,NA
"2026-09-29T04:19:50Z","Sleeper","D'Andre Swift","CHI","RB",12.031,13.071,14.111,14.171,NA,NA,NA,NA,NA,NA
"2026-09-29T04:19:50Z","Sleeper","Bucky Irving","TB","RB",11.407,13.057,14.707,14.787,NA,NA,NA,NA,NA,NA
"2026-09-29T04:19:50Z","Sleeper","Omarion Hampton","LAC","RB",11.765,12.95,14.135,14.195,NA,NA,NA,NA,NA,NA
"2026-09-29T04:19:50Z","Sleeper","Jeremiyah Love","ARI","RB",10.925,12.795,14.665,14.725,NA,NA,NA,NA,NA,NA
"2026-09-29T04:19:50Z","Sleeper","Kyren Williams","LA","RB",11.41,12.48,13.55,13.61,NA,NA,NA,NA,NA,NA
"2026-09-29T04:19:50Z","Sleeper","Aaron Jones","MIN","RB",10.673,11.778,12.883,12.953,NA,NA,NA,NA,NA,NA
"2026-09-29T04:19:50Z","Sleeper","TreVeyon Henderson","NE","RB",10.575,11.6,12.625,12.675,NA,NA,NA,NA,NA,NA
"2026-09-29T04:19:50Z","Sleeper","Tony Pollard","TEN","RB",10.534,11.454,12.374,12.424,NA,NA,NA,NA,NA,NA
"2026-09-29T04:19:50Z","Sleeper","Quinshon Judkins","CLE","RB",10.289,11.309,12.329,12.389,NA,NA,NA,NA,NA,NA
"2026-09-29T04:19:50Z","Sleeper","Bhayshul Tuten","JAX","RB",9.711,10.531,11.351,11.411,NA,NA,NA,NA,NA,NA
"2026-09-29T04:19:50Z","Sleeper","J.K. Dobbins","DEN","RB",9.604,10.444,11.284,11.344,NA,NA,NA,NA,NA,NA
"2026-09-29T04:19:50Z","Sleeper","Travis Etienne","NO","RB",9.048,10.133,11.218,11.278,NA,NA,NA,NA,NA,NA
"2026-09-29T04:19:50Z","Sleeper","Jadarian Price","SEA","RB",8.939,9.474,10.009,10.059,NA,NA,NA,NA,NA,NA
"2026-09-29T04:19:50Z","Sleeper","Rhamondre Stevenson","NE","RB",8.197,9.472,10.747,10.787,NA,NA,NA,NA,NA,NA
"2026-09-29T04:19:50Z","Sleeper","MarShawn Lloyd","GB","RB",8.483,9.333,10.183,10.233,NA,NA,NA,NA,NA,NA
"2026-09-29T04:19:50Z","Sleeper","RJ Harvey","DEN","RB",7.871,9.316,10.761,10.801,NA,NA,NA,NA,NA,NA
"2026-09-29T04:19:50Z","Sleeper","Jacory Croskey-Merritt","WAS","RB",8.478,8.938,9.398,9.448,NA,NA,NA,NA,NA,NA
"2026-09-29T04:19:50Z","Sleeper","Blake Corum","LA","RB",7.522,7.867,8.212,8.262,NA,NA,NA,NA,NA,NA
"2026-09-29T04:19:50Z","Sleeper","Kyle Monangai","CHI","RB",6.705,7.24,7.775,7.815,NA,NA,NA,NA,NA,NA
"2026-09-29T04:19:50Z","Sleeper","Woody Marks","HOU","RB",6.25,7.05,7.85,7.89,NA,NA,NA,NA,NA,NA
"2026-09-29T04:19:50Z","Sleeper","Alvin Kamara","NO","RB",5.998,7.028,8.058,8.098,NA,NA,NA,NA,NA,NA
"2026-09-29T04:19:50Z","Sleeper","Kenny Gainwell","TB","RB",5.817,6.752,7.687,7.717,NA,NA,NA,NA,NA,NA
"2026-09-29T04:19:50Z","Sleeper","Tyjae Spears","TEN","RB",5.545,6.525,7.505,7.535,NA,NA,NA,NA,NA,NA
"2026-09-29T04:19:50Z","Sleeper","Tyler Allgeier","ARI","RB",5.762,6.447,7.132,7.172,NA,NA,NA,NA,NA,NA
"2026-09-29T04:19:50Z","Sleeper","Emanuel Wilson","SEA","RB",5.796,6.196,6.596,6.626,NA,NA,NA,NA,NA,NA
"2026-09-29T04:19:50Z","Sleeper","Chris Brooks","GB","RB",5.413,6.148,6.883,6.913,NA,NA,NA,NA,NA,NA
"2026-09-29T04:19:50Z","Sleeper","Keaton Mitchell","LAC","RB",5.443,6.058,6.673,6.703,NA,NA,NA,NA,NA,NA
"2026-09-29T04:19:50Z","Sleeper","Justice Hill","BAL","RB",4.886,5.926,6.966,6.986,NA,NA,NA,NA,NA,NA
"2026-09-29T04:19:50Z","Sleeper","Braelon Allen","NYJ","RB",5.438,5.873,6.308,6.338,NA,NA,NA,NA,NA,NA
"2026-09-29T04:19:50Z","Sleeper","Rachaad White","WAS","RB",4.322,5.667,7.012,7.042,NA,NA,NA,NA,NA,NA
"2026-09-29T04:19:50Z","Sleeper","Travis Homer","PIT","RB",4.912,5.627,6.342,6.342,NA,NA,NA,NA,NA,NA
"2026-09-29T04:19:50Z","Sleeper","Raheim Sanders","CLE","RB",4.259,5.114,5.969,5.999,NA,NA,NA,NA,NA,NA
"2026-09-29T04:19:50Z","Sleeper","George Holani","SEA","RB",4.5,5.075,5.65,5.67,NA,NA,NA,NA,NA,NA
"2026-09-29T04:19:50Z","Sleeper","Kaelon Black","SF","RB",4.645,5.065,5.485,5.515,NA,NA,NA,NA,NA,NA
"2026-09-29T04:19:50Z","Sleeper","Najee Harris","NYG","RB",4.475,4.785,5.095,5.125,NA,NA,NA,NA,NA,NA
"2026-09-29T04:19:50Z","Sleeper","Chris Rodriguez","JAX","RB",4.258,4.508,4.758,4.778,NA,NA,NA,NA,NA,NA
"2026-09-29T04:19:50Z","Sleeper","Samaje Perine","CIN","RB",3.751,4.456,5.161,5.181,NA,NA,NA,NA,NA,NA
"2026-09-29T04:19:50Z","Sleeper","Emmett Johnson","KC","RB",3.855,4.43,5.005,5.025,NA,NA,NA,NA,NA,NA
"2026-09-29T04:19:50Z","Sleeper","Tank Bigsby","PHI","RB",4.111,4.391,4.671,4.691,NA,NA,NA,NA,NA,NA
"2026-09-29T04:19:50Z","Sleeper","Kaleb Johnson","GB","RB",3.851,4.186,4.521,4.551,NA,NA,NA,NA,NA,NA
"2026-09-29T04:19:50Z","Sleeper","Brian Robinson","ATL","RB",3.703,4.043,4.383,4.403,NA,NA,NA,NA,NA,NA
"2026-09-29T04:19:50Z","Sleeper","AJ Dillon","CAR","RB",3.063,3.343,3.623,3.623,NA,NA,NA,NA,NA,NA
"2026-09-29T04:19:50Z","Sleeper","DeeJay Dallas","MIN","RB",2.666,3.286,3.906,3.916,NA,NA,NA,NA,NA,NA
"2026-09-29T04:19:50Z","Sleeper","Tyler Goodson","DAL","RB",2.832,3.242,3.652,3.672,NA,NA,NA,NA,NA,NA
"2026-09-29T04:19:50Z","Sleeper","Ollie Gordon","MIA","RB",2.832,3.177,3.522,3.542,NA,NA,NA,NA,NA,NA
"2026-09-29T04:19:50Z","Sleeper","Tyrone Tracy","NYG","RB",2.572,2.917,3.262,3.272,NA,NA,NA,NA,NA,NA
"2026-09-29T04:19:50Z","Sleeper","Mike Washington","LV","RB",2.561,2.886,3.211,3.231,NA,NA,NA,NA,NA,NA
"2026-09-29T04:19:50Z","Sleeper","Ameer Abdullah","JAX","RB",2.023,2.403,2.783,2.793,NA,NA,NA,NA,NA,NA
"2026-09-29T04:19:50Z","Sleeper","Demond Claiborne","MIN","RB",1.998,2.263,2.528,2.538,NA,NA,NA,NA,NA,NA
"2026-09-29T04:19:50Z","Sleeper","Will Shipley","PHI","RB",1.847,2.262,2.677,2.687,NA,NA,NA,NA,NA,NA
"2026-09-29T04:19:50Z","Sleeper","Ray Davis","BUF","RB",2.131,2.256,2.381,2.391,NA,NA,NA,NA,NA,NA
"2026-09-29T04:19:50Z","Sleeper","Sione Vaki","DET","RB",2.093,2.108,2.123,2.133,NA,NA,NA,NA,NA,NA
"2026-09-29T04:19:50Z","Sleeper","Ty Johnson","BUF","RB",1.731,1.976,2.221,2.231,NA,NA,NA,NA,NA,NA
"2026-09-29T04:19:50Z","Sleeper","Nicholas Singleton","TEN","RB",1.917,1.967,2.017,2.027,NA,NA,NA,NA,NA,NA
"2026-09-29T04:19:50Z","Sleeper","Kaytron Allen","WAS","RB",1.538,1.738,1.938,1.948,NA,NA,NA,NA,NA,NA
"2026-09-29T04:19:50Z","Sleeper","Seth McGowan","IND","RB",1.583,1.723,1.863,1.873,NA,NA,NA,NA,NA,NA
"2026-09-29T04:19:50Z","Sleeper","Jaleel McLaughlin","CLE","RB",1.415,1.67,1.925,1.935,NA,NA,NA,NA,NA,NA
"2026-09-29T04:19:50Z","Sleeper","LeQuint Allen","JAX","RB",1.152,1.507,1.862,1.872,NA,NA,NA,NA,NA,NA
"2026-09-29T04:19:50Z","Sleeper","Kyle Juszczyk","SF","RB",1.142,1.477,1.812,1.812,NA,NA,NA,NA,NA,NA
"2026-09-29T04:19:50Z","Sleeper","CJ Donaldson","NO","RB",1.189,1.434,1.679,1.679,NA,NA,NA,NA,NA,NA
"2026-09-29T04:19:50Z","Sleeper","Jacob Saylors","DET","RB",1.082,1.252,1.422,1.432,NA,NA,NA,NA,NA,NA
"2026-09-29T04:19:50Z","Sleeper","Hunter Luepke","DAL","RB",0.959,1.239,1.519,1.519,NA,NA,NA,NA,NA,NA
"2026-09-29T04:19:50Z","Sleeper","Tyler Badie","DEN","RB",0.955,1.185,1.415,1.415,NA,NA,NA,NA,NA,NA
"2026-09-29T04:19:50Z","Sleeper","Trey McBride","ARI","TE",9.771,13.336,16.901,20.496,NA,NA,NA,NA,NA,NA
"2026-09-29T04:19:50Z","Sleeper","Dalton Kincaid","BUF","TE",8.381,10.806,13.231,15.676,NA,NA,NA,NA,NA,NA
"2026-09-29T04:19:50Z","Sleeper","Brock Bowers","LV","TE",7.59,10.32,13.05,15.8,NA,NA,NA,NA,NA,NA
"2026-09-29T04:19:50Z","Sleeper","George Kittle","SF","TE",7.908,10.058,12.208,14.378,NA,NA,NA,NA,NA,NA
"2026-09-29T04:19:50Z","Sleeper","Sam LaPorta","DET","TE",7.731,10.021,12.311,14.621,NA,NA,NA,NA,NA,NA
"2026-09-29T04:19:50Z","Sleeper","Mark Andrews","BAL","TE",7.316,9.551,11.786,14.041,NA,NA,NA,NA,NA,NA
"2026-09-29T04:19:50Z","Sleeper","Tucker Kraft","GB","TE",7.644,9.549,11.454,13.379,NA,NA,NA,NA,NA,NA
"2026-09-29T04:19:50Z","Sleeper","Travis Kelce","KC","TE",7.077,9.372,11.667,13.982,NA,NA,NA,NA,NA,NA
"2026-09-29T04:19:50Z","Sleeper","Dalton Schultz","HOU","TE",6.741,9.256,11.771,14.306,NA,NA,NA,NA,NA,NA
"2026-09-29T04:19:50Z","Sleeper","Hunter Henry","NE","TE",6.307,8.477,10.647,12.837,NA,NA,NA,NA,NA,NA
"2026-09-29T04:19:50Z","Sleeper","Juwan Johnson","NO","TE",6.227,8.252,10.277,12.322,NA,NA,NA,NA,NA,NA
"2026-09-29T04:19:50Z","Sleeper","Tyler Warren","IND","TE",5.9,8.095,10.29,12.505,NA,NA,NA,NA,NA,NA
"2026-09-29T04:19:50Z","Sleeper","Isaiah Likely","NYG","TE",5.97,7.9,9.83,11.77,NA,NA,NA,NA,NA,NA
"2026-09-29T04:19:50Z","Sleeper","Colston Loveland","CHI","TE",6.071,7.781,9.491,11.211,NA,NA,NA,NA,NA,NA
"2026-09-29T04:19:50Z","Sleeper","Kyle Pitts","ATL","TE",5.97,7.74,9.51,11.29,NA,NA,NA,NA,NA,NA
"2026-09-29T04:19:50Z","Sleeper","Harold Fannin","CLE","TE",5.687,7.572,9.457,11.352,NA,NA,NA,NA,NA,NA
"2026-09-29T04:19:50Z","Sleeper","Oronde Gadsden","LAC","TE",5.685,7.355,9.025,10.705,NA,NA,NA,NA,NA,NA
"2026-09-29T04:19:50Z","Sleeper","Jake Ferguson","DAL","TE",5.382,7.307,9.232,11.177,NA,NA,NA,NA,NA,NA
"2026-09-29T04:19:50Z","Sleeper","Brenton Strange","JAX","TE",5.418,7.288,9.158,11.038,NA,NA,NA,NA,NA,NA
"2026-09-29T04:19:50Z","Sleeper","Pat Freiermuth","PIT","TE",5.245,7.035,8.825,10.625,NA,NA,NA,NA,NA,NA
"2026-09-29T04:19:50Z","Sleeper","AJ Barner","SEA","TE",5.539,6.999,8.459,9.929,NA,NA,NA,NA,NA,NA
"2026-09-29T04:19:50Z","Sleeper","T.J. Hockenson","MIN","TE",5.132,6.942,8.752,10.572,NA,NA,NA,NA,NA,NA
"2026-09-29T04:19:50Z","Sleeper","Kenyon Sadiq","NYJ","TE",4.965,6.81,8.655,10.51,NA,NA,NA,NA,NA,NA
"2026-09-29T04:19:50Z","Sleeper","Darren Waller","CAR","TE",4.948,6.408,7.868,9.338,NA,NA,NA,NA,NA,NA
"2026-09-29T04:19:50Z","Sleeper","Terrance Ferguson","LA","TE",4.916,6.281,7.646,9.021,NA,NA,NA,NA,NA,NA
"2026-09-29T04:19:50Z","Sleeper","Gunnar Helm","TEN","TE",3.949,5.699,7.449,9.209,NA,NA,NA,NA,NA,NA
"2026-09-29T04:19:50Z","Sleeper","Cade Otton","TB","TE",4.092,5.672,7.252,8.842,NA,NA,NA,NA,NA,NA
"2026-09-29T04:19:50Z","Sleeper","Greg Dulcich","MIA","TE",4.111,5.521,6.931,8.351,NA,NA,NA,NA,NA,NA
"2026-09-29T04:19:50Z","Sleeper","Mike Gesicki","CIN","TE",3.799,5.084,6.369,7.664,NA,NA,NA,NA,NA,NA
"2026-09-29T04:19:50Z","Sleeper","Colby Parkinson","LA","TE",3.665,4.805,5.945,7.095,NA,NA,NA,NA,NA,NA
"2026-09-29T04:19:50Z","Sleeper","Evan Engram","DEN","TE",2.982,4.127,5.272,6.427,NA,NA,NA,NA,NA,NA
"2026-09-29T04:19:50Z","Sleeper","Michael Mayer","LV","TE",2.473,3.598,4.723,5.858,NA,NA,NA,NA,NA,NA
"2026-09-29T04:19:50Z","Sleeper","Dawson Knox","BUF","TE",2.738,3.483,4.228,4.983,NA,NA,NA,NA,NA,NA
"2026-09-29T04:19:50Z","Sleeper","Noah Fant","NO","TE",2.285,3.04,3.795,4.56,NA,NA,NA,NA,NA,NA
"2026-09-29T04:19:50Z","Sleeper","Darnell Washington","PIT","TE",2.135,2.92,3.705,4.5,NA,NA,NA,NA,NA,NA
"2026-09-29T04:19:50Z","Sleeper","Theo Johnson","NYG","TE",2.181,2.811,3.441,4.071,NA,NA,NA,NA,NA,NA
"2026-09-29T04:19:50Z","Sleeper","Cole Kmet","CHI","TE",2.064,2.774,3.484,4.204,NA,NA,NA,NA,NA,NA
"2026-09-29T04:19:50Z","Sleeper","Jeremy Ruckert","NYJ","TE",1.905,2.75,3.595,4.45,NA,NA,NA,NA,NA,NA
"2026-09-29T04:19:50Z","Sleeper","Noah Gray","KC","TE",2.039,2.719,3.399,4.089,NA,NA,NA,NA,NA,NA
"2026-09-29T04:19:50Z","Sleeper","Elijah Arroyo","SEA","TE",1.996,2.561,3.126,3.691,NA,NA,NA,NA,NA,NA
"2026-09-29T04:19:50Z","Sleeper","Jonnu Smith","GB","TE",1.853,2.548,3.243,3.948,NA,NA,NA,NA,NA,NA
"2026-09-29T04:19:50Z","Sleeper","Foster Moreau","HOU","TE",1.814,2.434,3.054,3.674,NA,NA,NA,NA,NA,NA
"2026-09-29T04:19:50Z","Sleeper","Johnny Mundt","PHI","TE",1.722,2.367,3.012,3.657,NA,NA,NA,NA,NA,NA
"2026-09-29T04:19:50Z","Sleeper","Tommy Tremble","CAR","TE",1.671,2.311,2.951,3.591,NA,NA,NA,NA,NA,NA
"2026-09-29T04:19:50Z","Sleeper","Zach Ertz","PHI","TE",1.677,2.282,2.887,3.492,NA,NA,NA,NA,NA,NA
"2026-09-29T04:19:50Z","Sleeper","Durham Smythe","BAL","TE",1.566,2.111,2.656,3.201,NA,NA,NA,NA,NA,NA
"2026-09-29T04:19:50Z","Sleeper","Erick All","CIN","TE",1.525,2.11,2.695,3.28,NA,NA,NA,NA,NA,NA
"2026-09-29T04:19:50Z","Sleeper","Josh Oliver","MIN","TE",1.467,1.957,2.447,2.937,NA,NA,NA,NA,NA,NA
"2026-09-29T04:19:50Z","Sleeper","Ben Sinnott","WAS","TE",1.277,1.927,2.577,3.227,NA,NA,NA,NA,NA,NA
"2026-09-29T04:19:50Z","Sleeper","Will Kacmarek","MIA","TE",1.362,1.927,2.492,3.057,NA,NA,NA,NA,NA,NA
"2026-09-29T04:19:50Z","Sleeper","Jaxon Smith-Njigba","SEA","WR",15.229,18.574,21.919,21.949,NA,NA,NA,NA,NA,NA
"2026-09-29T04:19:50Z","Sleeper","Amon-Ra St. Brown","DET","WR",13.119,16.419,19.719,19.749,NA,NA,NA,NA,NA,NA
"2026-09-29T04:19:50Z","Sleeper","Chris Olave","NO","WR",12.138,14.998,17.858,17.878,NA,NA,NA,NA,NA,NA
"2026-09-29T04:19:50Z","Sleeper","CeeDee Lamb","DAL","WR",11.354,14.379,17.404,17.434,NA,NA,NA,NA,NA,NA
"2026-09-29T04:19:50Z","Sleeper","Ja'Marr Chase","CIN","WR",10.978,13.873,16.768,16.788,NA,NA,NA,NA,NA,NA
"2026-09-29T04:19:50Z","Sleeper","Justin Jefferson","MIN","WR",10.913,13.798,16.683,16.703,NA,NA,NA,NA,NA,NA
"2026-09-29T04:19:50Z","Sleeper","Christian Watson","GB","WR",11.682,13.647,15.612,15.632,NA,NA,NA,NA,NA,NA
"2026-09-29T04:19:50Z","Sleeper","Garrett Wilson","NYJ","WR",10.354,13.149,15.944,15.964,NA,NA,NA,NA,NA,NA
"2026-09-29T04:19:50Z","Sleeper","Parker Washington","JAX","WR",10.244,12.739,15.234,15.254,NA,NA,NA,NA,NA,NA
"2026-09-29T04:19:50Z","Sleeper","DeVonta Smith","PHI","WR",10.024,12.639,15.254,15.274,NA,NA,NA,NA,NA,NA
"2026-09-29T04:19:50Z","Sleeper","George Pickens","DAL","WR",9.851,12.376,14.901,14.921,NA,NA,NA,NA,NA,NA
"2026-09-29T04:19:50Z","Sleeper","Jalen Coker","CAR","WR",9.501,12.096,14.691,14.711,NA,NA,NA,NA,NA,NA
"2026-09-29T04:19:50Z","Sleeper","Zay Flowers","BAL","WR",9.824,11.934,14.044,14.064,NA,NA,NA,NA,NA,NA
"2026-09-29T04:19:50Z","Sleeper","Tetairoa McMillan","CAR","WR",9.528,11.858,14.188,14.208,NA,NA,NA,NA,NA,NA
"2026-09-29T04:19:50Z","Sleeper","Davante Adams","LA","WR",9.287,11.767,14.247,14.267,NA,NA,NA,NA,NA,NA
"2026-09-29T04:19:50Z","Sleeper","Ladd McConkey","LAC","WR",9.167,11.652,14.137,14.157,NA,NA,NA,NA,NA,NA
"2026-09-29T04:19:50Z","Sleeper","Tee Higgins","CIN","WR",9.439,11.484,13.529,13.549,NA,NA,NA,NA,NA,NA
"2026-09-29T04:19:50Z","Sleeper","Malik Nabers","NYG","WR",8.955,11.36,13.765,13.785,NA,NA,NA,NA,NA,NA
"2026-09-29T04:19:50Z","Sleeper","Drake London","ATL","WR",8.801,11.136,13.471,13.491,NA,NA,NA,NA,NA,NA
"2026-09-29T04:19:50Z","Sleeper","Jaylen Waddle","DEN","WR",8.721,11.026,13.331,13.351,NA,NA,NA,NA,NA,NA
"2026-09-29T04:19:50Z","Sleeper","Jameson Williams","DET","WR",9.039,10.884,12.729,12.749,NA,NA,NA,NA,NA,NA
"2026-09-29T04:19:50Z","Sleeper","Mike Evans","SF","WR",8.769,10.674,12.579,12.599,NA,NA,NA,NA,NA,NA
"2026-09-29T04:19:50Z","Sleeper","DJ Moore","BUF","WR",8.799,10.584,12.369,12.389,NA,NA,NA,NA,NA,NA
"2026-09-29T04:19:50Z","Sleeper","Rashee Rice","KC","WR",7.997,10.102,12.207,12.227,NA,NA,NA,NA,NA,NA
"2026-09-29T04:19:50Z","Sleeper","Michael Wilson","ARI","WR",8.003,9.978,11.953,11.973,NA,NA,NA,NA,NA,NA
"2026-09-29T04:19:50Z","Sleeper","Deebo Samuel","SF","WR",7.56,9.45,11.34,11.36,NA,NA,NA,NA,NA,NA
"2026-09-29T04:19:50Z","Sleeper","DK Metcalf","PIT","WR",7.63,9.41,11.19,11.21,NA,NA,NA,NA,NA,NA
"2026-09-29T04:19:50Z","Sleeper","Matthew Golden","GB","WR",7.185,9.18,11.175,11.195,NA,NA,NA,NA,NA,NA
"2026-09-29T04:19:50Z","Sleeper","Rashod Bateman","BAL","WR",7.422,9.152,10.882,10.892,NA,NA,NA,NA,NA,NA
"2026-09-29T04:19:50Z","Sleeper","Josh Downs","IND","WR",6.793,8.973,11.153,11.173,NA,NA,NA,NA,NA,NA
"2026-09-29T04:19:50Z","Sleeper","Xavier Worthy","KC","WR",7.185,8.795,10.405,10.425,NA,NA,NA,NA,NA,NA
"2026-09-29T04:19:50Z","Sleeper","Courtland Sutton","DEN","WR",6.867,8.557,10.247,10.257,NA,NA,NA,NA,NA,NA
"2026-09-29T04:19:50Z","Sleeper","Denzel Boston","CLE","WR",6.813,8.453,10.093,10.103,NA,NA,NA,NA,NA,NA
"2026-09-29T04:19:50Z","Sleeper","Luther Burden","CHI","WR",6.479,8.384,10.289,10.309,NA,NA,NA,NA,NA,NA
"2026-09-29T04:19:50Z","Sleeper","Malik Washington","MIA","WR",6.228,8.183,10.138,10.158,NA,NA,NA,NA,NA,NA
"2026-09-29T04:19:50Z","Sleeper","Emeka Egbuka","TB","WR",6.521,8.141,9.761,9.771,NA,NA,NA,NA,NA,NA
"2026-09-29T04:19:50Z","Sleeper","Devaughn Vele","NO","WR",6.183,8.098,10.013,10.033,NA,NA,NA,NA,NA,NA
"2026-09-29T04:19:50Z","Sleeper","Terry McLaurin","WAS","WR",6.224,8.014,9.804,9.814,NA,NA,NA,NA,NA,NA
"2026-09-29T04:19:50Z","Sleeper","Khalil Shakir","BUF","WR",5.822,7.937,10.052,10.072,NA,NA,NA,NA,NA,NA
"2026-09-29T04:19:50Z","Sleeper","Romeo Doubs","NE","WR",6.099,7.739,9.379,9.389,NA,NA,NA,NA,NA,NA
"2026-09-29T04:19:50Z","Sleeper","Dontayvion Wicks","PHI","WR",6.134,7.739,9.344,9.354,NA,NA,NA,NA,NA,NA
"2026-09-29T04:19:50Z","Sleeper","Jordan Addison","MIN","WR",6.271,7.731,9.191,9.201,NA,NA,NA,NA,NA,NA
"2026-09-29T04:19:50Z","Sleeper","Quentin Johnston","LAC","WR",6.224,7.649,9.074,9.084,NA,NA,NA,NA,NA,NA
"2026-09-29T04:19:50Z","Sleeper","Chris Godwin","TB","WR",5.84,7.64,9.44,9.46,NA,NA,NA,NA,NA,NA
"2026-09-29T04:19:50Z","Sleeper","KC Concepcion","CLE","WR",5.793,7.633,9.473,9.493,NA,NA,NA,NA,NA,NA
"2026-09-29T04:19:50Z","Sleeper","Michael Pittman","PIT","WR",5.7,7.55,9.4,9.41,NA,NA,NA,NA,NA,NA
"2026-09-29T04:19:50Z","Sleeper","Brian Thomas","JAX","WR",5.918,7.488,9.058,9.068,NA,NA,NA,NA,NA,NA
"2026-09-29T04:19:50Z","Sleeper","Kayshon Boutte","HOU","WR",5.968,7.408,8.848,8.858,NA,NA,NA,NA,NA,NA
"2026-09-29T04:19:50Z","Sleeper","Stefon Diggs","WAS","WR",5.57,7.395,9.22,9.23,NA,NA,NA,NA,NA,NA
"2026-09-29T04:19:50Z","Sleeper","Rome Odunze","CHI","WR",5.843,7.368,8.893,8.903,NA,NA,NA,NA,NA,NA
"2026-09-29T04:19:50Z","Sleeper","Tre Tucker","LV","WR",5.816,7.341,8.866,8.876,NA,NA,NA,NA,NA,NA
"2026-09-29T04:19:50Z","Sleeper","Carnell Tate","TEN","WR",5.396,7.201,9.006,9.016,NA,NA,NA,NA,NA,NA
"2026-09-29T04:19:50Z","Sleeper","Rashid Shaheed","SEA","WR",5.863,7.138,8.413,8.423,NA,NA,NA,NA,NA,NA
"2026-09-29T04:19:50Z","Sleeper","Wan'Dale Robinson","TEN","WR",5.074,6.954,8.834,8.844,NA,NA,NA,NA,NA,NA
"2026-09-29T04:19:50Z","Sleeper","Isaiah Williams","NYJ","WR",4.82,6.86,8.9,8.92,NA,NA,NA,NA,NA,NA
"2026-09-29T04:19:50Z","Sleeper","Mack Hollins","NE","WR",5.084,6.799,8.514,8.524,NA,NA,NA,NA,NA,NA
"2026-09-29T04:19:50Z","Sleeper","Jakobi Meyers","JAX","WR",5.077,6.752,8.427,8.437,NA,NA,NA,NA,NA,NA
"2026-09-29T04:19:50Z","Sleeper","Xavier Hutchinson","HOU","WR",5.011,6.411,7.811,7.821,NA,NA,NA,NA,NA,NA
"2026-09-29T04:19:50Z","Sleeper","Marvin Harrison","ARI","WR",5.118,6.358,7.598,7.608,NA,NA,NA,NA,NA,NA
"2026-09-29T04:19:50Z","Sleeper","Ryan Flournoy","DAL","WR",4.807,6.312,7.817,7.827,NA,NA,NA,NA,NA,NA
"2026-09-29T04:19:50Z","Sleeper","Cooper Kupp","SEA","WR",4.866,6.071,7.276,7.286,NA,NA,NA,NA,NA,NA
"2026-09-29T04:19:50Z","Sleeper","Keenan Allen","IND","WR",4.368,6.053,7.738,7.748,NA,NA,NA,NA,NA,NA
"2026-09-29T04:19:50Z","Sleeper","Pat Bryant","DEN","WR",4.519,5.959,7.399,7.409,NA,NA,NA,NA,NA,NA
"2026-09-29T04:19:50Z","Sleeper","Tre' Harris","LAC","WR",4.451,5.876,7.301,7.311,NA,NA,NA,NA,NA,NA
"2026-09-29T04:19:50Z","Sleeper","Jauan Jennings","MIN","WR",4.75,5.835,6.92,6.93,NA,NA,NA,NA,NA,NA
"2026-09-29T04:19:50Z","Sleeper","DeMario Douglas","NE","WR",4.305,5.805,7.305,7.325,NA,NA,NA,NA,NA,NA
"2026-09-29T04:19:50Z","Sleeper","Tyquan Thornton","KC","WR",4.662,5.737,6.812,6.822,NA,NA,NA,NA,NA,NA
"2026-09-29T04:19:50Z","Sleeper","Kalif Raymond","CHI","WR",4.323,5.708,7.093,7.103,NA,NA,NA,NA,NA,NA
"2026-09-29T04:19:50Z","Sleeper","Keon Coleman","BUF","WR",4.378,5.563,6.748,6.758,NA,NA,NA,NA,NA,NA
"2026-09-29T04:19:50Z","Sleeper","Jalen Nailor","LV","WR",4.463,5.563,6.663,6.673,NA,NA,NA,NA,NA,NA
"2026-09-29T04:19:50Z","Sleeper","Malachi Fields","NYG","WR",4.029,5.099,6.169,6.179,NA,NA,NA,NA,NA,NA
"2026-09-29T04:19:50Z","Sleeper","Chris Bell","MIA","WR",4.026,5.066,6.106,6.116,NA,NA,NA,NA,NA,NA
"2026-09-29T04:19:50Z","Sleeper","Jaylin Noel","HOU","WR",4.021,5.026,6.031,6.041,NA,NA,NA,NA,NA,NA
"2026-09-29T04:19:50Z","Sleeper","Jerry Jeudy","CLE","WR",3.675,4.895,6.115,6.125,NA,NA,NA,NA,NA,NA
"2026-09-29T04:19:50Z","Sleeper","Makai Lemon","PHI","WR",3.368,4.693,6.018,6.028,NA,NA,NA,NA,NA,NA
"2026-09-29T04:19:50Z","Sleeper","Roman Wilson","PIT","WR",3.519,4.589,5.659,5.669,NA,NA,NA,NA,NA,NA
"2026-09-29T04:19:50Z","Sleeper","Ted Hurst","TB","WR",3.59,4.53,5.47,5.48,NA,NA,NA,NA,NA,NA
"2026-09-29T04:19:50Z","Sleeper","Kendrick Bourne","ARI","WR",3.353,4.473,5.593,5.603,NA,NA,NA,NA,NA,NA
"2026-09-29T04:19:50Z","Sleeper","Calvin Ridley","TEN","WR",3.409,4.289,5.169,5.179,NA,NA,NA,NA,NA,NA
"2026-09-29T04:19:50Z","Sleeper","Jack Bech","LV","WR",3.22,4.15,5.08,5.09,NA,NA,NA,NA,NA,NA
"2026-09-29T04:19:50Z","Sleeper","Kevin Coleman","MIA","WR",3.188,4.098,5.008,5.018,NA,NA,NA,NA,NA,NA
"2026-09-29T04:19:50Z","Sleeper","Darnell Mooney","NYG","WR",3.262,4.077,4.892,4.902,NA,NA,NA,NA,NA,NA
"2026-09-29T04:19:50Z","Sleeper","Skyy Moore","GB","WR",3.04,3.865,4.69,4.7,NA,NA,NA,NA,NA,NA
"2026-09-29T04:19:50Z","Sleeper","Isaac TeSlaa","DET","WR",3.122,3.802,4.482,4.492,NA,NA,NA,NA,NA,NA
"2026-09-29T04:19:50Z","Sleeper","Elic Ayomanor","TEN","WR",2.953,3.668,4.383,4.393,NA,NA,NA,NA,NA,NA
"2026-09-29T04:19:50Z","Sleeper","Germie Bernard","PIT","WR",2.823,3.553,4.283,4.293,NA,NA,NA,NA,NA,NA
"2026-09-29T04:19:50Z","Sleeper","Laquon Treadwell","IND","WR",2.956,3.551,4.146,4.146,NA,NA,NA,NA,NA,NA
"2026-09-29T04:19:50Z","Sleeper","Antonio Williams","WAS","WR",2.67,3.54,4.41,4.42,NA,NA,NA,NA,NA,NA
"2026-09-29T04:19:50Z","Sleeper","Bryce Lance","NO","WR",2.701,3.526,4.351,4.361,NA,NA,NA,NA,NA,NA
"2026-09-29T04:19:50Z","Sleeper","Sterling Shepard","NYJ","WR",2.552,3.482,4.412,4.412,NA,NA,NA,NA,NA,NA
"2026-09-29T04:19:50Z","Sleeper","Jahan Dotson","ATL","WR",2.6,3.32,4.04,4.05,NA,NA,NA,NA,NA,NA
"2026-09-29T04:19:50Z","Sleeper","Devontez Walker","BAL","WR",2.607,3.107,3.607,3.607,NA,NA,NA,NA,NA,NA
"2026-09-29T04:19:50Z","Sleeper","Tory Horton","SEA","WR",2.467,3.022,3.577,3.577,NA,NA,NA,NA,NA,NA
"2026-09-29T04:19:50Z","Sleeper","Jordan Whittington","LA","WR",2.168,3.018,3.868,3.878,NA,NA,NA,NA,NA,NA
"2026-09-29T04:19:50Z","Sleeper","Jared Wayne","HOU","WR",2.222,2.927,3.632,3.632,NA,NA,NA,NA,NA,NA
"2026-09-29T04:19:50Z","Sleeper","Jalen Tolbert","MIA","WR",2.208,2.838,3.468,3.468,NA,NA,NA,NA,NA,NA
"2026-09-29T04:19:50Z","Sleeper","Chris Moore","BAL","WR",2.296,2.806,3.316,3.316,NA,NA,NA,NA,NA,NA
"2026-09-29T04:19:50Z","Sleeper","Olamide Zaccheaus","ATL","WR",2.115,2.705,3.295,3.305,NA,NA,NA,NA,NA,NA
"2026-09-29T04:19:50Z","Sleeper","Zachariah Branch","ATL","WR",1.969,2.674,3.379,3.389,NA,NA,NA,NA,NA,NA
"2026-09-29T04:19:50Z","Sleeper","Kyle Williams","NE","WR",2.077,2.617,3.157,3.157,NA,NA,NA,NA,NA,NA
"2026-09-29T04:19:50Z","Sleeper","KaVontae Turpin","DAL","WR",2.119,2.514,2.909,2.919,NA,NA,NA,NA,NA,NA
"2026-09-29T04:19:50Z","Sleeper","Joshua Palmer","BUF","WR",1.883,2.418,2.953,2.963,NA,NA,NA,NA,NA,NA
"2026-09-29T04:19:50Z","Sleeper","Colbie Young","CIN","WR",1.72,2.35,2.98,2.99,NA,NA,NA,NA,NA,NA
"2026-09-29T04:19:50Z","Sleeper","Jacob Cowing","SF","WR",1.845,2.325,2.805,2.805,NA,NA,NA,NA,NA,NA
"2026-09-29T04:19:50Z","Sleeper","Dohnte Meyers","CIN","WR",1.789,2.304,2.819,2.819,NA,NA,NA,NA,NA,NA
"2026-09-29T04:19:50Z","Sleeper","Josh Cameron","JAX","WR",1.601,1.981,2.361,2.371,NA,NA,NA,NA,NA,NA
"2026-09-29T04:19:50Z","Sleeper","LaJohntay Wester","BAL","WR",1.568,1.963,2.358,2.368,NA,NA,NA,NA,NA,NA
"2026-09-29T04:19:50Z","Sleeper","Darius Cooper","PHI","WR",1.456,1.946,2.436,2.436,NA,NA,NA,NA,NA,NA
"2026-09-29T04:19:50Z","Sleeper","Jalen McMillan","TB","WR",1.47,1.845,2.22,2.22,NA,NA,NA,NA,NA,NA
"2026-09-29T04:19:50Z","Sleeper","Isaiah Bond","CLE","WR",1.461,1.746,2.031,2.031,NA,NA,NA,NA,NA,NA
