"pulled_at","source","gsis_id","name","team","pos","status","practice","injury"
"2026-09-29T06:35:21Z","report","00-0033119","Jacoby Brissett","ARI","QB",NA,"Full Participation in Practice","Hip"
"2026-09-29T06:35:21Z","report","00-0036212","Tua Tagovailoa","ATL","QB",NA,"Full Participation in Practice","Oblique"
"2026-09-29T06:35:21Z","report","00-0037317","Nick Muse","ATL","TE",NA,"Full Participation in Practice","Shoulder"
"2026-09-29T06:35:21Z","report","00-0037746","Brian Robinson","ATL","RB",NA,"Full Participation in Practice","Ankle"
"2026-09-29T06:35:21Z","report","00-0039917","Michael Penix Jr.","ATL","QB",NA,"Full Participation in Practice","Knee"
"2026-09-29T06:35:21Z","report","00-0032398","Chris Moore","BAL","WR",NA,"Full Participation in Practice","Ankle"
"2026-09-29T06:35:21Z","report","00-0039064","Zay Flowers","BAL","WR","Questionable","Limited Participation in Practice","Hamstring"
"2026-09-29T06:35:21Z","report","00-0034827","DJ Moore","BUF","WR","Questionable","Limited Participation in Practice","Shoulder"
"2026-09-29T06:35:21Z","report","00-0035537","Ty Johnson","BUF","RB",NA,"Full Participation in Practice","Hamstring"
"2026-09-29T06:35:21Z","report","00-0039901","Keon Coleman","BUF","WR","Questionable","Limited Participation in Practice","Ankle"
"2026-09-29T06:35:21Z","report","00-0031610","Darren Waller","CAR","TE",NA,"Full Participation in Practice","Not injury related - resting player"
"2026-09-29T06:35:21Z","report","00-0039342","Xavier Legette","CAR","WR","Questionable","Limited Participation in Practice","Knee"
"2026-09-29T06:35:21Z","report","00-0039491","Jalen Coker","CAR","WR","Questionable","Limited Participation in Practice","Ankle"
"2026-09-29T06:35:21Z","report","00-0038416","Tyson Bagent","CHI","QB","Questionable","Full Participation in Practice","Concussion"
"2026-09-29T06:35:21Z","report","00-0039918","Caleb Williams","CHI","QB","Out","Did Not Participate In Practice","Hamstring"
"2026-09-29T06:35:21Z","report","00-0040236","Kyle Monangai","CHI","RB",NA,"Full Participation in Practice","Knee"
"2026-09-29T06:35:21Z","report","00-0038619","Andrei Iosivas","CIN","WR","Out","Did Not Participate In Practice","Thumb"
"2026-09-29T06:35:21Z","report","00-0040784","Quinshon Judkins","CLE","RB",NA,"Full Participation in Practice","Not injury related - personal matter"
"2026-09-29T06:35:21Z","report","00-0036158","J.K. Dobbins","DEN","RB",NA,"Full Participation in Practice","Hip"
"2026-09-29T06:35:21Z","report","00-0038976","Marvin Mims Jr.","DEN","WR","Questionable","Limited Participation in Practice","Foot"
"2026-09-29T06:35:21Z","report","00-0040730","RJ Harvey","DEN","RB",NA,"Full Participation in Practice","Hamstring"
"2026-09-29T06:35:21Z","report","00-0041496","Jonah Coleman","DEN","RB","Out","Did Not Participate In Practice","Ankle"
"2026-09-29T06:35:21Z","report","00-0037091","Bo Melton","GB","WR",NA,"Full Participation in Practice","Neck"
"2026-09-29T06:35:21Z","report","00-0039146","Jayden Reed","GB","WR","Out","Did Not Participate In Practice","Neck"
"2026-09-29T06:35:21Z","report","00-0034383","Dalton Schultz","HOU","TE",NA,"Did Not Participate In Practice","Not injury related - resting player"
"2026-09-29T06:35:21Z","report","00-0036554","Nico Collins","HOU","WR","Out","Did Not Participate In Practice","Hamstring"
"2026-09-29T06:35:21Z","report","00-0030279","Keenan Allen","IND","WR",NA,"Full Participation in Practice","Not injury related - resting player"
"2026-09-29T06:35:21Z","report","00-0032951","Laquon Treadwell","IND","WR",NA,"Full Participation in Practice","Shoulder"
"2026-09-29T06:35:21Z","report","00-0035021","Ashton Dulin","IND","WR","Out","Did Not Participate In Practice","Ankle"
"2026-09-29T06:35:21Z","report","00-0036223","Jonathan Taylor","IND","RB",NA,"Full Participation in Practice","Not injury related - resting player"
"2026-09-29T06:35:21Z","report","00-0037664","Alec Pierce","IND","WR","Out","Did Not Participate In Practice","Heel"
"2026-09-29T06:35:21Z","report","00-0034960","Jakobi Meyers","JAX","WR",NA,"Full Participation in Practice","Thumb"
"2026-09-29T06:35:21Z","report","00-0040238","LeQuint Allen Jr.","JAX","RB",NA,"Limited Participation in Practice","Hip"
"2026-09-29T06:35:21Z","report","00-0033873","Patrick Mahomes","KC","QB",NA,"Full Participation in Practice","Knee"
"2026-09-29T06:35:21Z","report","00-0039067","Rashee Rice","KC","WR",NA,"Full Participation in Practice","Knee"
"2026-09-29T06:35:21Z","report","00-0036244","Colby Parkinson","LA","TE","Questionable","Did Not Participate In Practice","Knee"
"2026-09-29T06:35:21Z","report","00-0039075","Puka Nacua","LA","WR","Doubtful","Did Not Participate In Practice","Hip"
"2026-09-29T06:35:21Z","report","00-0039751","Jordan Whittington","LA","WR",NA,"Full Participation in Practice","Quadricep"
"2026-09-29T06:35:21Z","report","00-0040737","Terrance Ferguson","LA","TE",NA,"Full Participation in Practice","Ankle"
"2026-09-29T06:35:21Z","report","00-0037012","Trey Lance","LAC","QB","Questionable","Limited Participation in Practice","Groin"
"2026-09-29T06:35:21Z","report","00-0038046","Charlie Kolar","LAC","TE","Out","Did Not Participate In Practice","Forearm"
"2026-09-29T06:35:21Z","report","00-0039915","Ladd McConkey","LAC","WR",NA,"Full Participation in Practice","Rib"
"2026-09-29T06:35:21Z","report","00-0041550","Brenen Thompson","LAC","WR","Out","Did Not Participate In Practice","Quadricep"
"2026-09-29T06:35:21Z","report","00-0037093","Dareke Young","LV","WR",NA,"Full Participation in Practice","Hamstring"
"2026-09-29T06:35:21Z","report","00-0038579","Aidan O'Connell","LV","QB","Questionable","Did Not Participate In Practice","Not injury related - personal matter"
"2026-09-29T06:35:21Z","report","00-0039338","Brock Bowers","LV","TE","Questionable","Did Not Participate In Practice","Knee"
"2026-09-29T06:35:21Z","report","00-0038824","Ryan Miller","MIA","WR","Questionable","Full Participation in Practice","Hip"
"2026-09-29T06:35:21Z","report","00-0039874","Jaylen Wright","MIA","RB","Doubtful","Did Not Participate In Practice","Stinger"
"2026-09-29T06:35:21Z","report","00-0041523","Caleb Douglas","MIA","WR","Out","Did Not Participate In Practice","Ankle"
"2026-09-29T06:35:21Z","report","00-0041525","Chris Bell","MIA","WR",NA,"Full Participation in Practice","Knee"
"2026-09-29T06:35:21Z","report","00-0041579","Seydou Traore","MIA","TE",NA,"Full Participation in Practice","Thumb"
"2026-09-29T06:35:21Z","report","00-0033293","Aaron Jones","MIN","RB",NA,"Full Participation in Practice","Knee"
"2026-09-29T06:35:21Z","report","00-0036425","DeeJay Dallas","MIN","RB",NA,"Full Participation in Practice","Toe"
"2026-09-29T06:35:21Z","report","00-0036187","Reggie Gilliam","NE","RB",NA,"Limited Participation in Practice","Knee"
"2026-09-29T06:35:21Z","report","00-0041395","Eli Raridon","NE","TE","Questionable","Did Not Participate In Practice","Thigh"
"2026-09-29T06:35:21Z","report","00-0036973","Travis Etienne","NO","RB",NA,"Full Participation in Practice","Hamstring"
"2026-09-29T06:35:21Z","report","00-0038551","Kendre Miller","NO","RB",NA,"Full Participation in Practice","Illness"
"2026-09-29T06:35:21Z","report","00-0041099","Barion Brown","NO","WR","Out","Did Not Participate In Practice","Hamstring"
"2026-09-29T06:35:21Z","report","00-0039337","Malik Nabers","NYG","WR",NA,"Full Participation in Practice","Shoulder"
"2026-09-29T06:35:21Z","report","00-0040691","Jaxson Dart","NYG","QB",NA,"Did Not Participate In Practice","Knee"
"2026-09-29T06:35:21Z","report","00-0036842","Kene Nwangwu","NYJ","RB","Doubtful","Did Not Participate In Practice","Back"
"2026-09-29T06:35:21Z","report","00-0039890","Adonai Mitchell","NYJ","WR","Questionable","Limited Participation in Practice","Finger"
"2026-09-29T06:35:21Z","report","00-0040736","Mason Taylor","NYJ","TE","Out","Did Not Participate In Practice","Thumb"
"2026-09-29T06:35:21Z","report","00-0034351","Dallas Goedert","PHI","TE","Out","Did Not Participate In Practice","Knee"
"2026-09-29T06:35:21Z","report","00-0034844","Saquon Barkley","PHI","RB",NA,"Full Participation in Practice","Neck"
"2026-09-29T06:35:21Z","report","00-0035662","Marquise Brown","PHI","WR","Out","Did Not Participate In Practice","Ankle"
"2026-09-29T06:35:21Z","report","00-0036912","DeVonta Smith","PHI","WR",NA,"Full Participation in Practice","Hamstring"
"2026-09-29T06:35:21Z","report","00-0038555","Tank Bigsby","PHI","RB",NA,"Full Participation in Practice","Abdomen"
"2026-09-29T06:35:21Z","report","00-0039746","Will Shipley","PHI","RB",NA,"Limited Participation in Practice","Foot"
"2026-09-29T06:35:21Z","report","00-0036139","Rico Dowdle","PIT","RB","Out","Did Not Participate In Practice","Toe"
"2026-09-29T06:35:21Z","report","00-0036252","Michael Pittman","PIT","WR","Questionable","Limited Participation in Practice","Foot"
"2026-09-29T06:35:21Z","report","00-0037228","Jaylen Warren","PIT","RB","Questionable","Limited Participation in Practice","Shoulder"
"2026-09-29T06:35:21Z","report","00-0033908","Cooper Kupp","SEA","WR",NA,"Limited Participation in Practice","Back"
"2026-09-29T06:35:21Z","report","00-0034869","Sam Darnold","SEA","QB",NA,"Full Participation in Practice","Glute"
"2026-09-29T06:35:21Z","report","00-0038488","Brady Russell","SEA","RB",NA,"Full Participation in Practice","Chest"
"2026-09-29T06:35:21Z","report","00-0039299","George Holani","SEA","RB",NA,"Full Participation in Practice","Knee"
"2026-09-29T06:35:21Z","report","00-0041512","Jadarian Price","SEA","RB",NA,"Full Participation in Practice","Chest"
"2026-09-29T06:35:21Z","report","00-0031408","Mike Evans","SF","WR","Questionable","Limited Participation in Practice","Hip"
"2026-09-29T06:35:21Z","report","00-0032775","Demarcus Robinson","SF","WR","Out","Did Not Participate In Practice","Ankle"
"2026-09-29T06:35:21Z","report","00-0033280","Christian McCaffrey","SF","RB",NA,"Full Participation in Practice","Not injury related - resting player"
"2026-09-29T06:35:21Z","report","00-0034855","Baker Mayfield","TB","QB",NA,"Full Participation in Practice","Illness"
"2026-09-29T06:35:21Z","report","00-0039855","Jalen McMillan","TB","WR",NA,"Full Participation in Practice","Knee"
"2026-09-29T06:35:21Z","report","00-0035261","Tony Pollard","TEN","RB",NA,"Limited Participation in Practice","Ankle"
"2026-09-29T06:35:21Z","report","00-0038115","Daniel Bellinger","TEN","TE",NA,"Limited Participation in Practice","Illness"
"2026-09-29T06:35:21Z","report","00-0039032","Tyjae Spears","TEN","RB","Questionable","Limited Participation in Practice","Ankle"
"2026-09-29T06:35:21Z","report","00-0037809","Chig Okonkwo","WAS","TE","Out","Did Not Participate In Practice","Hamstring"
"2026-09-29T06:35:21Z","report","00-0039910","Jayden Daniels","WAS","QB","Out","Did Not Participate In Practice","Elbow"
"2026-09-29T06:35:21Z","report","00-0040164","Jaylin Lane","WAS","WR",NA,"Full Participation in Practice","Groin"
"2026-09-29T06:35:21Z","report","00-0041096","Kaytron Allen","WAS","RB",NA,"Full Participation in Practice","Hip"
"2026-09-29T06:35:21Z","sleeper",NA,"Adam Randall","BAL","RB","IR",NA,"Undisclosed"
"2026-09-29T06:35:21Z","sleeper",NA,"Behren Morton","NE","QB","Out",NA,"Coach's Decision"
"2026-09-29T06:35:21Z","sleeper",NA,"Jake Tonges","SF","TE","IR",NA,"Knee"
"2026-09-29T06:35:21Z","sleeper",NA,"Pierre Strong","GB","RB","Questionable",NA,"Hamstring"
"2026-09-29T06:35:21Z","sleeper",NA,"Trey Sermon","ATL","RB","IR",NA,"Undisclosed"
"2026-09-29T06:35:21Z","sleeper",NA,"Johnny Wilson","PHI","WR","IR",NA,"Knee"
"2026-09-29T06:35:21Z","sleeper",NA,"Corey Rucker","LV","WR","IR",NA,"Undisclosed"
"2026-09-29T06:35:21Z","sleeper",NA,"Rachaad White","WAS","RB","Questionable",NA,"Shoulder"
"2026-09-29T06:35:21Z","sleeper",NA,"Jayden Reed","GB","WR","Out",NA,"Neck"
"2026-09-29T06:35:21Z","sleeper",NA,"CJ Williams","JAX","WR","Out",NA,"Coach's Decision"
"2026-09-29T06:35:21Z","sleeper",NA,"CJ Daniels","LA","WR","Out",NA,"Coach's Decision"
"2026-09-29T06:35:21Z","sleeper",NA,"Jack Endries","CIN","TE","Out",NA,"Coach's Decision"
"2026-09-29T06:35:21Z","sleeper",NA,"Brenen Thompson","LAC","WR","Out",NA,"Quadriceps"
"2026-09-29T06:35:21Z","sleeper",NA,"Eli Raridon","NE","TE","Out",NA,"Thigh"
"2026-09-29T06:35:21Z","sleeper",NA,"Elijah Sarratt","BAL","WR","Out",NA,"Coach's Decision"
"2026-09-29T06:35:21Z","sleeper","00-0035250","Devin Singletary","NYG","RB","Out",NA,"Coach's Decision"
"2026-09-29T06:35:21Z","sleeper",NA,"Zach Wilson","NO","QB","Out",NA,"Coach's Decision"
"2026-09-29T06:35:21Z","sleeper",NA,"Sam Ehlinger","DEN","QB","Out",NA,"Coach's Decision"
"2026-09-29T06:35:21Z","sleeper",NA,"John Michael Gyllenborg","KC","TE","IR",NA,"Knee"
"2026-09-29T06:35:21Z","sleeper","00-0033662","Cooper Rush","ATL","QB","Out",NA,"Coach's Decision"
"2026-09-29T06:35:21Z","sleeper",NA,"Will Mallory","IND","TE","IR",NA,"Thumb"
"2026-09-29T06:35:21Z","sleeper",NA,"Isiah Pacheco","DET","RB","IR",NA,"Back"
"2026-09-29T06:35:21Z","sleeper",NA,"Trey Benson","ARI","RB","IR",NA,"Knee"
"2026-09-29T06:35:21Z","sleeper",NA,"Jimmy Holiday","KC","WR","IR",NA,"Undisclosed"
"2026-09-29T06:35:21Z","sleeper",NA,"Jake Bobo","SEA","WR","IR",NA,"Knee"
"2026-09-29T06:35:21Z","sleeper","00-0032775","Demarcus Robinson","SF","WR","IR",NA,"Ankle"
"2026-09-29T06:35:21Z","sleeper",NA,"Grant Calcaterra","PHI","TE","IR",NA,"Back"
"2026-09-29T06:35:21Z","sleeper",NA,"Calvin Austin","NYG","WR","IR",NA,"Knee"
"2026-09-29T06:35:21Z","sleeper",NA,"Jaren Kanak","TEN","TE","IR",NA,"Pectoral"
"2026-09-29T06:35:21Z","sleeper",NA,"Myles Montgomery","NE","RB","IR",NA,"Undisclosed"
"2026-09-29T06:35:21Z","sleeper",NA,"Montorie Foster","SEA","WR","Out",NA,"Coach's Decision"
"2026-09-29T06:35:21Z","sleeper",NA,"Eli Stowers","PHI","TE","IR",NA,"Hamstring"
"2026-09-29T06:35:21Z","sleeper",NA,"Jalen McMillan","TB","WR","Out",NA,"Knee - PCL"
"2026-09-29T06:35:21Z","sleeper","00-0033955","Jeremy McNichols","WAS","RB","IR",NA,"Quadriceps"
"2026-09-29T06:35:21Z","sleeper","00-0034855","Baker Mayfield","TB","QB","Out",NA,"Thumb"
"2026-09-29T06:35:21Z","sleeper","00-0033553","James Conner","ARI","RB","IR",NA,"Foot"
"2026-09-29T06:35:21Z","sleeper",NA,"Michael Carter","TEN","RB","Out",NA,"Coach's Decision"
"2026-09-29T06:35:21Z","sleeper",NA,"Isaac Guerendo","SF","RB","PUP",NA,"Pectoral"
"2026-09-29T06:35:21Z","sleeper",NA,"Carson Beck","ARI","QB","Out",NA,"Coach's Decision"
"2026-09-29T06:35:21Z","sleeper",NA,"Ricky Pearsall","SF","WR","IR",NA,"Knee - PCL"
"2026-09-29T06:35:21Z","sleeper",NA,"Nico Collins","HOU","WR","Out",NA,"Hamstring"
"2026-09-29T06:35:21Z","sleeper",NA,"Terrance Ferguson","LA","TE","Questionable",NA,"Ankle"
"2026-09-29T06:35:21Z","sleeper","00-0035249","Josh Oliver","MIN","TE","Out",NA,"Biceps"
"2026-09-29T06:35:21Z","sleeper",NA,"Jordan Mason","MIN","RB","IR",NA,"Thumb"
"2026-09-29T06:35:21Z","sleeper",NA,"Caleb Douglas","MIA","WR","Out",NA,"Ankle"
"2026-09-29T06:35:21Z","sleeper",NA,"Rico Dowdle","PIT","RB","Out",NA,"Toe"
"2026-09-29T06:35:21Z","sleeper",NA,"Mason Tipton","NO","WR","PUP",NA,"Groin"
"2026-09-29T06:35:21Z","sleeper",NA,"Caleb Lohner","DEN","TE","IR",NA,"Lower Body"
"2026-09-29T06:35:21Z","sleeper","00-0035406","Lil'Jordan Humphrey","DEN","WR","Out",NA,"Coach's Decision"
"2026-09-29T06:35:21Z","sleeper",NA,"Treyton Welch","NO","TE","Out",NA,"Coach's Decision"
"2026-09-29T06:35:21Z","sleeper",NA,"Skylar Thompson","BAL","QB","IR",NA,"Undisclosed"
"2026-09-29T06:35:21Z","sleeper",NA,"Haynes King","CAR","QB","Out",NA,"Coach's Decision"
"2026-09-29T06:35:21Z","sleeper","00-0031408","Mike Evans","SF","WR","Out",NA,"Ribs"
"2026-09-29T06:35:21Z","sleeper",NA,"Tutu Atwell","LA","WR","Out",NA,"Coach's Decision"
"2026-09-29T06:35:21Z","sleeper","00-0034611","Donnie Ernsberger","TEN","TE","Questionable",NA,NA
"2026-09-29T06:35:21Z","sleeper",NA,"Nikola Kalinic","CHI","TE","IR",NA,"Knee"
"2026-09-29T06:35:21Z","sleeper",NA,"RJ Harvey","DEN","RB","Questionable",NA,"Concussion"
"2026-09-29T06:35:21Z","sleeper",NA,"Savion Williams","GB","WR","IR",NA,"Undisclosed"
"2026-09-29T06:35:21Z","sleeper",NA,"Eli Heidenreich","PIT","RB","Out",NA,"Coach's Decision"
"2026-09-29T06:35:21Z","sleeper",NA,"Irv Charles","SEA","WR","IR",NA,"Undisclosed"
"2026-09-29T06:35:21Z","sleeper","00-0033375","Tim Patrick","NYJ","WR","IR",NA,"Groin"
"2026-09-29T06:35:21Z","sleeper",NA,"Cole Payton","PHI","QB","Out",NA,"Coach's Decision"
"2026-09-29T06:35:21Z","sleeper",NA,"Robbie Ouzts","SEA","RB","IR",NA,"Undisclosed"
"2026-09-29T06:35:21Z","sleeper",NA,"Puka Nacua","LA","WR","Out",NA,"Hip"
"2026-09-29T06:35:21Z","sleeper",NA,"Andrei Iosivas","CIN","WR","IR",NA,"Thumb"
"2026-09-29T06:35:21Z","sleeper",NA,"De'Zhaun Stribling","SF","WR","IR",NA,"Ankle"
"2026-09-29T06:35:21Z","sleeper","00-0035676","A.J. Brown","NE","WR","IR",NA,"Ankle"
"2026-09-29T06:35:21Z","sleeper","00-0035645","Gunner Olszewski","NYG","WR","IR",NA,"Achilles"
"2026-09-29T06:35:21Z","sleeper",NA,"Chris Brazzell","CAR","WR","IR",NA,"Knee"
"2026-09-29T06:35:21Z","sleeper",NA,"Alec Pierce","IND","WR","IR",NA,"Heel"
"2026-09-29T06:35:21Z","sleeper",NA,"Jaxson Dart","NYG","QB","IR",NA,"Knee - Meniscus"
"2026-09-29T06:35:21Z","sleeper",NA,"J.J. McCarthy","NYG","QB","Out",NA,"Coach's Decision"
"2026-09-29T06:35:21Z","sleeper",NA,"Jeff Caldwell","KC","WR","IR",NA,"Knee"
"2026-09-29T06:35:21Z","sleeper",NA,"Riley Leonard","IND","QB","Out",NA,"Coach's Decision"
"2026-09-29T06:35:21Z","sleeper","00-0034351","Dallas Goedert","PHI","TE","Out",NA,"Knee - MCL"
"2026-09-29T06:35:21Z","sleeper",NA,"Ollie Gordon","MIA","RB","Questionable",NA,"Undisclosed"
"2026-09-29T06:35:21Z","sleeper","00-0034439","Tyler Conklin","DET","TE","Out",NA,"Coach's Decision"
"2026-09-29T06:35:21Z","sleeper",NA,"De'Von Achane","MIA","RB","IR",NA,"Knee - ACL"
"2026-09-29T06:35:21Z","sleeper",NA,"Marvin Mims","DEN","WR","Out",NA,"Foot"
"2026-09-29T06:35:21Z","sleeper",NA,"Thomas Yassmin","GB","TE","IR",NA,"Undisclosed"
"2026-09-29T06:35:21Z","sleeper",NA,"Will Howard","PIT","QB","Out",NA,"Coach's Decision"
"2026-09-29T06:35:21Z","sleeper",NA,"DJ Rogers","DAL","TE","IR",NA,"Knee"
"2026-09-29T06:35:21Z","sleeper","00-0035662","Marquise Brown","PHI","WR","Out",NA,"Ankle"
"2026-09-29T06:35:21Z","sleeper",NA,"Julian Hill","NE","TE","IR",NA,"Knee"
"2026-09-29T06:35:21Z","sleeper",NA,"Thomas Fidone","NYG","TE","Out",NA,"Coach's Decision"
"2026-09-29T06:35:21Z","sleeper",NA,"Aidan O'Connell","LV","QB","Out",NA,"Personal"
"2026-09-29T06:35:21Z","sleeper",NA,"Jack Bech","LV","WR","Out",NA,"Forearm"
"2026-09-29T06:35:21Z","sleeper",NA,"Brevin Jordan","HOU","TE","Out",NA,"Coach's Decision"
"2026-09-29T06:35:21Z","sleeper",NA,"Moliki Matavao","NO","TE","IR",NA,"Knee"
"2026-09-29T06:35:21Z","sleeper",NA,"Kurtis Rourke","SF","QB","Out",NA,"Coach's Decision"
"2026-09-29T06:35:21Z","sleeper",NA,"Jared Wiley","KC","TE","Out",NA,"Coach's Decision"
"2026-09-29T06:35:21Z","sleeper",NA,"Trevor Etienne","CAR","RB","IR",NA,"Ankle"
"2026-09-29T06:35:21Z","sleeper",NA,"Arian Smith","NYJ","WR","IR",NA,"Knee"
"2026-09-29T06:35:21Z","sleeper",NA,"Ty Simpson","LA","QB","Out",NA,"Coach's Decision"
"2026-09-29T06:35:21Z","sleeper",NA,"Brittain Brown","CHI","RB","IR",NA,"Undisclosed"
"2026-09-29T06:35:21Z","sleeper",NA,"Dont'e Thornton","LV","WR","IR",NA,"Undisclosed"
"2026-09-29T06:35:21Z","sleeper",NA,"Jeremiah Webb","NE","WR","IR",NA,"Arm"
"2026-09-29T06:35:21Z","sleeper",NA,"DJ Uiagalelei","LAC","QB","Out",NA,"Coach's Decision"
"2026-09-29T06:35:21Z","sleeper",NA,"Luke Musgrave","GB","TE","PUP",NA,"Undisclosed"
"2026-09-29T06:35:21Z","sleeper",NA,"Jordyn Tyson","NO","WR","IR",NA,"Hamstring"
"2026-09-29T06:35:21Z","sleeper",NA,"Brady Cook","MIA","QB","Out",NA,"Coach's Decision"
"2026-09-29T06:35:21Z","sleeper",NA,"Kene Nwangwu","NYJ","RB","Out",NA,"Back"
"2026-09-29T06:35:21Z","sleeper",NA,"Camden Brown","DAL","WR","Out",NA,"Coach's Decision"
"2026-09-29T06:35:21Z","sleeper",NA,"Omar Cooper","NYJ","WR","IR",NA,"Ankle"
"2026-09-29T06:35:21Z","sleeper",NA,"Ben Yurosek","MIN","TE","IR",NA,"Undisclosed"
"2026-09-29T06:35:21Z","sleeper",NA,"Travis Etienne","NO","RB","Out",NA,"Hamstring"
"2026-09-29T06:35:21Z","sleeper",NA,"Tyjae Spears","TEN","RB","Questionable",NA,"Ankle"
"2026-09-29T06:35:21Z","sleeper",NA,"Ronnie Rivers","LA","RB","IR",NA,"Calf"
"2026-09-29T06:35:21Z","sleeper",NA,"Matthew Caldwell","LA","QB","IR",NA,"Undisclosed"
"2026-09-29T06:35:21Z","sleeper",NA,"Barion Brown","NO","WR","Out",NA,"Hamstring"
"2026-09-29T06:35:21Z","sleeper",NA,"Jonathon Brooks","CAR","RB","IR",NA,"Abdomen"
"2026-09-29T06:35:21Z","sleeper",NA,"Dylan Sampson","CLE","RB","IR",NA,"Knee"
"2026-09-29T06:35:21Z","sleeper",NA,"Reggie Virgil","ARI","WR","Out",NA,"Coach's Decision"
"2026-09-29T06:35:21Z","sleeper",NA,"Dallen Bentley","DEN","TE","Out",NA,"Coach's Decision"
"2026-09-29T06:35:21Z","sleeper","00-0034775","Christian Kirk","SF","WR","IR",NA,"Calf"
"2026-09-29T06:35:21Z","sleeper",NA,"Jalen Coker","CAR","WR","Out",NA,"Quadriceps"
"2026-09-29T06:35:21Z","sleeper",NA,"Mason Taylor","NYJ","TE","Out",NA,"Thumb"
"2026-09-29T06:35:21Z","sleeper","00-0035359","David Sills","TB","WR","IR",NA,"Undisclosed"
"2026-09-29T06:35:21Z","sleeper",NA,"Carson Towt","IND","TE","IR",NA,"Undisclosed"
"2026-09-29T06:35:21Z","sleeper",NA,"Graham Mertz","HOU","QB","IR",NA,"Knee - ACL"
"2026-09-29T06:35:21Z","sleeper",NA,"Emari Demercado","DAL","RB","Out",NA,"Coach's Decision"
"2026-09-29T06:35:21Z","sleeper",NA,"Dillon Gabriel","CLE","QB","IR",NA,"Back"
"2026-09-29T06:35:21Z","sleeper",NA,"Ty Chandler","NO","RB","IR",NA,"Knee"
"2026-09-29T06:35:21Z","sleeper",NA,"Xavier Legette","CAR","WR","Out",NA,"Knee"
"2026-09-29T06:35:21Z","sleeper",NA,"Justin Shorter","LV","WR","IR",NA,"Undisclosed"
"2026-09-29T06:35:21Z","sleeper",NA,"Colbie Young","CIN","WR","Out",NA,"Knee"
"2026-09-29T06:35:21Z","sleeper","00-0034753","Mark Andrews","BAL","TE","Questionable",NA,"Hand"
"2026-09-29T06:35:21Z","sleeper",NA,"Jayden Higgins","HOU","WR","IR",NA,"Knee - ACL"
"2026-09-29T06:35:21Z","sleeper",NA,"Tylan Wallace","CLE","WR","Questionable",NA,"Knee"
"2026-09-29T06:35:21Z","sleeper",NA,"Garrett Nussmeier","KC","QB","Out",NA,"Coach's Decision"
"2026-09-29T06:35:21Z","sleeper",NA,"Justin Jefferson","MIN","WR","Out",NA,"Ankle"
"2026-09-29T06:35:21Z","sleeper",NA,"Tyrell Shavers","BUF","WR","PUP",NA,"Knee - ACL"
"2026-09-29T06:35:21Z","sleeper",NA,"Ja'Tavion Sanders","CAR","TE","Out",NA,"Coach's Decision"
"2026-09-29T06:35:21Z","sleeper",NA,"Tanner McKee","PHI","QB","Out",NA,"Coach's Decision"
"2026-09-29T06:35:21Z","sleeper","00-0035045","D.J. Montgomery","IND","WR","IR",NA,"Abdomen"
"2026-09-29T06:35:21Z","sleeper",NA,"Adonai Mitchell","NYJ","WR","Out",NA,"Finger"
"2026-09-29T06:35:21Z","sleeper",NA,"DJ Giddens","IND","RB","Out",NA,"Coach's Decision"
"2026-09-29T06:35:21Z","sleeper","00-0034857","Josh Allen","BUF","QB","Questionable",NA,"Knee"
"2026-09-29T06:35:21Z","sleeper",NA,"Kylen Granson","TEN","TE","Out",NA,"Coach's Decision"
"2026-09-29T06:35:21Z","sleeper",NA,"Brandon Aiyuk","SF","WR","Out",NA,"Knee - ACL + MCL"
"2026-09-29T06:35:21Z","sleeper",NA,"Hayden Large","CHI","TE","IR",NA,"Undisclosed"
"2026-09-29T06:35:21Z","sleeper",NA,"Jonah Coleman","DEN","RB","IR",NA,"Ankle"
"2026-09-29T06:35:21Z","sleeper",NA,"Ja'Kobi Lane","BAL","WR","IR",NA,"Wrist"
"2026-09-29T06:35:21Z","sleeper",NA,"Carter Runyon","LV","TE","IR",NA,"Undisclosed"
"2026-09-29T06:35:21Z","sleeper",NA,"Princeton Fant","DAL","TE","IR",NA,"Knee - ACL + MCL"
"2026-09-29T06:35:21Z","sleeper",NA,"Skyler Bell","BUF","WR","Out",NA,"Coach's Decision"
"2026-09-29T06:35:21Z","sleeper",NA,"Charlie Kolar","LAC","TE","Out",NA,"Forearm"
"2026-09-29T06:35:21Z","sleeper",NA,"Malik Davis","DAL","RB","IR",NA,"Hip"
"2026-09-29T06:35:21Z","sleeper",NA,"Caleb Williams","CHI","QB","Out",NA,"Hamstring"
"2026-09-29T06:35:21Z","sleeper",NA,"Tip Reiman","ARI","TE","PUP",NA,"Ankle"
"2026-09-29T06:35:21Z","sleeper",NA,"Tank Dell","HOU","WR","IR",NA,"Knee - ACL + MCL"
"2026-09-29T06:35:21Z","sleeper","00-0035535","Darius Slayton","IND","WR","Out",NA,"Coach's Decision"
"2026-09-29T06:35:21Z","sleeper",NA,"Cole Turner","MIA","TE","IR",NA,"Undisclosed"
"2026-09-29T06:35:21Z","sleeper",NA,"Jalen Milroe","SEA","QB","Out",NA,"Coach's Decision"
"2026-09-29T06:35:21Z","sleeper",NA,"Chris Collier","LV","RB","IR",NA,"Undisclosed"
"2026-09-29T06:35:21Z","sleeper",NA,"Chig Okonkwo","WAS","TE","Out",NA,"Hamstring"
"2026-09-29T06:35:21Z","sleeper",NA,"KeAndre Lambert-Smith","LAC","WR","IR",NA,"Hamstring"
"2026-09-29T06:35:21Z","sleeper",NA,"Taylen Green","CLE","QB","Out",NA,"Coach's Decision"
"2026-09-29T06:35:21Z","sleeper",NA,"Jeshaun Jones","MIN","WR","Suspended",NA,"Suspension"
"2026-09-29T06:35:21Z","sleeper",NA,"Joe Royer","CLE","TE","PUP",NA,"Personal"
"2026-09-29T06:35:21Z","sleeper",NA,"Zach Charbonnet","SEA","RB","PUP",NA,"Knee - ACL"
"2026-09-29T06:35:21Z","sleeper",NA,"Joe Fagnano","BAL","QB","Out",NA,"Coach's Decision"
"2026-09-29T06:35:21Z","sleeper",NA,"Drew Allar","PIT","QB","Out",NA,"Coach's Decision"
"2026-09-29T06:35:21Z","sleeper",NA,"Jayden Daniels","WAS","QB","Out",NA,"Elbow"
"2026-09-29T06:35:21Z","sleeper",NA,"Jaylen Wright","MIA","RB","Out",NA,"Foot"
"2026-09-29T06:35:21Z","sleeper",NA,"Jack Strand","ATL","QB","Out",NA,"Coach's Decision"
"2026-09-29T06:35:21Z","sleeper","00-0033885","David Njoku","LAC","TE","IR",NA,"Lower Leg"
"2026-09-29T06:35:21Z","sleeper",NA,"Beaux Collins","ATL","WR","IR",NA,"Undisclosed"
"2026-09-29T06:35:21Z","sleeper",NA,"Breece Hall","NYJ","RB","Out",NA,"Thigh"
"2026-09-29T06:35:21Z","sleeper",NA,"Jameson Geers","ARI","TE","IR",NA,"Undisclosed"
"2026-09-29T06:35:21Z","sleeper","00-0035021","Ashton Dulin","IND","WR","Out",NA,"Ankle"
"2026-09-29T06:35:21Z","sleeper",NA,"Colby Parkinson","LA","TE","Questionable",NA,"Shoulder"
"2026-09-29T06:35:21Z","sleeper",NA,"Kendrick Law","DET","WR","IR",NA,"Knee - ACL"
