"pulled_at","game_id","market","player","n_books","n_ladder"
"2026-10-06T18:11:29Z","2026_05_BAL_ATL","player_pass_tds","Michael Penix Jr.",3,1
"2026-10-06T18:11:29Z","2026_05_BAL_ATL","player_pass_tds","Tyler Huntley",3,1
"2026-10-06T18:11:29Z","2026_05_BAL_ATL","player_pass_yds","Michael Penix Jr.",4,1
"2026-10-06T18:11:29Z","2026_05_BAL_ATL","player_pass_yds","Tyler Huntley",3,1
"2026-10-06T18:11:29Z","2026_05_BAL_ATL","player_reception_yds","Bijan Robinson",3,1
"2026-10-06T18:11:29Z","2026_05_BAL_ATL","player_reception_yds","Jahan Dotson",4,2
"2026-10-06T18:11:29Z","2026_05_BAL_ATL","player_reception_yds","Kyle Pitts",4,2
"2026-10-06T18:11:29Z","2026_05_BAL_ATL","player_reception_yds","Mark Andrews",4,2
"2026-10-06T18:11:29Z","2026_05_BAL_ATL","player_reception_yds","Zay Flowers",4,2
"2026-10-06T18:11:29Z","2026_05_BAL_ATL","player_receptions","Bijan Robinson",3,1
"2026-10-06T18:11:29Z","2026_05_BAL_ATL","player_receptions","Drake London",3,1
"2026-10-06T18:11:29Z","2026_05_BAL_ATL","player_receptions","Jahan Dotson",3,1
"2026-10-06T18:11:29Z","2026_05_BAL_ATL","player_receptions","Kyle Pitts",3,1
"2026-10-06T18:11:29Z","2026_05_BAL_ATL","player_receptions","Mark Andrews",3,1
"2026-10-06T18:11:29Z","2026_05_BAL_ATL","player_receptions","Zay Flowers",3,1
"2026-10-06T18:11:29Z","2026_05_BAL_ATL","player_rush_yds","Bijan Robinson",2,1
"2026-10-06T18:11:29Z","2026_05_BAL_ATL","player_rush_yds","Brian Robinson Jr.",4,2
"2026-10-06T18:11:29Z","2026_05_BAL_ATL","player_rush_yds","Derrick Henry",4,2
"2026-10-06T18:11:29Z","2026_05_BAL_ATL","player_rush_yds","Justice Hill",4,1
"2026-10-06T18:11:29Z","2026_05_BUF_LA","player_pass_tds","Josh Allen",5,1
"2026-10-06T18:11:29Z","2026_05_BUF_LA","player_pass_tds","Matthew Stafford",5,1
"2026-10-06T18:11:29Z","2026_05_BUF_LA","player_pass_yds","Josh Allen",5,1
"2026-10-06T18:11:29Z","2026_05_BUF_LA","player_pass_yds","Matthew Stafford",5,1
"2026-10-06T18:11:29Z","2026_05_BUF_LA","player_reception_yds","Dalton Kincaid",4,1
"2026-10-06T18:11:29Z","2026_05_BUF_LA","player_reception_yds","Davante Adams",5,1
"2026-10-06T18:11:29Z","2026_05_BUF_LA","player_reception_yds","Kyren Williams",5,1
"2026-10-06T18:11:29Z","2026_05_BUF_LA","player_reception_yds","Puka Nacua",5,1
"2026-10-06T18:11:29Z","2026_05_BUF_LA","player_receptions","Dalton Kincaid",3,1
"2026-10-06T18:11:29Z","2026_05_BUF_LA","player_receptions","Davante Adams",4,1
"2026-10-06T18:11:29Z","2026_05_BUF_LA","player_receptions","Kyren Williams",4,1
"2026-10-06T18:11:29Z","2026_05_BUF_LA","player_receptions","Puka Nacua",4,1
"2026-10-06T18:11:29Z","2026_05_BUF_LA","player_rush_yds","Blake Corum",5,1
"2026-10-06T18:11:29Z","2026_05_BUF_LA","player_rush_yds","James Cook",5,1
"2026-10-06T18:11:29Z","2026_05_BUF_LA","player_rush_yds","Josh Allen",5,1
"2026-10-06T18:11:29Z","2026_05_BUF_LA","player_rush_yds","Kyren Williams",5,1
"2026-10-06T18:11:29Z","2026_05_CHI_GB","player_pass_tds","Jordan Love",5,1
"2026-10-06T18:11:29Z","2026_05_CHI_GB","player_pass_tds","Tyson Bagent",5,1
"2026-10-06T18:11:29Z","2026_05_CHI_GB","player_pass_yds","Jordan Love",6,2
"2026-10-06T18:11:29Z","2026_05_CHI_GB","player_pass_yds","Tyson Bagent",6,1
"2026-10-06T18:11:29Z","2026_05_CLE_NYJ","player_pass_tds","Deshaun Watson",5,1
"2026-10-06T18:11:29Z","2026_05_CLE_NYJ","player_pass_tds","Geno Smith",5,1
"2026-10-06T18:11:29Z","2026_05_CLE_NYJ","player_pass_yds","Deshaun Watson",6,2
"2026-10-06T18:11:29Z","2026_05_CLE_NYJ","player_pass_yds","Geno Smith",6,1
"2026-10-06T18:11:29Z","2026_05_CLE_NYJ","player_reception_yds","Denzel Boston",6,2
"2026-10-06T18:11:29Z","2026_05_CLE_NYJ","player_reception_yds","Garrett Wilson",6,1
"2026-10-06T18:11:29Z","2026_05_CLE_NYJ","player_reception_yds","Harold Fannin Jr.",6,2
"2026-10-06T18:11:29Z","2026_05_CLE_NYJ","player_reception_yds","KC Concepcion",6,2
"2026-10-06T18:11:29Z","2026_05_CLE_NYJ","player_receptions","Denzel Boston",4,1
"2026-10-06T18:11:29Z","2026_05_CLE_NYJ","player_receptions","Garrett Wilson",4,1
"2026-10-06T18:11:29Z","2026_05_CLE_NYJ","player_receptions","Harold Fannin Jr.",4,1
"2026-10-06T18:11:29Z","2026_05_CLE_NYJ","player_receptions","KC Concepcion",4,1
"2026-10-06T18:11:29Z","2026_05_CLE_NYJ","player_rush_yds","Braelon Allen",6,2
"2026-10-06T18:11:29Z","2026_05_CLE_NYJ","player_rush_yds","Deshaun Watson",6,1
"2026-10-06T18:11:29Z","2026_05_CLE_NYJ","player_rush_yds","Geno Smith",6,2
"2026-10-06T18:11:29Z","2026_05_CLE_NYJ","player_rush_yds","Isaiah Davis",5,2
"2026-10-06T18:11:29Z","2026_05_CLE_NYJ","player_rush_yds","Quinshon Judkins",6,2
"2026-10-06T18:11:29Z","2026_05_LV_NE","player_pass_tds","Drake Maye",5,1
"2026-10-06T18:11:29Z","2026_05_LV_NE","player_pass_tds","Kirk Cousins",5,1
"2026-10-06T18:11:29Z","2026_05_LV_NE","player_pass_yds","Drake Maye",6,2
"2026-10-06T18:11:29Z","2026_05_LV_NE","player_pass_yds","Kirk Cousins",6,1
"2026-10-06T18:11:29Z","2026_05_PHI_JAX","player_pass_tds","Jalen Hurts",5,1
"2026-10-06T18:11:29Z","2026_05_PHI_JAX","player_pass_tds","Trevor Lawrence",5,1
"2026-10-06T18:11:29Z","2026_05_PHI_JAX","player_pass_yds","Jalen Hurts",6,2
"2026-10-06T18:11:29Z","2026_05_PHI_JAX","player_pass_yds","Trevor Lawrence",6,1
"2026-10-06T18:11:29Z","2026_05_PHI_JAX","player_reception_yds","Bhayshul Tuten",6,1
"2026-10-06T18:11:29Z","2026_05_PHI_JAX","player_reception_yds","Brenton Strange",6,2
"2026-10-06T18:11:29Z","2026_05_PHI_JAX","player_reception_yds","Brian Thomas Jr",6,2
"2026-10-06T18:11:29Z","2026_05_PHI_JAX","player_reception_yds","Jakobi Meyers",6,2
"2026-10-06T18:11:29Z","2026_05_PHI_JAX","player_reception_yds","Josh Cameron",6,2
"2026-10-06T18:11:29Z","2026_05_PHI_JAX","player_reception_yds","Parker Washington",6,2
"2026-10-06T18:11:29Z","2026_05_PHI_JAX","player_receptions","Bhayshul Tuten",4,1
"2026-10-06T18:11:29Z","2026_05_PHI_JAX","player_receptions","Brenton Strange",4,1
"2026-10-06T18:11:29Z","2026_05_PHI_JAX","player_receptions","Brian Thomas Jr",4,1
"2026-10-06T18:11:29Z","2026_05_PHI_JAX","player_receptions","Jakobi Meyers",4,1
"2026-10-06T18:11:29Z","2026_05_PHI_JAX","player_receptions","Josh Cameron",4,1
"2026-10-06T18:11:29Z","2026_05_PHI_JAX","player_receptions","Parker Washington",4,1
"2026-10-06T18:11:29Z","2026_05_PHI_JAX","player_rush_yds","Bhayshul Tuten",6,1
"2026-10-06T18:11:29Z","2026_05_PHI_JAX","player_rush_yds","Jalen Hurts",6,2
"2026-10-06T18:11:29Z","2026_05_PHI_JAX","player_rush_yds","Trevor Lawrence",6,2
"2026-10-06T18:11:29Z","2026_05_SF_SEA","player_pass_tds","Brock Purdy",5,1
"2026-10-06T18:11:29Z","2026_05_SF_SEA","player_pass_tds","Sam Darnold",5,1
"2026-10-06T18:11:29Z","2026_05_SF_SEA","player_pass_yds","Brock Purdy",6,2
"2026-10-06T18:11:29Z","2026_05_SF_SEA","player_pass_yds","Sam Darnold",6,1
"2026-10-06T18:11:29Z","2026_05_SF_SEA","player_reception_yds","AJ Barner",6,2
"2026-10-06T18:11:29Z","2026_05_SF_SEA","player_reception_yds","Christian McCaffrey",6,2
"2026-10-06T18:11:29Z","2026_05_SF_SEA","player_reception_yds","Cooper Kupp",6,2
"2026-10-06T18:11:29Z","2026_05_SF_SEA","player_reception_yds","Deebo Samuel",6,1
"2026-10-06T18:11:29Z","2026_05_SF_SEA","player_reception_yds","George Kittle",6,2
"2026-10-06T18:11:29Z","2026_05_SF_SEA","player_reception_yds","Jaxon Smith-Njigba",6,2
"2026-10-06T18:11:29Z","2026_05_SF_SEA","player_reception_yds","Mike Evans",6,2
"2026-10-06T18:11:29Z","2026_05_SF_SEA","player_reception_yds","Rashid Shaheed",6,2
"2026-10-06T18:11:29Z","2026_05_SF_SEA","player_receptions","AJ Barner",4,1
"2026-10-06T18:11:29Z","2026_05_SF_SEA","player_receptions","Christian McCaffrey",4,1
"2026-10-06T18:11:29Z","2026_05_SF_SEA","player_receptions","Cooper Kupp",4,1
"2026-10-06T18:11:29Z","2026_05_SF_SEA","player_receptions","Deebo Samuel",4,1
"2026-10-06T18:11:29Z","2026_05_SF_SEA","player_receptions","George Kittle",4,1
"2026-10-06T18:11:29Z","2026_05_SF_SEA","player_receptions","Jaxon Smith-Njigba",4,1
"2026-10-06T18:11:29Z","2026_05_SF_SEA","player_receptions","Mike Evans",4,1
"2026-10-06T18:11:29Z","2026_05_SF_SEA","player_receptions","Rashid Shaheed",4,1
"2026-10-06T18:11:29Z","2026_05_SF_SEA","player_rush_yds","Brock Purdy",6,2
"2026-10-06T18:11:29Z","2026_05_SF_SEA","player_rush_yds","Christian McCaffrey",6,2
"2026-10-06T18:11:29Z","2026_05_SF_SEA","player_rush_yds","Kaelon Black",6,1
"2026-10-06T18:11:29Z","2026_05_SF_SEA","player_rush_yds","Sam Darnold",4,1
"2026-10-06T18:11:29Z","2026_05_TB_DAL","player_pass_tds","Dak Prescott",8,2
"2026-10-06T18:11:29Z","2026_05_TB_DAL","player_pass_tds","Jalon Daniels",8,1
"2026-10-06T18:11:29Z","2026_05_TB_DAL","player_pass_yds","Dak Prescott",8,1
"2026-10-06T18:11:29Z","2026_05_TB_DAL","player_pass_yds","Jalon Daniels",8,2
"2026-10-06T18:11:29Z","2026_05_TB_DAL","player_reception_yds","Bucky Irving",8,2
"2026-10-06T18:11:29Z","2026_05_TB_DAL","player_reception_yds","Cade Otton",8,2
"2026-10-06T18:11:29Z","2026_05_TB_DAL","player_reception_yds","CeeDee Lamb",8,2
"2026-10-06T18:11:29Z","2026_05_TB_DAL","player_reception_yds","Chris Godwin",8,2
"2026-10-06T18:11:29Z","2026_05_TB_DAL","player_reception_yds","Emeka Egbuka",8,2
"2026-10-06T18:11:29Z","2026_05_TB_DAL","player_reception_yds","George Pickens",8,2
"2026-10-06T18:11:29Z","2026_05_TB_DAL","player_reception_yds","Jake Ferguson",8,2
"2026-10-06T18:11:29Z","2026_05_TB_DAL","player_reception_yds","Javonte Williams",8,1
"2026-10-06T18:11:29Z","2026_05_TB_DAL","player_reception_yds","Kenny Gainwell",6,2
"2026-10-06T18:11:29Z","2026_05_TB_DAL","player_reception_yds","Ryan Flournoy",8,2
"2026-10-06T18:11:29Z","2026_05_TB_DAL","player_reception_yds","Ted Hurst III",7,2
"2026-10-06T18:11:29Z","2026_05_TB_DAL","player_reception_yds","Tez Johnson",7,2
"2026-10-06T18:11:29Z","2026_05_TB_DAL","player_receptions","Bucky Irving",7,2
"2026-10-06T18:11:29Z","2026_05_TB_DAL","player_receptions","Cade Otton",7,2
"2026-10-06T18:11:29Z","2026_05_TB_DAL","player_receptions","CeeDee Lamb",7,1
"2026-10-06T18:11:29Z","2026_05_TB_DAL","player_receptions","Chris Godwin",7,2
"2026-10-06T18:11:29Z","2026_05_TB_DAL","player_receptions","Emeka Egbuka",7,2
"2026-10-06T18:11:29Z","2026_05_TB_DAL","player_receptions","George Pickens",7,2
"2026-10-06T18:11:29Z","2026_05_TB_DAL","player_receptions","Jake Ferguson",7,2
"2026-10-06T18:11:29Z","2026_05_TB_DAL","player_receptions","Javonte Williams",7,2
"2026-10-06T18:11:29Z","2026_05_TB_DAL","player_receptions","Kenny Gainwell",6,2
"2026-10-06T18:11:29Z","2026_05_TB_DAL","player_receptions","Ryan Flournoy",6,2
"2026-10-06T18:11:29Z","2026_05_TB_DAL","player_receptions","Ted Hurst III",7,2
"2026-10-06T18:11:29Z","2026_05_TB_DAL","player_receptions","Tez Johnson",6,1
"2026-10-06T18:11:29Z","2026_05_TB_DAL","player_rush_yds","Bucky Irving",8,2
"2026-10-06T18:11:29Z","2026_05_TB_DAL","player_rush_yds","Dak Prescott",7,1
"2026-10-06T18:11:29Z","2026_05_TB_DAL","player_rush_yds","Jalon Daniels",7,2
"2026-10-06T18:11:29Z","2026_05_TB_DAL","player_rush_yds","Javonte Williams",8,2
"2026-10-06T18:11:29Z","2026_05_TB_DAL","player_rush_yds","Kenny Gainwell",7,2
"2026-10-06T18:11:29Z","2026_05_TB_DAL","player_rush_yds","Tyler Goodson",6,2
