"pulled_at","game_id","gsis_id","ci_lo_std","ci_hi_std","ci_lo_half","ci_hi_half","ci_lo_ppr","ci_hi_ppr","ci_lo_ffpc","ci_hi_ffpc","draws"
"2026-09-27T19:05:00Z","2026_03_ARI_SF","00-0029892",1.90226244490912,2.02695155729587,2.55039853486229,2.68118321976757,3.19171344299018,3.34014367369825,3.22821247463278,3.37664270534084,60
"2026-09-27T19:05:00Z","2026_03_ARI_SF","00-0031408",8.20870241277049,8.69042573607462,10.2710216109596,10.785132786057,12.3232623681733,12.8798398360394,12.3345222588884,12.8910997267545,60
"2026-09-27T19:05:00Z","2026_03_ARI_SF","00-0033119",13.9890599557096,14.5481705195684,13.990709824869,14.5498203887277,13.9923596940283,14.5514702578871,17.0312859941142,17.6476967077006,60
"2026-09-27T19:05:00Z","2026_03_ARI_SF","00-0033280",16.6740684844648,17.2762335321155,18.9913338285638,19.6269412169853,21.3511908639041,21.9494103627748,21.3894016377423,21.9876211366131,60
"2026-09-27T19:05:00Z","2026_03_ARI_SF","00-0033288",6.92057670336907,7.43394911865911,8.84253896042615,9.46307619232438,10.5024371698968,11.578742098556,12.1627988753722,13.7076827073325,60
"2026-09-27T19:05:00Z","2026_03_ARI_SF","00-0033307",3.22808501886593,3.59676335347544,4.55013024560646,4.91600201061496,5.89065095743561,6.23935741294692,5.90169017533661,6.25039663084793,60
"2026-09-27T19:05:00Z","2026_03_ARI_SF","00-0034854",0.995750987413966,1.12810988798186,1.22074843064983,1.35310733121773,1.4457458738857,1.5781047744536,1.44850011106724,1.58085901163513,60
"2026-09-27T19:05:00Z","2026_03_ARI_SF","00-0035719",6.96248725876966,7.37212536424665,8.90989125446397,9.35907208896599,10.8536129646416,11.3244653084773,10.8644675353677,11.3353198792033,60
"2026-09-27T19:05:00Z","2026_03_ARI_SF","00-0036331",0.424648893070562,0.454271049637005,0.544652259048916,0.574274415615359,0.66465562502727,0.694277781593712,0.667334518325378,0.69695667489182,60
"2026-09-27T19:05:00Z","2026_03_ARI_SF","00-0036646",0.452010626761268,0.478114333507258,0.578747463061483,0.604851169807472,0.705484299361698,0.731588006107687,0.708351421048281,0.734455127794271,60
"2026-09-27T19:05:00Z","2026_03_ARI_SF","00-0036887",0.818176406014004,0.916313746937281,1.12403567281051,1.22217301373379,1.42989493960702,1.5280322805303,1.74443329440984,1.84257063533312,60
"2026-09-27T19:05:00Z","2026_03_ARI_SF","00-0037004",0.751440295903465,0.848469490823022,1.07199113862098,1.16902033354054,1.39254198133849,1.48957117625805,1.71616040328473,1.81318959820429,60
"2026-09-27T19:05:00Z","2026_03_ARI_SF","00-0037157",2.30268363092775,2.34100072571301,2.79604173711536,2.83435883190063,3.28939984330297,3.32771693808824,3.31956404380607,3.35788113859133,60
"2026-09-27T19:05:00Z","2026_03_ARI_SF","00-0037263",6.58667171526814,7.06947175089454,7.44592344172064,7.9654892694994,8.32440648980675,8.85880521604157,8.35996811781697,8.89436684405179,60
"2026-09-27T19:05:00Z","2026_03_ARI_SF","00-0037744",9.13847172000357,9.51159358579753,12.418054467101,13.0899446365404,15.5064870691684,16.7124492646602,18.6358212815973,20.3271901586124,60
"2026-09-27T19:05:00Z","2026_03_ARI_SF","00-0037834",18.3625967783522,19.4369200735471,18.3642690184962,19.4385923136912,18.3659412586403,19.4402645538352,21.4681389982429,22.5716450447731,60
"2026-09-27T19:05:00Z","2026_03_ARI_SF","00-0038559",6.33124860126073,6.66685419326971,8.08099582383687,8.73627015300081,9.6977436416878,10.8371786502019,9.70918802366412,10.8486230321782,60
"2026-09-27T19:05:00Z","2026_03_ARI_SF","00-0038640",0.655369512484491,0.708655034811466,0.866015382103867,0.919300904430842,1.07666125172324,1.12994677405022,1.07953206641952,1.13281758874649,60
"2026-09-27T19:05:00Z","2026_03_ARI_SF","00-0038643",0.314115224500961,0.374886023515002,0.412400951802023,0.473171750816063,0.510686679103084,0.571457478117125,0.612313291824523,0.673084090838564,60
"2026-09-27T19:05:00Z","2026_03_ARI_SF","00-0039041",1.13784686914997,1.21225520332165,1.66772777206724,1.74213610623892,2.19760867498451,2.2720170091562,2.74384241432215,2.81825074849383,60
"2026-09-27T19:05:00Z","2026_03_ARI_SF","00-0039365",0.944158627646294,1.06090664885993,1.1121000314355,1.22884805264913,1.28004143522471,1.39678945643834,1.2828227827762,1.39957080398983,60
"2026-09-27T19:05:00Z","2026_03_ARI_SF","00-0039849",4.70488887120142,4.96106981266705,5.92715031646845,6.17934926194985,7.11144923322918,7.38802314721567,7.12419938346779,7.40077329745427,60
"2026-09-27T19:05:00Z","2026_03_ARI_SF","00-0040172",0.992511483807622,1.06042140092021,1.26022687551854,1.32813679263113,1.52794226722946,1.59585218434205,1.53166042974743,1.59957034686002,60
"2026-09-27T19:05:00Z","2026_03_ARI_SF","00-0041027",8.30986892444814,8.85196184319314,9.58150606403873,10.1854993715411,10.8531432036293,11.519036899889,10.9008727927566,11.5667664890163,60
"2026-09-27T19:05:00Z","2026_03_ARI_SF","00-0041052",5.01570759224343,5.32166295513885,5.39480162160216,5.70075698449758,5.77389565096088,6.0798510138563,5.82162524008814,6.12758060298356,60
"2026-09-24T23:15:00Z","2026_03_ATL_GB","00-0032392",0.990553568591542,1.28974410387939,1.34833049796707,1.67184264562902,1.71021713080145,2.0646673820039,2.08370810836605,2.46777920355814,60
"2026-09-24T23:15:00Z","2026_03_ATL_GB","00-0033858",2.07867248763125,2.2714264655186,2.7482569320939,2.94851061533304,3.40899612174614,3.6268070775343,4.08668556696508,4.3382527569483,60
"2026-09-24T23:15:00Z","2026_03_ATL_GB","00-0035208",1.87987713928931,1.97866439000282,2.55763443818043,2.66453961690725,3.22458511379372,3.38590046338083,3.23533113079949,3.3966464803866,60
"2026-09-24T23:15:00Z","2026_03_ATL_GB","00-0036264",15.79859294787,16.6290317727151,15.8002020328811,16.6306408577262,15.8018111178922,16.6322499427373,18.886963622951,19.7930973177634,60
"2026-09-24T23:15:00Z","2026_03_ATL_GB","00-0036429",0.439190728263863,0.476154889399964,0.6443498837723,0.681314044908401,0.849509039280737,0.886473200416838,1.0576278379945,1.0945919991306,60
"2026-09-24T23:15:00Z","2026_03_ATL_GB","00-0036463",0.548133057782404,0.611168040606787,0.764977507200385,0.828012490024768,0.981821956618366,1.04485693944275,0.98499205615426,1.04802703897864,60
"2026-09-24T23:15:00Z","2026_03_ATL_GB","00-0036970",5.06944611251602,5.51859043665055,6.89355767092036,7.3669204890742,8.69029088686423,9.22611094582687,10.5122182187568,11.0970487661947,60
"2026-09-24T23:15:00Z","2026_03_ATL_GB","00-0037091",1.21238536560964,1.27324202911958,1.43428255763332,1.49513922114327,1.65617974965701,1.71703641316695,1.65887855467411,1.71973521818406,60
"2026-09-24T23:15:00Z","2026_03_ATL_GB","00-0037238",8.96479036141137,9.48726756189351,11.6757237963375,12.2631718285062,14.3589541963849,15.0485034894513,14.3799727572624,15.0695220503288,60
"2026-09-24T23:15:00Z","2026_03_ATL_GB","00-0037317",0.32255075800489,0.38178790410513,0.450092616753022,0.509329762853262,0.577634475501154,0.636871621601395,0.708766029668058,0.768003175768298,60
"2026-09-24T23:15:00Z","2026_03_ATL_GB","00-0037741",2.64769710783662,2.88442836510841,3.53345561387097,3.76137444792542,4.41921411990532,4.6508986311905,4.42995715896391,4.66164167024908,60
"2026-09-24T23:15:00Z","2026_03_ATL_GB","00-0037746",3.99966359692466,4.2947299930989,4.38557345734498,4.68063985351922,4.7714833177653,5.06654971393954,4.80933739063805,5.10440378681229,60
"2026-09-24T23:15:00Z","2026_03_ATL_GB","00-0038090",2.29978110918029,2.51761517789921,3.0350053435863,3.25458164549202,3.7597888271135,3.99337897659372,3.77055734544139,4.00414749492162,60
"2026-09-24T23:15:00Z","2026_03_ATL_GB","00-0038124",9.79938763818197,10.4413973765442,12.0970632145154,12.8647902055514,14.1861279576801,15.3299317883545,14.2004576756182,15.3442615062926,60
"2026-09-24T23:15:00Z","2026_03_ATL_GB","00-0038542",16.3425050861603,17.4732622420226,18.7416175384515,19.8467542336014,21.0722488303653,22.1969528937012,21.1566280749329,22.2813321382688,60
"2026-09-24T23:15:00Z","2026_03_ATL_GB","00-0038589",0.795208058752026,0.867600834539877,1.13097542648349,1.20336820227134,1.46674279421495,1.5391355700028,1.80571013918182,1.87810291496967,60
"2026-09-24T23:15:00Z","2026_03_ATL_GB","00-0038685",3.85900551428046,4.19739819071054,4.55531590688134,4.88174947368207,5.24987522916308,5.57464831739525,5.28541368782295,5.61018677605511,60
"2026-09-24T23:15:00Z","2026_03_ATL_GB","00-0038996",6.75644169292456,7.38999134689284,8.7573850250571,9.38194532466041,10.7462605911667,11.3841592110331,12.7339188357476,13.3994291064832,60
"2026-09-24T23:15:00Z","2026_03_ATL_GB","00-0039811",5.04644466866611,5.33590522818723,5.39985932307675,5.93749122622958,5.63821149331068,6.57918417318321,5.77354249231866,6.71451517219119,60
"2026-09-24T23:15:00Z","2026_03_ATL_GB","00-0039917",9.40167385219793,12.5890815157578,9.40387113153893,12.5912787950988,9.40606841087994,12.5934760744398,12.3527492060632,15.5920672683906,60
"2026-09-24T23:15:00Z","2026_03_ATL_GB","00-0040142",5.9829675368595,6.45966556288659,6.16525606783294,6.64195409386003,6.34754459880639,6.82424262483348,6.38587467156843,6.86257269759552,60
"2026-09-24T23:15:00Z","2026_03_ATL_GB","00-0040598",0.509555687312916,0.616335342523188,0.657717580724351,0.764497235934622,0.805879474135786,0.912659129346057,0.958079363016656,1.06485901822693,60
"2026-09-24T23:15:00Z","2026_03_ATL_GB","00-0040667",7.92806675235946,8.60819079030822,10.1013145626255,10.8428784070772,12.3047624991458,13.0523488177342,12.3159107799101,13.0634970984986,60
"2026-09-24T23:15:00Z","2026_03_ATL_GB","00-0040948",0.69762620012707,0.822200773244412,0.9057154200802,1.03028999319754,1.11380464003333,1.23837921315067,1.11781727625095,1.24239184936829,59
"2026-09-24T23:15:00Z","2026_03_ATL_GB","00-0041044",0.998389513602827,1.05585607479983,1.40363445642333,1.46110101762034,1.80887939924384,1.86634596044085,1.81253105222437,1.86999761342138,60
"2026-09-27T19:25:00Z","2026_03_BAL_DAL","00-0032398",2.17993111709268,2.92216852706837,2.54118388844273,3.61044987997856,2.90243665979278,4.28129298509437,2.90517064905439,4.2922503860472,60
"2026-09-27T19:25:00Z","2026_03_BAL_DAL","00-0032764",17.022143434385,18.0466101075267,17.7498600114211,18.75474274776,18.4775765884573,19.4626670071098,18.5484351133861,19.5335255320387,60
"2026-09-27T19:25:00Z","2026_03_BAL_DAL","00-0033077",18.1918654448979,19.1021090663269,18.1934754913731,19.1037191128021,18.1950855378483,19.1053291592773,21.6694899687052,22.6116602367077,60
"2026-09-27T19:25:00Z","2026_03_BAL_DAL","00-0034753",7.40100698562372,8.03640121323305,9.51927625503326,10.1975102855754,11.6281373275702,12.373925624397,13.7596356518331,14.5638224224976,60
"2026-09-27T19:25:00Z","2026_03_BAL_DAL","00-0034796",21.0586443589959,22.1916572272889,21.060510929623,22.193523797916,21.0623775002501,22.1953903685431,24.2360756899954,25.3874649160309,60
"2026-09-27T19:25:00Z","2026_03_BAL_DAL","00-0034798",0.787906832847002,0.87677123407072,1.03572906020758,1.1245934614313,1.28355128756815,1.37241568879187,1.53431785172367,1.62318225294739,60
"2026-09-27T19:25:00Z","2026_03_BAL_DAL","00-0034975",4.10950279365128,4.37390667387029,4.91863307906897,5.55427235782078,5.63056100770394,6.75201601252868,5.66724383035672,6.78869883518146,60
"2026-09-27T19:25:00Z","2026_03_BAL_DAL","00-0036358",11.4796880016011,12.0460578653583,14.6717891269002,15.2845680489822,17.8615598001769,18.5187203993395,17.8737509435404,18.530911542703,60
"2026-09-27T19:25:00Z","2026_03_BAL_DAL","00-0036550",6.28311064538589,6.79865188616674,7.87565030052788,8.38349710583812,9.47218537592877,10.0112522392772,9.48312065315216,10.0221875165006,60
"2026-09-27T19:25:00Z","2026_03_BAL_DAL","00-0036997",12.340787811847,13.1271802988295,13.6822432473623,14.4693675861568,15.034699967081,15.8314910726277,15.0923540611253,15.889145166672,60
"2026-09-27T19:25:00Z","2026_03_BAL_DAL","00-0037120",0.770539575870022,1.17382746572031,0.912952422151081,1.31624031200137,1.05536526843214,1.45865315828243,1.06244695074979,1.46573484060008,51
"2026-09-27T19:25:00Z","2026_03_BAL_DAL","00-0037247",9.18858685646051,9.66442983846735,11.7776163439904,12.2860367343582,14.372919541031,14.9076436302491,14.3846764029014,14.9194004921194,60
"2026-09-27T19:25:00Z","2026_03_BAL_DAL","00-0037801",2.22903477955646,2.31731719862399,2.73135073840421,2.81963315747174,3.23366669725196,3.3219491163195,3.25224595153103,3.34052837059856,60
"2026-09-27T19:25:00Z","2026_03_BAL_DAL","00-0038041",4.50714781924327,4.85848497790588,6.31993516201139,6.71335849567193,8.12883800308233,8.58815800068428,9.97559059755938,10.4891121410309,60
"2026-09-27T19:25:00Z","2026_03_BAL_DAL","00-0038547",0.992644418378894,1.03362338223564,1.34799528407982,1.38897424793657,1.70334614978075,1.7443251136375,2.06165646188688,2.10263542574363,60
"2026-09-27T19:25:00Z","2026_03_BAL_DAL","00-0038705",1.97702922478766,2.57785699439321,2.39417371716479,2.91444284909809,2.81131820954193,3.25102870380296,2.85968574743666,3.26972465535262,58
"2026-09-27T19:25:00Z","2026_03_BAL_DAL","00-0038738",1.3261242321679,1.39992512294242,1.59303601108656,1.66683690186108,1.85994779000521,1.93374868077974,1.8663047362914,1.94010562706593,60
"2026-09-27T19:25:00Z","2026_03_BAL_DAL","00-0039062",0.777474461481848,0.825488184473685,1.02652298090115,1.07453670389299,1.27557150032046,1.3235852233123,1.27988678153451,1.32790050452635,60
"2026-09-27T19:25:00Z","2026_03_BAL_DAL","00-0039064",6.73824443309851,8.47411145233145,8.41412226269627,10.2416011685773,10.1125353357819,12.0090908848231,10.1791205967149,12.0672922449125,60
"2026-09-27T19:25:00Z","2026_03_BAL_DAL","00-0039410",4.45791656937926,4.73989487783813,6.08074269863248,6.39477411308108,7.6923681533226,8.04921812461469,7.70441625649326,8.06126622778535,60
"2026-09-27T19:25:00Z","2026_03_BAL_DAL","00-0039530",0.945352939473413,1.04814933240746,1.29133725838747,1.39413365132152,1.63732157730153,1.74011797023557,1.98627042412882,2.08906681706287,60
"2026-09-27T19:25:00Z","2026_03_BAL_DAL","00-0039792",2.00451880326322,2.11113267863064,2.30385304703858,2.41046692240601,2.60318729081395,2.70980116618138,2.60609596471816,2.71270984008559,60
"2026-09-27T19:25:00Z","2026_03_BAL_DAL","00-0039796",0.797298265437685,0.840860463545614,1.04545589594419,1.08901809405212,1.2936135264507,1.33717572455863,1.3001009410196,1.34366313912753,60
"2026-09-27T19:25:00Z","2026_03_BAL_DAL","00-0040075",1.58014937734216,2.84317888097192,1.85912805150348,3.59580557370741,2.13810672566481,4.34649963617028,2.14087115682304,4.35757972705755,60
"2026-09-27T19:25:00Z","2026_03_BAL_DAL","00-0040876",1.26768747857343,1.30955268171877,1.56941684750547,1.61128205065081,1.87114621643751,1.91301141958285,1.87567594944721,1.91754115259256,41
"2026-09-27T19:25:00Z","2026_03_BAL_DAL","00-0040879",0.776580211232882,0.853537389311003,1.03390652512949,1.11086370320761,1.2912328390261,1.36819001710422,1.55259714839215,1.62955432647027,60
"2026-09-27T19:25:00Z","2026_03_BAL_DAL","00-0040887",0.49146315600225,0.578483824147,0.639625049413685,0.726645717558435,0.787786942825119,0.87480761096987,0.939986831705989,1.02700749985074,60
"2026-09-27T19:25:00Z","2026_03_BAL_DAL","00-0040930",0.941778516370426,0.963827461999204,1.24350788530247,1.26555683093124,1.5452372542345,1.56728619986328,1.54976698724421,1.57181593287299,41
"2026-09-27T16:00:00Z","2026_03_CAR_CLE","00-0031595",0.541230907097045,0.576089751089713,0.721728717112704,0.756587561105372,0.902226527128363,0.93708537112103,0.90856481489568,0.943423658888348,60
"2026-09-27T16:00:00Z","2026_03_CAR_CLE","00-0031610",3.58247535877013,3.77348662659256,4.77288720882004,4.96744660859857,5.94484199197755,6.16174999244224,7.13961392774483,7.37864625731723,60
"2026-09-27T16:00:00Z","2026_03_CAR_CLE","00-0033537",11.5848994517598,15.0111185730792,11.5867436494502,15.0129627707696,11.5885878471406,15.01480696846,14.3680151173777,17.8162802503584,60
"2026-09-27T16:00:00Z","2026_03_CAR_CLE","00-0033589",1.32558243579632,1.43700501913296,1.7606904097898,1.87211299312644,2.19579838378327,2.30722096711991,2.19904603959112,2.31046862292776,60
"2026-09-27T16:00:00Z","2026_03_CAR_CLE","00-0036265",2.44776504033288,2.77105504596088,2.7714948970453,3.0947849026733,3.09522475375772,3.41851475938572,3.15912672266459,3.48241672829259,60
"2026-09-27T16:00:00Z","2026_03_CAR_CLE","00-0036407",3.08503557097841,3.40180877178229,4.00410817040452,4.31845681173813,4.92318076983063,5.21993087033571,4.94883375200028,5.24558385250537,60
"2026-09-27T16:00:00Z","2026_03_CAR_CLE","00-0036555",12.4950099490119,13.1410741347068,13.793947488955,14.446877554816,15.092885028898,15.7628971499892,15.1556559975318,15.825668118623,60
"2026-09-27T16:00:00Z","2026_03_CAR_CLE","00-0036630",0.591520475468548,0.628844712377441,0.736594052862904,0.773918289771798,0.881667630257261,0.918991867166154,0.884382925300322,0.921707162209216,60
"2026-09-27T16:00:00Z","2026_03_CAR_CLE","00-0036825",0.277677473073702,0.297976528527238,0.362646128428241,0.382945183881777,0.447614783782779,0.467913839236315,0.535739352233945,0.556038407687481,60
"2026-09-27T16:00:00Z","2026_03_CAR_CLE","00-0037005",2.04105121847343,2.21701353760337,2.91579798087779,3.11988300360712,3.76544694957663,3.99680707399214,4.62222028510592,4.91447957417556,60
"2026-09-27T16:00:00Z","2026_03_CAR_CLE","00-0037614",1.94829770547994,2.03473716390702,2.733330015799,2.81976947422607,3.51836232611806,3.60480178454513,3.5238557689527,3.61029522737978,60
"2026-09-27T16:00:00Z","2026_03_CAR_CLE","00-0038710",1.20268401532638,1.35246712495102,1.64910556921289,1.82397847817591,2.11475328122839,2.30650600236198,2.57785257074547,2.80895759929832,60
"2026-09-27T16:00:00Z","2026_03_CAR_CLE","00-0038794",2.04778855081785,2.13476571353537,2.30283272048051,2.38980988319803,2.55787689014317,2.64485405286068,2.56575135480893,2.65272851752645,60
"2026-09-27T16:00:00Z","2026_03_CAR_CLE","00-0038840",0.844912015499876,1.06427032842299,1.07774308771007,1.29710140063318,1.31057415992026,1.52993247284337,1.313310813129,1.53266912605211,60
"2026-09-27T16:00:00Z","2026_03_CAR_CLE","00-0039150",15.2114018826004,15.9779254995312,15.2130047635326,15.9795283804634,15.2146076444648,15.9811312613956,18.1886029898844,18.962493555008,60
"2026-09-27T16:00:00Z","2026_03_CAR_CLE","00-0039342",2.29656999463378,2.40002531151741,3.08520943640543,3.19584097012808,3.87539328829427,4.00225931446676,3.88623054166919,4.01309656784168,40
"2026-09-27T16:00:00Z","2026_03_CAR_CLE","00-0039356",1.27862331489678,1.44856598108617,2.00181802638741,2.1717606925768,2.72501273787804,2.89495540406743,3.45148035380265,3.62142301999204,55
"2026-09-27T16:00:00Z","2026_03_CAR_CLE","00-0039491",7.810994507742,8.0509560149791,10.1152297484228,10.4100868198706,12.4841793669495,12.8333595362187,12.5155866822787,12.8647668515479,60
"2026-09-27T16:00:00Z","2026_03_CAR_CLE","00-0039920",1.1228886021264,1.19632063408504,1.4244793935806,1.49791142553925,1.72607018503481,1.79950221699345,1.73150214129016,1.8049341732488,60
"2026-09-27T16:00:00Z","2026_03_CAR_CLE","00-0040124",8.32196438977313,8.80300482150614,10.692195692988,11.1593668733393,13.0483920910355,13.5650496728551,13.1225997331076,13.6392573149272,60
"2026-09-27T16:00:00Z","2026_03_CAR_CLE","00-0040187",1.25038752749516,1.30218521331902,1.69408563176191,1.74588331758577,2.13778373602866,2.18958142185252,2.58449258111919,2.63629026694305,60
"2026-09-27T16:00:00Z","2026_03_CAR_CLE","00-0040394",1.15042253747346,1.17146031190423,1.37646120468859,1.39749897911937,1.60249987190373,1.6235376463345,1.61291533878979,1.63395311322056,60
"2026-09-27T16:00:00Z","2026_03_CAR_CLE","00-0040466",2.03938411418455,2.339996607097,2.50003373244151,2.85130462666941,2.93745002636342,3.33266867960695,2.97970643833538,3.37492509157891,60
"2026-09-27T16:00:00Z","2026_03_CAR_CLE","00-0040663",5.44634081727038,5.74987513677159,7.37002247651886,7.70622261211768,9.28999294572683,9.65502927768368,11.229609440557,11.595871136175,60
"2026-09-27T16:00:00Z","2026_03_CAR_CLE","00-0040782",1.6273203179495,1.66522036902968,2.00676733905867,2.04466739013884,2.38621436016784,2.42411441124801,2.38897879132607,2.42687884240624,60
"2026-09-27T16:00:00Z","2026_03_CAR_CLE","00-0040784",11.3354643399649,11.7453984673968,12.6062135897498,13.0108315127367,13.8769628395347,14.2766657734281,13.9139526613612,14.3136555952546,60
"2026-09-27T16:00:00Z","2026_03_CAR_CLE","00-0041037",6.61130482773702,6.82760500448148,8.37488473122397,8.60855207843549,10.1217189006305,10.4054440351191,10.1363904842465,10.4201156187351,60
"2026-09-27T16:00:00Z","2026_03_CAR_CLE","00-0041131",0.381113002614368,0.406315115683405,0.529274896025803,0.55447700909484,0.677436789437238,0.702638902506274,0.829636678318108,0.854838791387145,60
"2026-09-27T16:00:00Z","2026_03_CAR_CLE","00-0041547",5.42986718219849,5.79074153575081,7.30696720720444,7.6537918294286,9.17562052359588,9.51466424215841,9.27371126272165,9.61275498128418,60
"2026-09-27T16:00:00Z","2026_03_CIN_PIT","00-0023459",12.3276881521066,13.1284306231998,12.3446366417653,13.1453791128585,12.361585131424,13.1623276025172,15.4745148917275,16.2908717184358,60
"2026-09-27T16:00:00Z","2026_03_CIN_PIT","00-0033526",3.44767845098522,3.80834763090846,4.22593114379446,4.58413930942736,5.01353803325571,5.36959585857761,5.07395289929269,5.43001072461459,60
"2026-09-27T16:00:00Z","2026_03_CIN_PIT","00-0033757",0.275292558409511,0.312275382182965,0.37446207660385,0.411444900377305,0.47363159479819,0.510614418571644,0.575787538218948,0.612770361992403,60
"2026-09-27T16:00:00Z","2026_03_CIN_PIT","00-0034613",1.16163859739198,1.19819626248598,1.72408146163749,1.76063912673148,2.28652432588299,2.32308199097699,2.85355100250737,2.89010866760137,60
"2026-09-27T16:00:00Z","2026_03_CIN_PIT","00-0034829",3.75391559857443,3.99869636504574,5.05353397905755,5.30553179708406,6.36772492746747,6.61727655217815,7.67743389532765,7.9497259472419,60
"2026-09-27T16:00:00Z","2026_03_CIN_PIT","00-0035594",1.10095013326914,1.17557264761252,1.20145779876748,1.27608031311087,1.30196546426582,1.37658797860921,1.30918916693306,1.38381168127644,60
"2026-09-27T16:00:00Z","2026_03_CIN_PIT","00-0035631",1.50317320907612,1.63686066937838,2.17816217195237,2.30218846647969,2.84671864410112,2.9882710905245,3.51133768518129,3.68777229928938,60
"2026-09-27T16:00:00Z","2026_03_CIN_PIT","00-0035640",7.33588794176644,7.66890415543608,9.49495837851652,9.86861235162784,11.6337809778274,12.0661341003879,11.6463315705759,12.0786846931364,60
"2026-09-27T16:00:00Z","2026_03_CIN_PIT","00-0036252",4.0353715260335,4.24455066353082,5.48260307721223,5.69276278854996,6.91976058241962,7.16282289744741,6.9328987496289,7.17596106465669,60
"2026-09-27T16:00:00Z","2026_03_CIN_PIT","00-0036410",7.79633153837572,8.30348011718008,9.87678888184518,10.3469272772954,11.9574513867921,12.3903744374107,11.9709347605609,12.4038578111796,60
"2026-09-27T16:00:00Z","2026_03_CIN_PIT","00-0036442",16.0663400080776,16.6176577874232,16.0680705290195,16.6193883083651,16.0698010499613,16.6211188293069,19.4504981831135,20.0155101166196,60
"2026-09-27T16:00:00Z","2026_03_CIN_PIT","00-0036862",0.587665990247339,0.6175415128863,0.813595763509188,0.84347128614815,1.03952553677104,1.06940105941,1.04231967447054,1.0721951971095,60
"2026-09-27T16:00:00Z","2026_03_CIN_PIT","00-0036894",5.1004779496853,5.49537202903655,7.03605446851104,7.44339292862681,8.98318268270742,9.41332006170014,10.9439826710145,11.3963511557523,60
"2026-09-27T16:00:00Z","2026_03_CIN_PIT","00-0036900",10.9621210921626,11.6859468886174,14.2457541234058,15.0036693205771,17.537835787473,18.3105122459146,17.5557814144365,18.3284578728781,60
"2026-09-27T16:00:00Z","2026_03_CIN_PIT","00-0037228",11.9288321750938,12.3960622247985,13.5939004268472,14.5231142850084,15.256741749789,16.664036264215,15.3557236580213,16.7630181724473,60
"2026-09-27T16:00:00Z","2026_03_CIN_PIT","00-0038409",1.16043378809333,1.2593082308866,1.34495514908527,1.44382959187855,1.52947651007722,1.6283509528705,1.53932013967124,1.63819458246452,60
"2026-09-27T16:00:00Z","2026_03_CIN_PIT","00-0038558",2.27894938183622,2.47445669443846,3.16929739267112,3.37127458302727,4.06143098565845,4.27235389997775,4.98611154167444,5.23134981668325,60
"2026-09-27T16:00:00Z","2026_03_CIN_PIT","00-0038597",12.5292639060974,13.2643035136412,14.246224664214,14.987286784804,15.9517900518491,16.7119091537301,15.9886153835623,16.7487344854434,60
"2026-09-27T16:00:00Z","2026_03_CIN_PIT","00-0039739",3.30629961933119,3.49938756485574,4.5299937334553,4.70672603078658,5.73007599345186,5.93002548265832,5.75859764041004,5.95854712961649,60
"2026-09-27T16:00:00Z","2026_03_CIN_PIT","00-0039814",1.15127567353854,1.42695436294272,1.57500666247597,1.8569479030632,2.00421936078064,2.29306323797267,2.43868943926702,2.72888215583637,60
"2026-09-27T16:00:00Z","2026_03_CIN_PIT","00-0040208",0.688475703082438,0.742727484665632,0.788755979432177,0.843007761015372,0.889036255781917,0.943288037365112,0.895752685621954,0.950004467205148,60
"2026-09-27T16:00:00Z","2026_03_CIN_PIT","00-0040534",0.602877925140187,0.650411889221356,0.761286363033889,0.808820327115058,0.919694800927592,0.967228765008761,0.9228703838427,0.97040434792387,60
"2026-09-27T16:00:00Z","2026_03_CIN_PIT","00-0040785",1.4710802225282,1.53110981253717,1.74290198475571,1.80293157476468,2.01472374698323,2.0747533369922,2.01837539996376,2.07840498997273,60
"2026-09-27T16:00:00Z","2026_03_CIN_PIT","00-0041069",0.796575464957247,0.843648728437716,1.08052660723867,1.12759987071914,1.36447774952009,1.41155101300056,1.36812940250062,1.41520266598109,60
"2026-09-27T16:00:00Z","2026_03_CIN_PIT","00-0041116",0.536784795334924,0.555908697472764,0.726329838285414,0.745453740423255,0.915874881235905,0.934998783373745,1.10987008943559,1.12899399157343,39
"2026-09-27T16:00:00Z","2026_03_CIN_PIT","00-0041397",0.531756375223483,0.60043887328743,0.694413716965822,0.763096215029769,0.857071058708161,0.925753556772108,0.860722711688692,0.929405209752638,60
"2026-09-27T16:00:00Z","2026_03_CIN_PIT","00-0041398",0.669078060644366,0.726859538753364,0.790931789601313,0.848713267710311,0.912785518558261,0.970566996667259,0.921329257384521,0.979110735493519,60
"2026-09-27T16:00:00Z","2026_03_CIN_PIT","00-0041489",1.82071566512996,1.98748972203173,2.46854820902864,2.63532226593041,3.11638075292731,3.28315480982908,3.12003240590784,3.28680646280961,60
"2026-09-27T16:00:00Z","2026_03_CIN_PIT","00-0041490",1.03104921563021,1.06768138108211,1.15290294458716,1.18953511003906,1.27475667354411,1.31138883899601,1.28330041237037,1.31993257782227,39
"2026-09-27T16:00:00Z","2026_03_HOU_IND","00-0030279",4.82025747292845,5.0044457046526,6.60679970710036,6.80961883454676,8.37222260576182,8.65022477110627,8.38711490191519,8.66511706725964,60
"2026-09-27T16:00:00Z","2026_03_HOU_IND","00-0032951",3.35107529791805,3.54489727505894,4.14924678024074,4.41793631220201,4.93399841223796,5.30758800138076,4.94553239480854,5.31912198395134,60
"2026-09-27T16:00:00Z","2026_03_HOU_IND","00-0033217",0.8095599226128,0.857098542320962,1.13173998510917,1.17927860481733,1.45392004760554,1.5014586673137,1.77906990453915,1.82660852424731,60
"2026-09-27T16:00:00Z","2026_03_HOU_IND","00-0034383",6.94998749035527,7.21267159105107,9.19917375852862,9.73137199551381,11.3176738788973,12.3197200538915,13.4484290874303,14.9570290779534,60
"2026-09-27T16:00:00Z","2026_03_HOU_IND","00-0034981",1.59314824036429,1.63890122254631,2.14349476801172,2.18924775019373,2.69384129565914,2.73959427784116,3.24721771113947,3.29297069332149,60
"2026-09-27T16:00:00Z","2026_03_HOU_IND","00-0035685",10.0691677215446,10.4519423004273,10.887838740487,11.2581889035606,11.707268384594,12.0832268221718,11.7560409912686,12.1319994288465,60
"2026-09-27T16:00:00Z","2026_03_HOU_IND","00-0035710",12.9509963400045,13.6784017879103,12.9526594836377,13.6800649315435,12.9543226272709,13.6817280751767,15.9301965081715,16.6979846146125,60
"2026-09-27T16:00:00Z","2026_03_HOU_IND","00-0036182",0.933139438197919,0.996244959993931,1.28049022260899,1.343595744405,1.62784100702006,1.69094652881608,1.63076916750832,1.69387468930433,60
"2026-09-27T16:00:00Z","2026_03_HOU_IND","00-0036223",15.1774008653328,15.8293053126321,16.6778853919846,17.3369549217266,18.1783699186363,18.8445308313123,18.2964112503118,18.9625721629878,60
"2026-09-27T16:00:00Z","2026_03_HOU_IND","00-0036556",1.25927620947932,1.28282384644522,1.68557995632474,1.70912759329064,2.11188370317015,2.13543134013606,2.54191722035203,2.56546485731793,39
"2026-09-27T16:00:00Z","2026_03_HOU_IND","00-0037292",0.498667960374789,0.525677676090323,0.669543380462744,0.696553096178278,0.8404188005507,0.867428516266234,1.01427317280617,1.04128288852171,60
"2026-09-27T16:00:00Z","2026_03_HOU_IND","00-0038608",5.367744381679,5.53970736737204,6.73756004801581,6.89738258523618,8.09278501064112,8.26957099429006,8.1035520232232,8.28033800687214,60
"2026-09-27T16:00:00Z","2026_03_HOU_IND","00-0038618",5.38096318224082,5.53668302734362,7.06219728100363,7.2514489096106,8.73634681534008,8.98845711013823,8.74707093567733,8.99918123047548,60
"2026-09-27T16:00:00Z","2026_03_HOU_IND","00-0038728",2.44684753368424,2.58626213648489,3.22530971906226,3.38034360040099,4.00444253904917,4.18544051190831,4.01775013041857,4.19874810327772,60
"2026-09-27T16:00:00Z","2026_03_HOU_IND","00-0038997",6.87916885996495,7.33630638714829,9.24100675483275,9.75704323450783,11.5705286116325,12.1571912155703,11.5813507810672,12.168013385005,60
"2026-09-27T16:00:00Z","2026_03_HOU_IND","00-0039163",14.757156898697,15.344994676334,14.758794407997,15.346632185634,14.760431917297,15.348269694934,18.0813981750337,18.73531193564,60
"2026-09-27T16:00:00Z","2026_03_HOU_IND","00-0039359",0.760160196381466,0.816491742160714,1.19972788661686,1.25605943239611,1.63929557685226,1.69562712263151,2.08190627138826,2.13823781716751,60
"2026-09-27T16:00:00Z","2026_03_HOU_IND","00-0039603",0.805464030320622,0.876317708601958,0.878038759053778,0.948892437335114,0.950613487786934,1.02146716606827,0.957383186607907,1.02823686488924,60
"2026-09-27T16:00:00Z","2026_03_HOU_IND","00-0039816",0.43851243075601,0.471492448397025,0.597754933397728,0.630734951038743,0.756997436039446,0.789977453680461,0.759912927708611,0.792892945349626,60
"2026-09-27T16:00:00Z","2026_03_HOU_IND","00-0040128",6.63691303471812,6.95776348380781,9.03873104074976,9.36220632269442,11.40749386359,11.7795541301199,13.8052066300669,14.215592632658,60
"2026-09-27T16:00:00Z","2026_03_HOU_IND","00-0040138",4.18545378689996,4.43504825589011,5.41397946265472,5.65763462713653,6.64013818005766,6.87650602820486,6.65105549239804,6.88742334054524,60
"2026-09-27T16:00:00Z","2026_03_HOU_IND","00-0040179",1.36495692384451,1.39682068122456,1.45999888515101,1.49186264253106,1.55504084645751,1.58690460383756,1.56274457824156,1.59460833562161,39
"2026-09-27T16:00:00Z","2026_03_HOU_IND","00-0040583",5.85428343966901,6.381798894529,6.77466498977074,7.32046099462662,7.69504653987247,8.26418703786394,7.75966586023765,8.32880635822912,60
"2026-09-27T16:00:00Z","2026_03_HOU_IND","00-0041125",0.933406477551216,1.00634526143513,1.16442462699334,1.23736341087725,1.39544277643546,1.46838156031937,1.40398651526172,1.47692529914563,60
"2026-09-27T16:00:00Z","2026_03_HOU_IND","00-0041132",1.17929973893225,1.21130092189383,1.38738895888538,1.41939014184696,1.59547817883851,1.62747936180009,1.59949081505612,1.6314919980177,60
"2026-09-27T16:00:00Z","2026_03_HOU_IND","00-0041467",0.633932917174899,0.657753171765935,0.842022137128029,0.865842391719066,1.05011135708116,1.0739316116722,1.05412399329878,1.07794424788981,60
"2026-09-27T16:00:00Z","2026_03_HOU_IND","00-0041472",0.777013895137852,0.815075861908101,1.03434020903446,1.07240217580471,1.29166652293107,1.32972848970132,1.55303083229712,1.59109279906737,60
"2026-09-27T16:00:00Z","2026_03_KC_MIA","00-0030506",7.93336706744316,8.25589138070283,10.1583070998737,10.4887010022523,12.3776294875244,12.7602927650792,14.6053387827509,15.0533097137727,60
"2026-09-27T16:00:00Z","2026_03_KC_MIA","00-0033873",18.7688666819704,19.8199287496821,18.794698153148,19.8457602208597,18.8205296243256,19.8715916920373,21.8341842953601,22.8765882588631,60
"2026-09-27T16:00:00Z","2026_03_KC_MIA","00-0036637",1.45198865159067,1.52949452014247,1.91377914375461,1.99128501230641,2.37556963591855,2.45307550447035,2.84032579387605,2.91783166242785,60
"2026-09-27T16:00:00Z","2026_03_KC_MIA","00-0037252",3.50199968946027,3.69103027718,4.67591949957086,4.89272996283153,5.84858067131507,6.09722524108284,7.05661712601772,7.34636927548632,60
"2026-09-27T16:00:00Z","2026_03_KC_MIA","00-0037666",1.61573348288541,1.67025919379071,2.18479628843448,2.23932199933979,2.75385909398356,2.80838480488886,2.75681660165883,2.81134231256413,60
"2026-09-27T16:00:00Z","2026_03_KC_MIA","00-0038104",3.12306222758612,3.37399639951056,3.85294506595473,4.10991152824912,4.57294374184872,4.84536535532627,4.58391585671981,4.85633747019736,60
"2026-09-27T16:00:00Z","2026_03_KC_MIA","00-0038128",13.9241690683796,14.7498233150631,13.9261319559918,14.7517862026753,13.928094843604,14.7537490902876,16.6345928563925,17.540214912136,60
"2026-09-27T16:00:00Z","2026_03_KC_MIA","00-0038134",17.0989104837214,18.1409635188737,18.8001014747603,19.7935441124771,20.4580936943467,21.4703273029113,20.4934616516716,21.5056952602362,60
"2026-09-27T16:00:00Z","2026_03_KC_MIA","00-0038489",0.428328215601955,0.481924336877365,0.541028743098003,0.594624864373412,0.65372927059405,0.70732539186946,0.660952162370266,0.714548283645675,60
"2026-09-27T16:00:00Z","2026_03_KC_MIA","00-0038519",0.479855638167497,0.532217643267643,0.581256238015757,0.633618243115903,0.682656837864017,0.735018842964162,0.685403682670284,0.73776568777043,60
"2026-09-27T16:00:00Z","2026_03_KC_MIA","00-0038824",1.6862393991623,1.72659147948341,1.90682767121102,1.94717975153214,2.12741594325975,2.16776802358086,2.13026884377171,2.17062092409282,60
"2026-09-27T16:00:00Z","2026_03_KC_MIA","00-0039040",12.3196404592864,12.889938466859,14.168619758096,14.7270368646723,16.0089687160148,16.5640383759117,16.0447390528867,16.5998087127835,60
"2026-09-27T16:00:00Z","2026_03_KC_MIA","00-0039067",7.97957622982514,8.42488846630542,10.1132054309064,10.5634497460511,12.2347602466393,12.7031228686941,12.2472141277504,12.7155767498052,60
"2026-09-27T16:00:00Z","2026_03_KC_MIA","00-0039824",0.510520819005383,0.554335175642598,0.685912862529727,0.729727219166943,0.861304906054072,0.905119262691287,1.04047769636026,1.08429205299747,58
"2026-09-27T16:00:00Z","2026_03_KC_MIA","00-0039880",5.4821276144444,5.81479738963659,7.37256853927612,7.69310952424238,9.26300946410785,9.5950527746157,9.34830680504029,9.68035011554814,60
"2026-09-27T16:00:00Z","2026_03_KC_MIA","00-0039894",6.31013243569981,6.53999193783765,8.06273360124681,8.30795230828789,9.82162650183654,10.0767296093113,9.83252216473387,10.0876252722087,60
"2026-09-27T16:00:00Z","2026_03_KC_MIA","00-0040078",1.54499654514353,1.6041720396862,2.015798876932,2.07497437147466,2.48660120872046,2.54577670326313,2.49334569381379,2.55252118835646,60
"2026-09-27T16:00:00Z","2026_03_KC_MIA","00-0040081",0.695377292696256,0.75178093022276,0.952703606592866,1.00910724411937,1.21002992048948,1.26643355801598,1.47139422985552,1.52779786738203,60
"2026-09-27T16:00:00Z","2026_03_KC_MIA","00-0040198",2.06354170934059,2.28352176226816,2.2895319392951,2.50951199222267,2.51552216924961,2.73550222217718,2.5518552115696,2.77183526449716,60
"2026-09-27T16:00:00Z","2026_03_KC_MIA","00-0040646",0.699440524397325,0.793152723096431,1.03231459625076,1.12602679494987,1.3651886681042,1.45890086680331,1.36821566331552,1.46192786201462,60
"2026-09-27T16:00:00Z","2026_03_KC_MIA","00-0040890",0.588069064044941,0.623083648570524,0.75072640578728,0.785740990312863,0.913383747529619,0.948398332055202,0.917035400510149,0.952049985035733,60
"2026-09-27T16:00:00Z","2026_03_KC_MIA","00-0041013",5.40430325783297,5.70729894736251,6.19609895196348,6.5274283214119,6.99526511926851,7.35605447297466,7.04299470839577,7.40378406210191,60
"2026-09-27T16:00:00Z","2026_03_KC_MIA","00-0041077",0.620187096874951,0.663066403536081,0.895027409153163,0.937906715814292,1.16986772143137,1.2127470280925,1.44976126295018,1.49264056961131,60
"2026-09-27T16:00:00Z","2026_03_KC_MIA","00-0041436",1.08679937894209,1.10966596283324,1.32994690843812,1.35281349232927,1.57309443793415,1.5959610218253,1.58163817676041,1.60450476065156,60
"2026-09-27T16:00:00Z","2026_03_KC_MIA","00-0041524",0.745453527808189,0.805187393518704,1.01490922175871,1.07464308746922,1.28436491570923,1.34409878141974,1.55785860512918,1.61759247083969,60
"2026-09-27T16:00:00Z","2026_03_KC_MIA","00-0041525",3.04222106600325,3.19738003178548,3.88550117501181,4.0572365273866,4.71988955349122,4.90469113693192,4.73456113710721,4.91936272054791,60
"2026-09-27T16:00:00Z","2026_03_KC_MIA","00-0041529",2.36393646299399,2.52794374913281,3.12833123015108,3.3108363792245,3.85803342197708,4.08467457135664,3.87270500559307,4.09934615497263,60
"2026-09-27T16:00:00Z","2026_03_KC_MIA","00-0041579",0.647738229170942,0.680951153450589,0.922578541449153,0.9557914657288,1.19741885372736,1.23063177800701,1.47731239524617,1.51052531952582,60
"2026-09-27T16:00:00Z","2026_03_LAC_BUF","00-0034272",1.80814647216442,1.88781567182368,2.52652568313344,2.60619488279269,3.24490489410246,3.32457409376171,3.24810112100908,3.32777032066833,60
"2026-09-27T16:00:00Z","2026_03_LAC_BUF","00-0034827",7.35136554994141,7.75916124302505,9.2555406584882,9.67843275672295,11.1604294534338,11.6065505497864,11.1734262683814,11.619547364734,60
"2026-09-27T16:00:00Z","2026_03_LAC_BUF","00-0034857",23.2498075395956,24.2123128902121,23.2513917026479,24.2138970532643,23.2529758657001,24.2154812163166,26.4945765692574,27.3798014543701,60
"2026-09-27T16:00:00Z","2026_03_LAC_BUF","00-0035125",0.5920518411849,0.658921917963172,0.769939624527627,0.8368097013059,0.947827407870355,1.01469748464863,0.955089669623266,1.02195974640154,60
"2026-09-27T16:00:00Z","2026_03_LAC_BUF","00-0035500",1.38418824578173,1.42957021615896,2.06034620755893,2.10572817793616,2.73650416933612,2.78188613971336,2.74050611011969,2.78588808049693,60
"2026-09-27T16:00:00Z","2026_03_LAC_BUF","00-0035537",3.3553560270149,3.48144353598925,4.00669996721802,4.13278747619237,4.65804390742115,4.7841314163955,4.66488916512201,4.79097667409636,60
"2026-09-27T16:00:00Z","2026_03_LAC_BUF","00-0035689",1.92611934504942,2.10037824688253,2.59866325831229,2.81459142294032,3.26776887954854,3.5342042857614,3.94818560883476,4.27188613297512,60
"2026-09-27T16:00:00Z","2026_03_LAC_BUF","00-0036355",15.5641734259156,16.5257917102528,15.565858066605,16.5274763509422,15.5675427072943,16.5291609916315,18.703463942346,19.6952022049919,60
"2026-09-27T16:00:00Z","2026_03_LAC_BUF","00-0036988",3.01440649958758,3.1260428583252,3.63483285200821,3.74646921074582,4.25525920442883,4.36689556316645,4.25820031159012,4.36983667032773,60
"2026-09-27T16:00:00Z","2026_03_LAC_BUF","00-0037248",14.6530757941032,15.4426066701496,15.5969145595835,16.4226352077471,16.5407533250638,17.4078676043329,16.6419320843603,17.5090463636294,60
"2026-09-27T16:00:00Z","2026_03_LAC_BUF","00-0037261",6.32058551596016,6.62833958481051,8.31528633704761,8.6299566117857,10.3058547246917,10.7286878047462,10.329952351384,10.7527854314384,60
"2026-09-27T16:00:00Z","2026_03_LAC_BUF","00-0038454",2.89249395624714,3.1678117773464,3.25945637426114,3.53477419536041,3.62641879227514,3.90173661337441,3.66291691226133,3.9382347333606,60
"2026-09-27T16:00:00Z","2026_03_LAC_BUF","00-0038544",5.34289185972174,5.63605555257448,6.90124514186253,7.20561741991487,8.4723787706374,8.78056605798564,8.49305176767024,8.80123905501848,60
"2026-09-27T16:00:00Z","2026_03_LAC_BUF","00-0038573",0.556491159729353,0.603362595881061,0.721140156333521,0.76801159248523,0.88578915293769,0.932660589089399,0.888530254101732,0.93540169025344,60
"2026-09-27T16:00:00Z","2026_03_LAC_BUF","00-0038933",8.2104563325618,8.51472985656153,10.4384694673193,10.7195908919194,12.6432137156232,12.9459818290469,14.8533917078051,15.1863382098618,60
"2026-09-27T16:00:00Z","2026_03_LAC_BUF","00-0039391",3.02599216369161,3.16635125102267,3.35353467632482,3.49389376365587,3.68107718895802,3.82143627628908,3.68754701199927,3.82790609933033,60
"2026-09-27T16:00:00Z","2026_03_LAC_BUF","00-0039489",0.527184768071172,0.567558338578394,0.682131315563504,0.722504886070726,0.837077863055836,0.877451433563058,0.996137938179405,1.03651150868663,60
"2026-09-27T16:00:00Z","2026_03_LAC_BUF","00-0039875",2.06235300462015,2.11591085076722,2.32426973201472,2.37782757816178,2.58618645940928,2.63974430555635,2.59251399696418,2.64607184311125,60
"2026-09-27T16:00:00Z","2026_03_LAC_BUF","00-0039901",3.29209768791506,3.3939055773362,4.31165617922912,4.41346406865026,5.33121467054318,5.43302255996432,5.34377278644443,5.44558067586557,60
"2026-09-27T16:00:00Z","2026_03_LAC_BUF","00-0039915",7.94296609090533,8.33530153509446,10.3363845794799,10.7765275698129,12.7300125423614,13.2177536045314,12.740810545828,13.228551607998,60
"2026-09-27T16:00:00Z","2026_03_LAC_BUF","00-0040189",5.4909490617554,5.69579747373046,7.19183010159559,7.39505056606262,8.89961978807951,9.09512402706853,10.5939220271228,10.8082020447953,60
"2026-09-27T16:00:00Z","2026_03_LAC_BUF","00-0040194",0.854980465992506,0.914799576169208,1.10819685321368,1.16801596339038,1.36141324043484,1.42123235061155,1.61762708195662,1.67744619213333,60
"2026-09-27T16:00:00Z","2026_03_LAC_BUF","00-0040331",0.683354969316224,0.773628986389961,0.958195281594435,1.04846929866817,1.23303559387265,1.32330961094638,1.51292913539145,1.60320315246519,60
"2026-09-27T16:00:00Z","2026_03_LAC_BUF","00-0040363",0.528309495421805,0.600013699176959,0.762036843803863,0.833741047559017,0.99576419218592,1.06746839594107,1.23295505549138,1.30465925924654,60
"2026-09-27T16:00:00Z","2026_03_LAC_BUF","00-0040666",11.4179416704978,12.1183426719401,12.3612237605251,13.077892144016,13.2848439191324,14.0222496119573,13.4646826402538,14.2020883330787,60
"2026-09-27T16:00:00Z","2026_03_LAC_BUF","00-0040727",4.35665360852102,4.69544724040868,5.71819643521413,6.10743300767279,7.07973926190725,7.52521378089364,7.09070471124262,7.53617923022902,60
"2026-09-27T16:00:00Z","2026_03_LAC_BUF","00-0041443",1.17316467290534,1.21463666733955,1.47489404183738,1.51636603627159,1.77662341076942,1.81809540520363,1.78115314377913,1.82262513821334,43
"2026-09-27T23:20:00Z","2026_03_LA_DEN","00-0026498",14.1557298325536,15.015435399376,14.1573090382591,15.0170146050815,14.1588882439646,15.018593810787,17.2548728565609,18.2298129524586,60
"2026-09-27T23:20:00Z","2026_03_LA_DEN","00-0031381",10.2768926701217,10.6418207973527,13.054368200708,13.4735635975988,15.8187499894691,16.2974095376328,15.8295371471904,16.3081966953541,60
"2026-09-27T23:20:00Z","2026_03_LA_DEN","00-0033110",1.9931709375203,2.36616683662335,2.72539703357141,3.09839293267446,3.45762312962251,3.83061902872556,4.25644985321231,4.62944575231536,60
"2026-09-27T23:20:00Z","2026_03_LA_DEN","00-0033881",3.50563716659173,3.70156351922597,4.85183392684205,5.05365909173641,6.19047544645595,6.4237105108649,7.52572531691833,7.82506836053792,60
"2026-09-27T23:20:00Z","2026_03_LA_DEN","00-0034348",5.43274252113241,5.68708231158679,7.07374792323513,7.37803733283146,8.71851967510019,9.07269264407484,8.73040436476064,9.0845773337353,60
"2026-09-27T23:20:00Z","2026_03_LA_DEN","00-0035406",1.25210379943196,1.2733944279883,1.70556697750552,1.72685760606186,2.15903015557908,2.18032078413542,2.16349246644281,2.18478309499915,40
"2026-09-27T23:20:00Z","2026_03_LA_DEN","00-0036158",8.20835989053634,8.73142933503474,8.63588003963931,9.15894948413771,9.06340018874228,9.58646963324068,9.10013843270528,9.62320787720367,60
"2026-09-27T23:20:00Z","2026_03_LA_DEN","00-0036244",3.17803559585889,3.43907075983544,4.47262769248045,4.72198693528291,5.77520874126433,6.02055323498053,7.09747796448572,7.39325169159415,60
"2026-09-27T23:20:00Z","2026_03_LA_DEN","00-0036422",1.52877174634279,1.71729519867884,2.0391911468807,2.22272728679167,2.53271688537876,2.73877764078482,3.03716155170029,3.29654513029015,60
"2026-09-27T23:20:00Z","2026_03_LA_DEN","00-0036613",8.29660944763712,8.67319574435521,10.7579191730714,11.1710872670396,13.2033954745708,13.6628485019757,13.2156768663638,13.6751298937687,60
"2026-09-27T23:20:00Z","2026_03_LA_DEN","00-0036727",0.669510567110644,0.726995848314224,0.861605693808423,0.919090975012003,1.0537008205062,1.11118610170978,1.06008613278826,1.11757141399184,60
"2026-09-27T23:20:00Z","2026_03_LA_DEN","00-0036849",1.62257897768934,1.64565438926255,1.99044547369284,2.01352088526606,2.35831196969635,2.38138738126956,2.36117200500062,2.38424741657384,40
"2026-09-27T23:20:00Z","2026_03_LA_DEN","00-0037085",1.51107017079816,1.60021829572035,1.99732655682529,2.08647468174747,2.48358294285242,2.5727310677746,2.49242429734425,2.58157242226643,60
"2026-09-27T23:20:00Z","2026_03_LA_DEN","00-0037840",10.2200446276445,10.7064034517997,11.0774531816411,11.8436209962109,11.8011104996756,12.9781102590414,11.919696309402,13.0966960687678,60
"2026-09-27T23:20:00Z","2026_03_LA_DEN","00-0038359",1.32204097834336,1.36070134055759,1.62437873464579,1.66303909686002,1.92671649094822,1.96537685316245,1.92939667471662,1.96805703693084,60
"2026-09-27T23:20:00Z","2026_03_LA_DEN","00-0038783",1.02889951122778,1.07734101632323,1.44618845593033,1.49462996102578,1.86347740063288,1.91191890572834,2.28379740508142,2.33223891017688,60
"2026-09-27T23:20:00Z","2026_03_LA_DEN","00-0038976",2.7341194495366,2.77344399460368,3.71967436439854,3.75899890946562,4.70522927926048,4.74455382432756,4.70801568992931,4.7473402349964,40
"2026-09-27T23:20:00Z","2026_03_LA_DEN","00-0039074",1.01702744348354,1.07406757083155,1.43412704005741,1.49116716740542,1.85122663663128,1.90826676397929,2.27126529396536,2.32830542131337,60
"2026-09-27T23:20:00Z","2026_03_LA_DEN","00-0039732",14.0831287827215,15.3485512315516,14.0854773513701,15.3508998002002,14.0878259200186,15.3532483688487,16.8704719605077,18.3676108434877,60
"2026-09-27T23:20:00Z","2026_03_LA_DEN","00-0039738",6.84869695175124,7.29214236406804,7.1714776661438,7.67194573177653,7.49121996159036,8.04560726182083,7.5266058121448,8.08099311237528,60
"2026-09-27T23:20:00Z","2026_03_LA_DEN","00-0039751",1.28891871734468,1.53238535470415,1.69066864241975,1.93413527977922,2.09241856749481,2.33588520485428,2.09519396143081,2.33866059879028,60
"2026-09-27T23:20:00Z","2026_03_LA_DEN","00-0039868",2.69251835471374,2.76095181826873,3.56203988030315,3.63047334385814,4.43156140589256,4.49999486944756,4.44214544097626,4.51057890453126,60
"2026-09-27T23:20:00Z","2026_03_LA_DEN","00-0040134",4.24039690022887,4.57516496369988,5.57758453509237,5.97297454076545,6.94787656747322,7.38524578571762,6.95889601570344,7.39626523394784,60
"2026-09-27T23:20:00Z","2026_03_LA_DEN","00-0040590",1.23794708123606,1.30376916466981,1.586266540555,1.65208862398874,1.93458599987393,2.00040808330768,1.93729938071225,2.003121464146,60
"2026-09-27T23:20:00Z","2026_03_LA_DEN","00-0040730",5.48213350931407,5.85937031046781,6.86499712963895,7.31592370564933,8.26116172192807,8.77206851542827,8.31778640125359,8.82869319475379,60
"2026-09-27T23:20:00Z","2026_03_LA_DEN","00-0040737",6.95090923583149,7.1916285398285,8.66041289384232,9.31151237250542,10.3090519562458,11.4250217541065,11.969519878117,13.5592566779541,60
"2026-09-27T23:20:00Z","2026_03_LA_DEN","00-0041133",0.652081265764167,0.669955827595891,0.926921578042378,0.944796139874103,1.20176189032059,1.21963645215231,1.4816554318394,1.49952999367112,40
"2026-09-27T23:20:00Z","2026_03_LA_DEN","00-0041292",0.9505811968561,0.985829502728504,1.25231056578814,1.28755887166054,1.55403993472018,1.58928824059258,1.55856966772989,1.59381797360229,60
"2026-09-27T23:20:00Z","2026_03_LA_DEN","00-0041399",0.899393760483247,0.917268322314972,1.20112312941529,1.21899769124701,1.50285249834732,1.52072706017905,1.50738223135703,1.52525679318876,40
"2026-09-27T23:20:00Z","2026_03_LA_DEN","00-0041415",1.18765055666716,1.21433261251027,1.4136892238823,1.44037127972541,1.63972789109743,1.66640994694055,1.65014335798349,1.6768254138266,60
"2026-09-27T23:20:00Z","2026_03_LA_DEN","00-0041510",0.595625265613487,0.63680694461206,0.870465577891698,0.911647256890271,1.14530589016991,1.18648756916848,1.42519943168872,1.46638111068729,60
"2026-09-27T19:25:00Z","2026_03_LV_NO","00-0029604",12.1443848772455,12.7659646112726,12.1461976031872,12.7677773372142,12.1480103291288,12.7695900631559,15.1490703365234,15.8424528393615,60
"2026-09-27T19:25:00Z","2026_03_LV_NO","00-0033906",5.88831338098699,6.470257180129,7.24284555765972,7.81344403225206,8.59737773433245,9.15663088437512,8.67502266440524,9.2342758144479,60
"2026-09-27T19:25:00Z","2026_03_LV_NO","00-0034365",0.882862045043772,0.936228289934059,1.23796360185267,1.29132984674296,1.59306515866158,1.64643140355186,1.95116676055089,2.00453300544118,60
"2026-09-27T19:25:00Z","2026_03_LV_NO","00-0035644",1.92667523180326,2.20338945391666,2.67057295981218,2.99913568651773,3.41692692819574,3.79529164968299,4.22009603684093,4.65428564457553,60
"2026-09-27T19:25:00Z","2026_03_LV_NO","00-0035891",1.20104141963816,1.27429352431248,1.53720663112874,1.61045873580305,1.87337184261931,1.94662394729363,1.87628913704041,1.94954124171473,60
"2026-09-27T19:25:00Z","2026_03_LV_NO","00-0036040",4.9255807255576,5.42301411979811,6.65171346987533,7.14394082795976,8.36375589219386,8.87607235732912,10.1491113615927,10.6705426994804,60
"2026-09-27T19:25:00Z","2026_03_LV_NO","00-0036973",8.16161069095992,8.55626960687895,9.08653176003432,9.47767548255054,10.0114528291087,10.4046875194398,10.0474434583156,10.4406781486467,60
"2026-09-27T19:25:00Z","2026_03_LV_NO","00-0037093",0.896076494542958,0.982528818883253,1.07385787472503,1.16031019906533,1.25163925490711,1.33809157924741,1.25438994820809,1.34084227254839,60
"2026-09-27T19:25:00Z","2026_03_LV_NO","00-0037231",1.36055802511717,1.44105654956408,1.90941251074945,1.98991103519637,2.45826699638173,2.53876552082865,2.46113537173285,2.54163389617976,60
"2026-09-27T19:25:00Z","2026_03_LV_NO","00-0037239",10.3696683432517,10.9255372414377,13.3554368538182,14.026595211507,16.3630142292719,17.119004178585,16.390888254002,17.1468782033151,60
"2026-09-27T19:25:00Z","2026_03_LV_NO","00-0037291",3.6654665229366,3.8908426808909,4.84192251176504,5.08656612363897,5.99995841200229,6.28149858623336,6.010739768015,6.29227994224607,60
"2026-09-27T19:25:00Z","2026_03_LV_NO","00-0037304",0.741528472939799,0.805181960238047,0.849073594990745,0.912727082288993,0.956618717041691,1.02027220433994,0.962971945609239,1.02662543290749,60
"2026-09-27T19:25:00Z","2026_03_LV_NO","00-0038551",2.70352324620739,2.86536234870985,2.96417918833609,3.12601829083856,3.2248351304648,3.38667423296726,3.23196620884712,3.39380531134959,60
"2026-09-27T19:25:00Z","2026_03_LV_NO","00-0038563",5.74091889242247,6.01935845019845,7.41177505773923,7.70466894920031,9.0893639566031,9.39578520092515,9.10014430667001,9.40656555099205,60
"2026-09-27T19:25:00Z","2026_03_LV_NO","00-0039066",3.51622618540265,3.72664393450469,4.74584594407293,4.96561779654829,5.96185619545793,6.21723145935336,7.19571768614107,7.47658065508898,60
"2026-09-27T19:25:00Z","2026_03_LV_NO","00-0039338",6.60631643147525,6.88227142179759,8.89063356251022,9.14378051513552,11.147001374007,11.4590642623606,13.414152563616,13.7697722718116,60
"2026-09-27T19:25:00Z","2026_03_LV_NO","00-0039407",0.493704272374212,0.54194901018142,0.579438884885535,0.627683622692744,0.665173497396858,0.713418235204067,0.672986866154168,0.721231603961377,60
"2026-09-27T19:25:00Z","2026_03_LV_NO","00-0039424",6.29892456620863,6.80183260802198,8.23703186527335,8.89487402206805,9.87328290863385,11.0134721575116,9.88426796040233,11.0244572092801,60
"2026-09-27T19:25:00Z","2026_03_LV_NO","00-0039518",0.314430481866924,0.34920449978671,0.431438700521937,0.466212718441722,0.548446919176949,0.583220937096734,0.66909230489809,0.703866322817876,60
"2026-09-27T19:25:00Z","2026_03_LV_NO","00-0040122",13.5378455030162,14.0519993079349,15.4671346500464,15.9781795697726,17.3964237970766,17.9135143266921,17.4400252289019,17.9571157585174,60
"2026-09-27T19:25:00Z","2026_03_LV_NO","00-0040729",2.45201200883262,2.67964623776636,3.27764499332152,3.51144651543383,4.0590004969337,4.36479018939068,4.07008058782097,4.37587028027795,60
"2026-09-27T19:25:00Z","2026_03_LV_NO","00-0040743",17.1819613984998,18.004406528822,17.1837703930152,18.0062155233373,17.1855793875305,18.0080245178526,20.4748198046467,21.3713579716036,60
"2026-09-27T19:25:00Z","2026_03_LV_NO","00-0040878",2.45488941708857,2.97499621467791,2.57674314604552,3.24492582355146,2.69859687500247,3.51485543242501,2.70714061382873,3.56258502155227,60
"2026-09-27T19:25:00Z","2026_03_LV_NO","00-0040894",0.593054245519689,0.717955088688235,0.864876007747203,0.98977685091575,1.13669776997472,1.26159861314326,1.14034942295525,1.26525026612379,60
"2026-09-27T19:25:00Z","2026_03_LV_NO","00-0041041",0.827368101522476,0.875075981195114,1.17208555826607,1.21979343793871,1.51680301500966,1.5645108946823,1.86597063700245,1.91367851667509,60
"2026-09-27T19:25:00Z","2026_03_LV_NO","00-0041067",2.69132114766226,2.9070198323491,3.4751231122971,3.69024768007223,4.28102926050881,4.50543285096519,4.2957008441248,4.52010443458118,60
"2026-09-27T19:25:00Z","2026_03_LV_NO","00-0041099",0.731207927027622,0.759863091186863,0.893865268769961,0.922520432929202,1.0565226105123,1.08517777467154,1.06017426349283,1.08882942765207,39
"2026-09-27T19:25:00Z","2026_03_LV_NO","00-0041326",0.879627707522331,1.0386290548061,1.11064585696445,1.26964720424822,1.34166400640658,1.50066535369034,1.35020774523284,1.5092090925166,60
"2026-09-27T19:05:00Z","2026_03_MIN_TB","00-0033293",10.6029201533477,11.2163673640906,11.3569775991607,12.2302690050035,12.1814909404739,13.2170256300215,12.241386381004,13.2769210705516,60
"2026-09-27T19:05:00Z","2026_03_MIN_TB","00-0033921",5.41831146913334,5.59363636496336,7.07867910124078,7.23827159002259,8.71171062700991,8.90362695980624,8.72315045292279,8.91506678571911,60
"2026-09-27T19:05:00Z","2026_03_MIN_TB","00-0034855",14.3285864358232,15.1400144496211,14.3301857981629,15.1416138119608,14.3317851605026,15.1432131743005,17.4954107878412,18.3806828528757,60
"2026-09-27T19:05:00Z","2026_03_MIN_TB","00-0035228",15.2236593874696,15.927532532326,15.2256553515911,15.9295284964476,15.2276513157127,15.9315244605691,18.2335420308091,18.9817774653781,60
"2026-09-27T19:05:00Z","2026_03_MIN_TB","00-0035229",4.56106289855858,4.76273202688249,6.35471618903284,6.5508344541765,8.14012502355643,8.3637951694488,9.93720923578266,10.1851227902639,60
"2026-09-27T19:05:00Z","2026_03_MIN_TB","00-0035249",2.05412626494927,2.22844868466553,2.79310342064757,2.96399265968484,3.53091896622745,3.70426364972381,4.28003285707965,4.47886564846362,60
"2026-09-27T19:05:00Z","2026_03_MIN_TB","00-0036259",2.89007133253655,3.0773521505466,3.68979316983712,3.8958726692582,4.48286439827302,4.70851710716966,4.52270929139379,4.74836200029043,60
"2026-09-27T19:05:00Z","2026_03_MIN_TB","00-0036322",10.0430896687174,10.6504312811905,12.9572359510644,13.5534957812212,15.8445793913442,16.4569315039503,15.8557710779166,16.4681231905227,60
"2026-09-27T19:05:00Z","2026_03_MIN_TB","00-0036425",1.29224526132508,1.39474306668883,1.53013713439489,1.63263493975864,1.76802900746471,1.87052681282845,1.77486265239071,1.87736045775446,60
"2026-09-27T19:05:00Z","2026_03_MIN_TB","00-0036919",4.64334990981713,4.9087750559384,5.61091700831457,5.89628896154215,6.5697008676898,6.87472491165028,6.61397237051839,6.91899641447887,60
"2026-09-27T19:05:00Z","2026_03_MIN_TB","00-0037311",0.343285561531194,0.370584348537199,0.446866290751284,0.47416507775729,0.550447019971375,0.57774580697738,0.657442754596258,0.684741541602263,60
"2026-09-27T19:05:00Z","2026_03_MIN_TB","00-0038129",4.07701945739614,4.48377082659164,5.53549363146525,6.05636086413923,6.66960463852532,7.62839281944047,7.81142752617945,9.21234889932935,60
"2026-09-27T19:05:00Z","2026_03_MIN_TB","00-0038951",2.12787784789389,2.21351662938,2.32980446426453,2.41544324575064,2.53173108063516,2.61736986212127,2.53858889708616,2.62422767857228,60
"2026-09-27T19:05:00Z","2026_03_MIN_TB","00-0038994",5.70332105704391,5.93319977964117,7.01715006139433,7.52721795654256,8.16538848176381,9.13197604396674,8.17627924630204,9.14286680850497,60
"2026-09-27T19:05:00Z","2026_03_MIN_TB","00-0039050",0.337244078049153,0.386468520347665,0.448233299032614,0.497457741331127,0.559222520016076,0.608446962314588,0.67317152045789,0.722395962756402,60
"2026-09-27T19:05:00Z","2026_03_MIN_TB","00-0039361",10.3613775232795,10.8091998249182,11.7601235373795,12.2037625464972,13.1528857006358,13.5983252680762,13.2703598410269,13.7157994084673,60
"2026-09-27T19:05:00Z","2026_03_MIN_TB","00-0039589",0.664073724985694,0.80856304324195,0.785537548013725,0.930026866269982,0.907001371041757,1.05149068929801,0.909727799226512,1.05421711748277,60
"2026-09-27T19:05:00Z","2026_03_MIN_TB","00-0039855",2.39032009998731,2.58528862731551,3.09291151473723,3.29531309903555,3.79079624438184,4.02450366034541,3.80326559901678,4.03697301498036,60
"2026-09-27T19:05:00Z","2026_03_MIN_TB","00-0040129",6.86441466372581,7.30482918485956,8.87747782559086,9.42314343045166,10.6911080726083,11.5438898745929,10.7021275208386,11.5549093228231,60
"2026-09-27T19:05:00Z","2026_03_MIN_TB","00-0040154",0.43992707480557,0.477788246612728,0.604370484611048,0.642231656418206,0.768813894416527,0.806675066223684,0.771733764012368,0.809594935819526,60
"2026-09-27T19:05:00Z","2026_03_MIN_TB","00-0040215",0.613086928272004,0.636102383174904,0.887927240550215,0.910942695453115,1.16276755282843,1.18578300773133,1.44266109434723,1.46567654925013,60
"2026-09-27T19:05:00Z","2026_03_MIN_TB","00-0040237",2.04801004414271,2.13970512431181,2.56109301353387,2.65278809370297,3.07417598292503,3.16587106309413,3.07694041408326,3.16863549425236,60
"2026-09-27T19:05:00Z","2026_03_MIN_TB","00-0040506",0.420172247095834,0.510761476881949,0.510516141049373,0.601105370835488,0.600860035002912,0.691449264789027,0.603624466161142,0.694213695947257,60
"2026-09-27T19:05:00Z","2026_03_MIN_TB","00-0041048",3.78384511906572,4.01932438879177,4.90069615909467,5.12292547627975,6.01871589373445,6.23608365238629,6.03338747735044,6.25075523600228,60
"2026-09-27T19:05:00Z","2026_03_MIN_TB","00-0041081",0.701282245626912,0.761672489178469,0.823135974583859,0.883526218135416,0.944989703540807,1.00537994709236,0.953533442367067,1.01392368591862,60
"2026-09-27T19:05:00Z","2026_03_MIN_TB","00-0041094",0.390964845328064,0.41866186311586,0.539126738739498,0.566823756527295,0.687288632150933,0.714985649938729,0.839488521031803,0.8671855388196,60
"2026-09-27T19:05:00Z","2026_03_MIN_TB","00-0041104",0.990726436557166,1.08128378255143,1.30178758636071,1.39234493235497,1.61284873616425,1.70340608215852,1.62218341315624,1.71274075915051,60
"2026-09-27T16:00:00Z","2026_03_NE_JAX","00-0032104",2.03044496907875,2.09981572460771,2.59094536965636,2.66031612518531,3.15144577023396,3.22081652576292,3.15914666869894,3.22851742422789,60
"2026-09-27T16:00:00Z","2026_03_NE_JAX","00-0033090",6.12036024725087,6.32625847997731,8.02220155500001,8.22762014672543,9.92467716062974,10.1650208415011,11.8283673232335,12.1448379566856,60
"2026-09-27T16:00:00Z","2026_03_NE_JAX","00-0033555",4.95562157760834,5.15954181839729,6.43704986151255,6.62663028471727,7.92071092877559,8.11397694766808,7.93148403128127,8.12475005017376,60
"2026-09-27T16:00:00Z","2026_03_NE_JAX","00-0034960",5.39593816844923,5.62732982020529,7.11830858190283,7.34425095212078,8.82958996171364,9.07379816150094,8.86310921337514,9.10731741316243,60
"2026-09-27T16:00:00Z","2026_03_NE_JAX","00-0036187",0.630607113850129,0.677067513549611,0.789860690914485,0.836321090613967,0.949114267978841,0.995574667678323,0.955438053913782,1.00189845361326,60
"2026-09-27T16:00:00Z","2026_03_NE_JAX","00-0036590",0.608340388862252,0.667137271653926,0.865385147921365,0.924182030713039,1.12242990698048,1.18122678977215,1.38246653724505,1.44126342003673,60
"2026-09-27T16:00:00Z","2026_03_NE_JAX","00-0036875",7.92623692459227,8.33727283134277,9.17411022469884,9.60024555972168,10.4267347725043,10.8632393284096,10.553178203247,10.9896827591522,60
"2026-09-27T16:00:00Z","2026_03_NE_JAX","00-0036971",16.7897868240544,17.5259086986618,16.7913853390463,17.5275072136537,16.7929838540383,17.5291057286456,19.9045227595579,20.7068218378291,60
"2026-09-27T16:00:00Z","2026_03_NE_JAX","00-0037816",5.98543209924003,6.14754584146506,7.60838804915865,7.80051658731335,9.21397954297656,9.46551215341238,9.22477343476992,9.47630604520575,60
"2026-09-27T16:00:00Z","2026_03_NE_JAX","00-0038564",0.394600874912907,0.441707800244752,0.483265806964087,0.530372732295932,0.571930739015266,0.619037664347111,0.663762793611681,0.710869718943526,60
"2026-09-27T16:00:00Z","2026_03_NE_JAX","00-0038606",9.15279888398837,9.7913498784666,11.6851984933017,12.4182625153291,14.091850704863,15.0424680367685,14.1027631843295,15.053380516235,60
"2026-09-27T16:00:00Z","2026_03_NE_JAX","00-0038611",4.02785187338828,4.3383641783603,4.24980052330996,4.56031282828198,4.47174917323163,4.78226147820365,4.50865512086169,4.81916742583371,60
"2026-09-27T16:00:00Z","2026_03_NE_JAX","00-0038621",4.26897669314005,4.57710400669137,5.74426312934602,6.04056902626038,7.19899691956562,7.49911671256679,7.20971649958363,7.5098362925848,60
"2026-09-27T16:00:00Z","2026_03_NE_JAX","00-0038935",4.62808908574133,4.91388172244701,6.06903787110839,6.44085771759582,7.58773423999062,7.95944223024315,9.11460062916834,9.50360067406725,60
"2026-09-27T16:00:00Z","2026_03_NE_JAX","00-0039851",16.3727753663515,17.0157072524479,16.3774754077155,17.0204072938119,16.3821754490795,17.0251073351758,19.5006145397785,20.1622124076344,60
"2026-09-27T16:00:00Z","2026_03_NE_JAX","00-0039893",5.17061044455028,5.39488124596921,6.56035448316848,6.85555754371302,7.94903203900136,8.32339167709283,7.95990176679347,8.33426140488494,60
"2026-09-27T16:00:00Z","2026_03_NE_JAX","00-0040131",1.61677547180383,1.77961355118924,2.0726475410755,2.27447778500495,2.5276963923416,2.78265748905916,2.53853238653767,2.79349348325524,60
"2026-09-27T16:00:00Z","2026_03_NE_JAX","00-0040238",0.96694303099421,1.00930356295003,1.16106511768487,1.20342564964069,1.35518720437554,1.39754773633135,1.36164930416693,1.40400983612274,60
"2026-09-27T16:00:00Z","2026_03_NE_JAX","00-0040556",1.23435374734052,1.26300735135472,1.39886967046603,1.42752327448023,1.56338559359154,1.59203919760574,1.57094267491305,1.59959627892724,60
"2026-09-27T16:00:00Z","2026_03_NE_JAX","00-0040563",1.01466985816486,1.0740508051566,1.32074135315196,1.3801223001437,1.62681284813906,1.6861937951308,1.62985988984897,1.68924083684071,60
"2026-09-27T16:00:00Z","2026_03_NE_JAX","00-0040718",0.745894163885551,1.25459721176248,0.868155862749298,1.69872590404794,0.990417561613045,2.14259045034233,1.00869883857594,2.16087172730523,60
"2026-09-27T16:00:00Z","2026_03_NE_JAX","00-0040719",9.1829678514709,9.57845219800852,10.0486251382417,10.4357021982839,10.9142824250125,11.3005459755999,10.9717658930587,11.3580294436461,60
"2026-09-27T16:00:00Z","2026_03_NE_JAX","00-0040734",7.83301558548747,8.21292476760724,8.68277971180863,9.06985634382988,9.5295846571793,9.94279922030907,9.5748479381455,9.98806250127527,60
"2026-09-27T16:00:00Z","2026_03_NE_JAX","00-0041084",0.68686363931206,0.722094668782412,0.961703951590271,0.996934981060624,1.23654426386848,1.27177529333884,1.51643780538729,1.55166883485764,60
"2026-09-27T16:00:00Z","2026_03_NE_JAX","00-0041100",1.14943557494453,1.21205230330359,1.53042175765722,1.59303848601628,1.91140794036991,1.97402466872896,1.91505959335044,1.97767632170949,60
"2026-09-27T16:00:00Z","2026_03_NE_JAX","00-0041106",0.854685666409316,0.891990640607216,1.06277488636245,1.10007986056035,1.27086410631558,1.30816908051348,1.27487674253319,1.31218171673109,34
"2026-09-27T16:00:00Z","2026_03_NE_JAX","00-0041314",0.647825133552673,0.689229561918689,0.922665445830885,0.9640698741969,1.1975057581091,1.23891018647511,1.4773992996279,1.51880372799392,60
"2026-09-27T16:00:00Z","2026_03_NE_JAX","00-0041395",1.51557956887019,1.56048935478077,1.89419968330588,1.93910946921646,2.27281979774157,2.31772958365216,2.6554779076467,2.70038769355729,34
"2026-09-27T16:00:00Z","2026_03_NE_JAX","00-0041503",0.844864005522418,0.918008497542103,1.10219031941903,1.17533481143871,1.35951663331564,1.43266112533532,1.62088094268168,1.69402543470137,60
"2026-09-27T16:00:00Z","2026_03_NYJ_DET","00-0030565",14.4617429101329,16.628082083501,14.4634314787753,16.6297706521434,14.4651200474176,16.6314592207857,17.5871437006077,20.2410093150756,60
"2026-09-27T16:00:00Z","2026_03_NYJ_DET","00-0032385",2.32017234024733,2.42954600386821,3.29065131186763,3.40002497548851,4.26113028348792,4.37050394710881,4.284255394813,4.39362905843388,60
"2026-09-27T16:00:00Z","2026_03_NYJ_DET","00-0033106",17.0908155914773,18.5316271860379,17.0929128301481,18.5337244247087,17.0950100688189,18.5358216633795,20.4969473225077,21.8593776581393,60
"2026-09-27T16:00:00Z","2026_03_NYJ_DET","00-0034270",0.976755356862871,1.00678740143997,1.32488785211571,1.35491989669281,1.67302034736855,1.70305239194565,2.0242012939409,2.054233338518,43
"2026-09-27T16:00:00Z","2026_03_NYJ_DET","00-0034959",0.550308071133653,0.575682034975818,0.702777208174629,0.728151172016793,0.855246345215604,0.880620309057769,0.861877405946492,0.887251369788657,60
"2026-09-27T16:00:00Z","2026_03_NYJ_DET","00-0035544",0.641102248952974,0.705070902133221,0.831382565086684,0.895351218266931,1.02166288122039,1.08563153440064,1.02554984306833,1.08951849624858,60
"2026-09-27T16:00:00Z","2026_03_NYJ_DET","00-0036754",1.07046937326058,1.2236252905363,1.49484203971831,1.64799795699402,1.91921470617604,2.07237062345175,2.34661582699665,2.49977174427236,60
"2026-09-27T16:00:00Z","2026_03_NYJ_DET","00-0036963",11.9898714943939,12.5795717591576,15.4782566090773,16.1180079323903,19.0177834224137,19.7603943665842,19.0301883765072,19.7727993206777,60
"2026-09-27T16:00:00Z","2026_03_NYJ_DET","00-0037240",7.84758857597672,8.85300031841296,9.76852783868613,10.8363442914908,11.6894671013955,12.8164121087402,11.7045802404407,12.8315252477854,60
"2026-09-27T16:00:00Z","2026_03_NYJ_DET","00-0037524",0.754422912075831,0.823916146642396,0.953051744792186,1.02254497935875,1.15168057750854,1.22117381207511,1.1549004195384,1.22439365410496,60
"2026-09-27T16:00:00Z","2026_03_NYJ_DET","00-0037740",10.300415318564,10.9111824318931,13.3856562079609,14.1594678569038,16.5602865039724,17.4404099438971,16.5802800251077,17.4604034650324,60
"2026-09-27T16:00:00Z","2026_03_NYJ_DET","00-0037755",0.803624836579854,0.842618098908783,1.08423412284283,1.12322738517176,1.3648434091058,1.40383667143473,1.64869943825544,1.68769270058437,60
"2026-09-27T16:00:00Z","2026_03_NYJ_DET","00-0037805",1.69831685271906,1.82842518026926,1.97176020908052,2.42750998169355,2.18785236140947,3.06624939703583,2.41820626699086,3.7197264995598,60
"2026-09-27T16:00:00Z","2026_03_NYJ_DET","00-0038120",12.144911795818,12.8216263022346,13.7864632812789,14.4410658942232,15.3534049418734,16.0594179549849,15.4176212417075,16.123634254819,60
"2026-09-27T16:00:00Z","2026_03_NYJ_DET","00-0038896",0.501305157983718,0.561748805423626,0.574089840228598,0.634533487668507,0.646874522473479,0.707318169913387,0.653654242827575,0.714097890267483,60
"2026-09-27T16:00:00Z","2026_03_NYJ_DET","00-0039065",7.09046726550572,7.45414330318912,9.34991871121909,9.74733718783795,11.6211035922586,12.0746724400785,13.888342180217,14.4428193515677,60
"2026-09-27T16:00:00Z","2026_03_NYJ_DET","00-0039139",20.2405017530455,21.3972437805292,22.4237184771069,23.5121625639042,24.6144271149799,25.6270813472793,24.7388784667361,25.7515326990355,60
"2026-09-27T16:00:00Z","2026_03_NYJ_DET","00-0039364",2.28995762645472,2.48380013718405,2.59563634077137,2.7894788515007,2.90131505508803,3.09515756581735,2.9388216746257,3.13266418535503,60
"2026-09-27T16:00:00Z","2026_03_NYJ_DET","00-0039451",5.12548905713738,5.35486159142204,6.83982308672635,7.07193201572741,8.55415711631532,8.7915986615085,8.5651134421703,8.80255498736348,60
"2026-09-27T16:00:00Z","2026_03_NYJ_DET","00-0039794",3.58412723284332,3.93415581968084,3.97562397375741,4.32565256059493,4.3671207146715,4.71714930150902,4.43632664792973,4.78635523476725,60
"2026-09-27T16:00:00Z","2026_03_NYJ_DET","00-0039798",2.13313783310835,2.18273935287259,2.56047314176665,2.61007466153089,2.98780845042495,3.03740997018919,2.9944416087129,3.04404312847714,60
"2026-09-27T16:00:00Z","2026_03_NYJ_DET","00-0040390",0.494701981423746,0.561365276469008,0.644499126690519,0.71116242173578,0.794296271957291,0.860959567002553,0.948149950091387,1.01481324513665,60
"2026-09-27T16:00:00Z","2026_03_NYJ_DET","00-0040405",0.930362169092789,0.990220480716152,1.23209153802483,1.29194984964819,1.53382090695687,1.59367921858023,1.53835063996658,1.59820895158994,60
"2026-09-27T16:00:00Z","2026_03_NYJ_DET","00-0040669",2.8407307536021,3.0619518241939,3.55154067975382,3.80730576888563,4.28140215090171,4.55265971357736,4.29242159913193,4.56367916180757,60
"2026-09-27T16:00:00Z","2026_03_NYJ_DET","00-0041032",4.68729009332986,5.12518911621329,6.07457516171114,6.82591724187765,7.31900396649798,8.526645367542,8.57847145668452,10.2424121786061,60
"2026-09-27T16:00:00Z","2026_03_NYJ_DET","00-0041267",0.954850332769833,0.990220480716152,1.25657970170187,1.29194984964819,1.55830907063391,1.59367921858023,1.56283880364362,1.59820895158994,60
"2026-09-28T23:15:00Z","2026_03_PHI_CHI","00-0028986",9.18385200027805,10.4307979480119,9.18691510410932,10.4338610518432,9.18997820794058,10.4369241556745,11.8082200057213,13.1618692148121,60
"2026-09-28T23:15:00Z","2026_03_PHI_CHI","00-0030061",2.15833148528968,2.39744021031603,3.00837293103467,3.21743157682941,3.84350464354102,4.03532417773521,4.69718897001662,4.89068954977263,60
"2026-09-28T23:15:00Z","2026_03_PHI_CHI","00-0032464",3.41179678155578,3.65217936465843,4.74322998744958,4.97228640526914,6.05083026845538,6.32663271823432,6.06169868575668,6.33750113553562,60
"2026-09-28T23:15:00Z","2026_03_PHI_CHI","00-0033246",1.86244044205804,1.96833999759527,2.56515410455492,2.69345538566719,3.25999295741721,3.42160366693682,3.96541372031026,4.16412088749642,60
"2026-09-28T23:15:00Z","2026_03_PHI_CHI","00-0034844",12.866442930961,13.5689907068665,13.998328041505,14.6814501137272,15.1155340343618,15.7939095205879,15.1667446422595,15.8451201284856,60
"2026-09-28T23:15:00Z","2026_03_PHI_CHI","00-0035662",2.49656435133643,2.52565621059065,3.29115979926708,3.3202516585213,4.08575524719772,4.11484710645195,4.08857225780108,4.11766411705531,46
"2026-09-28T23:15:00Z","2026_03_PHI_CHI","00-0036275",11.3197509116937,11.927056743751,12.503489124793,13.1191894279203,13.6814302170987,14.3106392368024,13.8030790105083,14.432288030212,60
"2026-09-28T23:15:00Z","2026_03_PHI_CHI","00-0036290",1.88646090333545,2.02658657384435,2.59689151290759,2.74387261512747,3.32973999793412,3.4849478689444,4.05568497064064,4.2547663468611,60
"2026-09-28T23:15:00Z","2026_03_PHI_CHI","00-0036389",17.8336790241432,18.993566630457,17.8352775965346,18.9951652028484,17.836876168926,18.9967637752398,20.7296763218925,22.0388232308143,60
"2026-09-28T23:15:00Z","2026_03_PHI_CHI","00-0036912",9.41248324757204,9.75783336839019,12.1722794649091,12.5440866841642,14.9209061879182,15.31751889811,14.9317710944137,15.3283838046055,60
"2026-09-28T23:15:00Z","2026_03_PHI_CHI","00-0036980",1.43028301371474,1.55036155013119,2.0156921319943,2.13577066841075,2.60110125027386,2.72117978669031,2.60450375353094,2.7245822899474,60
"2026-09-28T23:15:00Z","2026_03_PHI_CHI","00-0037132",0.536375429907924,0.568919890558791,0.730287856957339,0.762832317608206,0.924200284006753,0.956744744657621,0.927076142680732,0.9596206033316,60
"2026-09-28T23:15:00Z","2026_03_PHI_CHI","00-0038393",5.82840620371493,6.07609581269191,7.42233868269354,7.68401165483509,9.0128287396229,9.28720959231416,9.02382592287359,9.29820677556485,60
"2026-09-28T23:15:00Z","2026_03_PHI_CHI","00-0038498",0.353518668124272,0.38525826348577,0.463025279092038,0.494764874453535,0.572531890059803,0.604271485421301,0.685419495155551,0.717159090517049,60
"2026-09-28T23:15:00Z","2026_03_PHI_CHI","00-0038555",2.3957788823092,2.55825346191448,2.72852037713041,2.89099495673569,3.06126187195161,3.2237364515569,3.09882296601706,3.26129754562235,60
"2026-09-28T23:15:00Z","2026_03_PHI_CHI","00-0039021",0.830241439866477,0.869515145992709,0.994578579493834,1.03385228562007,1.15891571912119,1.19818942524742,1.16568047677201,1.20495418289825,60
"2026-09-28T23:15:00Z","2026_03_PHI_CHI","00-0039746",1.65415286236287,1.84922475166816,2.07040623449665,2.36974310652337,2.48665960663042,2.89026146137857,2.49510479143103,2.92601140806591,60
"2026-09-28T23:15:00Z","2026_03_PHI_CHI","00-0039919",3.84738047418261,4.05225931225023,5.07162596361514,5.25907861808021,6.27321930419558,6.47354803619329,6.28675576049703,6.48708449249474,60
"2026-09-28T23:15:00Z","2026_03_PHI_CHI","00-0040024",0.839460645710589,1.29672318406815,1.21435307288952,1.71749849935311,1.60024417368711,2.08665198058604,1.61146923997665,2.09787704687559,60
"2026-09-28T23:15:00Z","2026_03_PHI_CHI","00-0040126",4.82355621044331,5.00148247853524,6.48792241265731,6.68228557203403,8.14131110804315,8.3592303598881,9.81725004919763,10.0472119701465,60
"2026-09-28T23:15:00Z","2026_03_PHI_CHI","00-0040236",7.40576819910994,7.71389941096374,8.14266918067589,8.45941158874763,8.87408989351347,9.21687828613884,8.91009618907634,9.25288458170171,60
"2026-09-28T23:15:00Z","2026_03_PHI_CHI","00-0040277",0.979136398643049,1.0184742457394,1.33487290218878,1.37421074928513,1.69060940573451,1.72994725283086,1.69363640094582,1.73297424804217,60
"2026-09-28T23:15:00Z","2026_03_PHI_CHI","00-0040735",4.93804096989171,5.23051274834412,6.67067192322059,6.94573164728239,8.39269787270982,8.65962062515275,8.46726110243545,8.73418385487838,60
"2026-09-28T23:15:00Z","2026_03_PHI_CHI","00-0040867",3.9589123623918,4.15043234469502,5.34762375397021,5.5427319442108,6.72060257415046,6.95572908770967,6.73527415776645,6.97040067132567,60
"2026-09-28T23:15:00Z","2026_03_PHI_CHI","00-0041051",0.619580171812713,0.651195132107442,0.827669391765844,0.859284352060573,1.03575861171897,1.0673735720137,1.03977124793659,1.07138620823132,60
"2026-09-28T23:15:00Z","2026_03_PHI_CHI","00-0041558",0.617960215802867,0.692877633543104,0.887415909753386,0.962333327493622,1.1568716037039,1.23178902144414,1.43036529312386,1.50528271086409,60
"2026-09-27T16:00:00Z","2026_03_SEA_WAS","00-0031588",4.74554600451871,5.03936745787246,6.68670128163602,6.97910956407737,8.61647716035515,8.91885167028228,8.62747271937277,8.9298472292999,60
"2026-09-27T16:00:00Z","2026_03_SEA_WAS","00-0032268",11.5129502923001,12.4952300084207,11.5147985211102,12.4970782372308,11.5166467499202,12.4989264660408,14.193615860547,15.3096137883917,60
"2026-09-27T16:00:00Z","2026_03_SEA_WAS","00-0033576",0.377023706583104,0.420956197821969,0.604542470775008,0.648474962013873,0.832061234966913,0.875993726205778,1.06256961407552,1.10650210531438,60
"2026-09-27T16:00:00Z","2026_03_SEA_WAS","00-0033908",3.33021766051551,3.4997504543191,4.12996080921934,4.60958496909637,4.84204639614301,5.73465742495725,4.8838047829151,5.77641581172933,60
"2026-09-27T16:00:00Z","2026_03_SEA_WAS","00-0034869",14.5315335348035,15.1176107158297,14.5332152836727,15.1192924646989,14.5348970325419,15.1209742135681,17.5419970683858,18.1685560728591,60
"2026-09-27T16:00:00Z","2026_03_SEA_WAS","00-0035659",5.67957734232961,5.84892832276735,7.40805801063636,7.60912685127813,9.12197199346461,9.36521638150206,9.13408619061035,9.3773305786478,60
"2026-09-27T16:00:00Z","2026_03_SEA_WAS","00-0036626",1.51173155176798,1.77228483965382,2.20180479165056,2.48891969334048,2.88701446723546,3.20083391220935,2.99586109806976,3.30968054304365,60
"2026-09-27T16:00:00Z","2026_03_SEA_WAS","00-0036628",0.867196416496732,0.93164578614995,1.2443733456193,1.30882271527252,1.62155027474187,1.68599964439509,2.00294937688108,2.0673987465343,60
"2026-09-27T16:00:00Z","2026_03_SEA_WAS","00-0037256",5.16441313242523,5.58740099470903,6.47373110044672,6.917102581759,7.80202960608595,8.24680416880897,7.84182864444926,8.28660320717229,60
"2026-09-27T16:00:00Z","2026_03_SEA_WAS","00-0037545",4.7441454237669,4.97403870114718,6.01951948192435,6.21300015269032,7.25688605645961,7.49593343705002,7.27467810373114,7.51372548432155,60
"2026-09-27T16:00:00Z","2026_03_SEA_WAS","00-0037742",1.2098931337357,1.26497143320611,1.62082584683795,1.67590414630836,2.03175855994019,2.08683685941061,2.03474396725594,2.08982226672635,60
"2026-09-27T16:00:00Z","2026_03_SEA_WAS","00-0037745",1.01369851212169,1.04396913991427,1.12629385332996,1.15656448112254,1.23888919453824,1.26915982233082,1.24680650453138,1.27707713232396,60
"2026-09-27T16:00:00Z","2026_03_SEA_WAS","00-0038488",0.598383442875521,0.625654823627877,0.777231300903862,0.804502681656219,0.956079158932203,0.98335053968456,0.962417492606094,0.989688873358451,60
"2026-09-27T16:00:00Z","2026_03_SEA_WAS","00-0038543",12.7996608341284,13.617465529419,16.0770361284752,16.9449254050316,19.323896709348,20.2449625508491,19.3387355595046,20.2598014010057,60
"2026-09-27T16:00:00Z","2026_03_SEA_WAS","00-0038797",5.2224554410916,5.59051940323425,5.52961322728568,5.89767718942832,5.83677101347975,6.2048349756224,5.87225144106023,6.24031540320288,60
"2026-09-27T16:00:00Z","2026_03_SEA_WAS","00-0039299",2.37343483065049,2.48590719584759,2.64233723000687,2.75480959520397,2.91123962936326,3.02371199456036,2.92920933611716,3.04168170131426,60
"2026-09-27T16:00:00Z","2026_03_SEA_WAS","00-0039355",1.56567527855276,1.66918036441038,2.01403061386856,2.11753569972619,2.46238594918436,2.56589103504199,2.4654372459682,2.56894233182582,60
"2026-09-27T16:00:00Z","2026_03_SEA_WAS","00-0039686",0.583529014821443,0.620437951891639,0.766866442849531,0.803775379919726,0.950203870877618,0.987112807947814,1.13658062307212,1.17348956014231,60
"2026-09-27T16:00:00Z","2026_03_SEA_WAS","00-0039793",3.65144717132761,3.87762853336368,4.93372687639315,5.17539132602807,6.21654464474003,6.47644582649128,7.4935876052389,7.78350892939693,60
"2026-09-27T16:00:00Z","2026_03_SEA_WAS","00-0039912",1.09050669605136,1.25962517212979,1.45189565426032,1.62101413033875,1.81328461246928,1.98240308854771,2.17764381481622,2.34676229089465,60
"2026-09-27T16:00:00Z","2026_03_SEA_WAS","00-0040058",0.360162982774251,0.414216727304753,0.456953638043567,0.511007382574068,0.553744293312883,0.607798037843385,0.653849892615131,0.707903637145632,60
"2026-09-27T16:00:00Z","2026_03_SEA_WAS","00-0040164",1.04795728664536,1.12049977588863,1.38662983398669,1.45917232322996,1.72530238132802,1.79784487057129,1.72808372887951,1.80062621812278,60
"2026-09-27T16:00:00Z","2026_03_SEA_WAS","00-0040242",5.68062398605119,6.00068897758755,6.03481598738388,6.35488097892024,6.38900798871656,6.70907298025292,6.44239033975285,6.76245533128921,60
"2026-09-27T16:00:00Z","2026_03_SEA_WAS","00-0040648",0.903130121265608,1.7584133593892,1.04667851167494,2.25069986656768,1.19800396776852,2.74298637374615,1.21060253482065,2.74612695081282,60
"2026-09-27T16:00:00Z","2026_03_SEA_WAS","00-0040739",1.34757204071327,1.51568807445523,1.80054011563549,1.96040977960796,2.24550480843283,2.41748478904776,2.69375623515809,2.91562419738609,60
"2026-09-27T16:00:00Z","2026_03_SEA_WAS","00-0041040",2.32182910048052,2.4908263493203,3.28725727057317,3.45838730622469,4.2162302895202,4.41879067393487,4.23090187313619,4.43346225755086,60
"2026-09-27T16:00:00Z","2026_03_SEA_WAS","00-0041096",1.83229109320308,1.88909756562988,1.95414482216003,2.01095129458683,2.07599855111698,2.13280502354378,2.08454228994324,2.14134876237004,60
"2026-09-27T16:00:00Z","2026_03_SEA_WAS","00-0041512",8.97389205939235,9.55313151594055,9.79567114588244,10.3939805250586,10.6275009639861,11.2497637408051,10.7679185036798,11.3901812804988,60
"2026-09-27T16:00:00Z","2026_03_TEN_NYG","00-0031235",0.960441981350923,0.998461918305148,1.34948351194992,1.38750344890415,1.73852504254893,1.77654497950315,1.7437908177138,1.78181075466803,60
"2026-09-27T16:00:00Z","2026_03_TEN_NYG","00-0031484",0.253945096162378,0.272404415627848,0.343362049338771,0.361821368804241,0.432779002515164,0.451238321980634,0.525155100068397,0.543614419533867,60
"2026-09-27T16:00:00Z","2026_03_TEN_NYG","00-0031503",11.7269946795277,12.4253807947257,11.7642643292752,12.4626504444732,11.8015339790228,12.4999200942207,14.838796325394,15.5003321689613,60
"2026-09-27T16:00:00Z","2026_03_TEN_NYG","00-0033376",0.455886245117927,0.492963756368295,0.557297508029447,0.594375019279815,0.658708770940967,0.695786282191335,0.665204703831323,0.702282215081691,60
"2026-09-27T16:00:00Z","2026_03_TEN_NYG","00-0034419",0.634978336362097,0.707380161850701,0.894619926425653,0.967021751914257,1.15426151648921,1.22666334197781,1.15721430290646,1.22961612839507,60
"2026-09-27T16:00:00Z","2026_03_TEN_NYG","00-0034837",2.33318562806827,2.5569047155312,3.0607343893619,3.26216201082358,3.7765947471662,4.00959629802344,3.7903960843944,4.02339763525164,60
"2026-09-27T16:00:00Z","2026_03_TEN_NYG","00-0035261",9.56906122230353,10.1116495878007,10.2137066937772,10.7633753639214,10.8583521652508,11.4365416093929,10.9270221617348,11.5052116058769,60
"2026-09-27T16:00:00Z","2026_03_TEN_NYG","00-0036309",2.52458537097414,2.80872342099752,3.3184258908439,3.62673973552371,4.10821576865007,4.4523653520131,4.11906498101562,4.46321456437866,60
"2026-09-27T16:00:00Z","2026_03_TEN_NYG","00-0036876",0.590117452190707,0.609968742765512,0.868250281896037,0.888101572470843,1.14638311160137,1.16623440217617,1.42770179484911,1.44755308542392,37
"2026-09-27T16:00:00Z","2026_03_TEN_NYG","00-0036893",3.96591337449945,4.26018040813427,4.5299056776662,4.82417271130103,5.09389798083296,5.38816501446778,5.13542016460842,5.42968719824324,60
"2026-09-27T16:00:00Z","2026_03_TEN_NYG","00-0037594",0.584714272569432,0.638524717058464,0.656422339149567,0.710232783638599,0.728130405729702,0.781940850218734,0.734726189939951,0.788536634428984,60
"2026-09-27T16:00:00Z","2026_03_TEN_NYG","00-0037838",5.6563117569412,5.90551776745826,7.40507942057844,7.98392655182596,9.02905009980293,10.0662080174611,10.678354024974,12.1833662545823,60
"2026-09-27T16:00:00Z","2026_03_TEN_NYG","00-0038115",1.23524520290553,1.30920852250756,1.65939216998836,1.73335548959039,2.08353913707118,2.15750245667321,2.51066715663584,2.58463047623787,60
"2026-09-27T16:00:00Z","2026_03_TEN_NYG","00-0038117",4.30786981123764,4.5158868794911,6.0755308734442,6.30139700011898,7.84101459446889,8.09042211912426,7.85182604558972,8.10123357024509,60
"2026-09-27T16:00:00Z","2026_03_TEN_NYG","00-0039032",4.24880255589482,4.63424126893311,5.38030277697432,5.75536337594881,6.51110698174052,6.91391034177951,6.54716827228765,6.93372494063498,60
"2026-09-27T16:00:00Z","2026_03_TEN_NYG","00-0039337",7.28812193524809,7.59094829278741,9.43350156853813,9.83381692580758,11.5507283625981,12.0571341697625,11.5625481517961,12.0689539589604,60
"2026-09-27T16:00:00Z","2026_03_TEN_NYG","00-0039384",3.21028500084814,4.56230091032617,3.98524302731761,5.25783912190217,4.76020105378708,5.95337733347817,4.88991362350412,6.05364309596284,60
"2026-09-27T16:00:00Z","2026_03_TEN_NYG","00-0039648",0.445263235613258,0.467212473690506,0.627821767155957,0.649771005233205,0.810380298698657,0.832329536775905,0.996082473660855,1.0180317117381,60
"2026-09-27T16:00:00Z","2026_03_TEN_NYG","00-0039847",2.41853185809176,2.56025064601884,3.22441150829714,3.36613029622422,4.03029115850253,4.1720099464296,4.83916556489647,4.98088435282354,60
"2026-09-27T16:00:00Z","2026_03_TEN_NYG","00-0040170",2.34706048267736,2.58920622555716,3.06706889917623,3.33447015001252,3.79321826837551,4.10075217924759,3.80429835926278,4.11183227013487,60
"2026-09-27T16:00:00Z","2026_03_TEN_NYG","00-0040225",0.450605381605174,0.465722164642412,0.643137999663466,0.658254782700704,0.835670617721758,0.850787400758996,1.03267925723171,1.04779604026895,37
"2026-09-27T16:00:00Z","2026_03_TEN_NYG","00-0040584",3.15922163526526,3.5200400187834,4.51921670217041,4.8771028477706,5.87146971282746,6.2341656767578,7.22826701227196,7.60195422206157,60
"2026-09-27T16:00:00Z","2026_03_TEN_NYG","00-0040676",11.3197372734658,12.2773161275104,11.3214025707344,12.2789814247789,11.323067868003,12.2806467220475,13.9188929002885,14.9371201986884,60
"2026-09-27T16:00:00Z","2026_03_TEN_NYG","00-0040705",1.94605327817913,2.00096104284813,2.80480033421459,2.85970809888359,3.66354739025005,3.71845515491905,3.66629677555377,3.72120454022276,60
"2026-09-27T16:00:00Z","2026_03_TEN_NYG","00-0040715",11.1307449130574,11.6067385869649,11.969105258807,12.7331624009532,12.6424655015182,13.8580809316682,12.7043125046755,13.9199279348254,60
"2026-09-27T16:00:00Z","2026_03_TEN_NYG","00-0040886",1.53592318085949,1.67804610336703,1.69181191686993,1.83393483937747,1.84770065288037,1.98982357538791,1.85703532987236,1.9991582523799,60
"2026-09-27T16:00:00Z","2026_03_TEN_NYG","00-0041042",3.40633972661532,3.67862590682275,4.24177614022845,4.78154260073412,4.92624672547495,5.90509689599259,4.94091830909094,5.91976847960858,60
"2026-09-27T16:00:00Z","2026_03_TEN_NYG","00-0041438",5.30632307070788,5.56272771108816,7.05143473494622,7.34611861254248,8.78764788199607,9.13666669657239,8.80231946561206,9.15133828018839,60
