QB,RB,RB,WR,WR,WR,TE,FLEX,DST
44312207,44312310,44312304,44312564,44312644,44312610,44313054,44312280,44313310
44312207,44312310,44312304,44312606,44312586,44312610,44313054,44312280,44313308
44312197,44312310,44312280,44312564,44312644,44312610,44313054,44313024,44313323
44312197,44312310,44312304,44312644,44312610,44312580,44313054,44312280,44313315
44312197,44312280,44312304,44312586,44312644,44312610,44313054,44313024,44313308
44312207,44312310,44312304,44312564,44312610,44312664,44313056,44312280,44313308
44312207,44312310,44312302,44312564,44312586,44312644,44313054,44312304,44313308
44312207,44312280,44312304,44312564,44312586,44312610,44313054,44313024,44313331
44312207,44312310,44312302,44312586,44312610,44312580,44313054,44312280,44313323
44312223,44312310,44312304,44312564,44312610,44312580,44313054,44312280,44313323
