"order","name","status","flag","team","pos","src","gsis_id","updated","fetched","season","week"
1,"Tyler Shough",NA,NA,"NO","QB","Ourlads",NA,"10/07/2026 7:12PM","2026-10-08T17:04:00Z",2026,5
2,"Spencer Rattler",NA,NA,"NO","QB","Ourlads",NA,"10/07/2026 7:12PM","2026-10-08T17:04:00Z",2026,5
3,"Zach Wilson",NA,NA,"NO","QB","Ourlads",NA,"10/07/2026 7:12PM","2026-10-08T17:04:00Z",2026,5
1,"Daniel Carlson",NA,NA,"NO","K","Ourlads",NA,"10/07/2026 7:12PM","2026-10-08T17:04:00Z",2026,5
1,"Cam Ward",NA,NA,"TEN","QB","Ourlads",NA,"10/07/2026 4:02PM","2026-10-08T17:04:00Z",2026,5
2,"Mitchell Trubisky",NA,NA,"TEN","QB","Ourlads",NA,"10/07/2026 4:02PM","2026-10-08T17:04:00Z",2026,5
1,"Joey Slye",NA,NA,"TEN","K","Ourlads",NA,"10/07/2026 4:02PM","2026-10-08T17:04:00Z",2026,5
1,"Malik Willis",NA,NA,"MIA","QB","Ourlads",NA,"10/07/2026 7:10PM","2026-10-08T17:04:00Z",2026,5
2,"Kyle McCord",NA,NA,"MIA","QB","Ourlads",NA,"10/07/2026 7:10PM","2026-10-08T17:04:00Z",2026,5
3,"Brady Cook",NA,NA,"MIA","QB","Ourlads",NA,"10/07/2026 7:10PM","2026-10-08T17:04:00Z",2026,5
1,"Riley Patterson",NA,NA,"MIA","K","Ourlads",NA,"10/07/2026 7:10PM","2026-10-08T17:04:00Z",2026,5
1,"Kirk Cousins",NA,NA,"LV","QB","Ourlads",NA,"10/07/2026 6:53PM","2026-10-08T17:04:00Z",2026,5
2,"Fernando Mendoza",NA,NA,"LV","QB","Ourlads",NA,"10/07/2026 6:53PM","2026-10-08T17:04:00Z",2026,5
3,"Aidan O'Connell",NA,NA,"LV","QB","Ourlads",NA,"10/07/2026 6:53PM","2026-10-08T17:04:00Z",2026,5
1,"Matt Gay",NA,NA,"LV","K","Ourlads",NA,"10/07/2026 6:53PM","2026-10-08T17:04:00Z",2026,5
1,"Jalen Hurts",NA,NA,"PHI","QB","Ourlads",NA,"10/07/2026 7:04PM","2026-10-08T17:04:00Z",2026,5
2,"Andy Dalton",NA,NA,"PHI","QB","Ourlads",NA,"10/07/2026 7:04PM","2026-10-08T17:04:00Z",2026,5
3,"Tanner McKee",NA,NA,"PHI","QB","Ourlads",NA,"10/07/2026 7:04PM","2026-10-08T17:04:00Z",2026,5
4,"Cole Payton",NA,NA,"PHI","QB","Ourlads",NA,"10/07/2026 7:04PM","2026-10-08T17:04:00Z",2026,5
1,"Jake Elliott",NA,NA,"PHI","K","Ourlads",NA,"10/07/2026 7:04PM","2026-10-08T17:04:00Z",2026,5
1,"Baker Mayfield","Out","O","TB","QB","Ourlads",NA,"10/06/2026 3:22PM","2026-10-08T17:04:00Z",2026,5
2,"Jalon Daniels",NA,NA,"TB","QB","Ourlads",NA,"10/06/2026 3:22PM","2026-10-08T17:04:00Z",2026,5
1,"Chase Mclaughlin",NA,NA,"TB","K","Ourlads",NA,"10/06/2026 3:22PM","2026-10-08T17:04:00Z",2026,5
1,"Justin Herbert",NA,NA,"LAC","QB","Ourlads",NA,"10/06/2026 6:37PM","2026-10-08T17:04:00Z",2026,5
2,"Trey Lance",NA,NA,"LAC","QB","Ourlads",NA,"10/06/2026 6:37PM","2026-10-08T17:04:00Z",2026,5
3,"DJ Uiagalelei",NA,NA,"LAC","QB","Ourlads",NA,"10/06/2026 6:37PM","2026-10-08T17:04:00Z",2026,5
1,"Cameron Dicker",NA,NA,"LAC","K","Ourlads",NA,"10/06/2026 6:37PM","2026-10-08T17:04:00Z",2026,5
1,"Geno Smith",NA,NA,"NYJ","QB","Ourlads",NA,"10/07/2026 7:03PM","2026-10-08T17:04:00Z",2026,5
2,"Cade Klubnik",NA,NA,"NYJ","QB","Ourlads",NA,"10/07/2026 7:03PM","2026-10-08T17:04:00Z",2026,5
1,"Jason Sanders",NA,NA,"NYJ","K","Ourlads",NA,"10/07/2026 7:03PM","2026-10-08T17:04:00Z",2026,5
1,"Jameis Winston",NA,NA,"NYG","QB","Ourlads",NA,"10/07/2026 3:58PM","2026-10-08T17:04:00Z",2026,5
2,"J.J. McCarthy",NA,NA,"NYG","QB","Ourlads",NA,"10/07/2026 3:58PM","2026-10-08T17:04:00Z",2026,5
3,"Jake Haener",NA,NA,"NYG","QB","Ourlads",NA,"10/07/2026 3:58PM","2026-10-08T17:04:00Z",2026,5
1,"Dominic Zvada",NA,NA,"NYG","K","Ourlads",NA,"10/07/2026 3:58PM","2026-10-08T17:04:00Z",2026,5
1,"Daniel Jones",NA,NA,"IND","QB","Ourlads",NA,"10/07/2026 7:10PM","2026-10-08T17:04:00Z",2026,5
2,"Anthony Richardson Sr.",NA,NA,"IND","QB","Ourlads",NA,"10/07/2026 7:10PM","2026-10-08T17:04:00Z",2026,5
3,"Riley Leonard",NA,NA,"IND","QB","Ourlads",NA,"10/07/2026 7:10PM","2026-10-08T17:04:00Z",2026,5
1,"Spencer Shrader",NA,NA,"IND","K","Ourlads",NA,"10/07/2026 7:10PM","2026-10-08T17:04:00Z",2026,5
1,"Deshaun Watson",NA,NA,"CLE","QB","Ourlads",NA,"10/07/2026 3:56PM","2026-10-08T17:04:00Z",2026,5
2,"Shedeur Sanders",NA,NA,"CLE","QB","Ourlads",NA,"10/07/2026 3:56PM","2026-10-08T17:04:00Z",2026,5
3,"Taylen Green",NA,NA,"CLE","QB","Ourlads",NA,"10/07/2026 3:56PM","2026-10-08T17:04:00Z",2026,5
1,"Andre Szmyt",NA,NA,"CLE","K","Ourlads",NA,"10/07/2026 3:56PM","2026-10-08T17:04:00Z",2026,5
1,"Jordan Love",NA,NA,"GB","QB","Ourlads",NA,"10/08/2026 12:27AM","2026-10-08T17:04:00Z",2026,5
2,"Tyrod Taylor",NA,NA,"GB","QB","Ourlads",NA,"10/08/2026 12:27AM","2026-10-08T17:04:00Z",2026,5
1,"Trey Smack",NA,NA,"GB","K","Ourlads",NA,"10/08/2026 12:27AM","2026-10-08T17:04:00Z",2026,5
1,"C.J. Stroud",NA,NA,"HOU","QB","Ourlads",NA,"10/07/2026 7:01PM","2026-10-08T17:04:00Z",2026,5
2,"Davis Mills",NA,NA,"HOU","QB","Ourlads",NA,"10/07/2026 7:01PM","2026-10-08T17:04:00Z",2026,5
3,"Mark Gronowski",NA,NA,"HOU","QB","Ourlads",NA,"10/07/2026 7:01PM","2026-10-08T17:04:00Z",2026,5
1,"Ka'imi Fairbairn",NA,NA,"HOU","K","Ourlads",NA,"10/07/2026 7:01PM","2026-10-08T17:04:00Z",2026,5
1,"Jayden Daniels","Out","O","WAS","QB","Ourlads",NA,"10/07/2026 7:07PM","2026-10-08T17:04:00Z",2026,5
2,"Marcus Mariota","Out","O","WAS","QB","Ourlads",NA,"10/07/2026 7:07PM","2026-10-08T17:04:00Z",2026,5
3,"Athan Kaliakmanis",NA,NA,"WAS","QB","Ourlads",NA,"10/07/2026 7:07PM","2026-10-08T17:04:00Z",2026,5
1,"Drew Stevens",NA,NA,"WAS","K","Ourlads",NA,"10/07/2026 7:07PM","2026-10-08T17:04:00Z",2026,5
1,"Brock Purdy",NA,NA,"SF","QB","Ourlads",NA,"10/07/2026 4:08PM","2026-10-08T17:04:00Z",2026,5
2,"Mac Jones",NA,NA,"SF","QB","Ourlads",NA,"10/07/2026 4:08PM","2026-10-08T17:04:00Z",2026,5
3,"Kurtis Rourke",NA,NA,"SF","QB","Ourlads",NA,"10/07/2026 4:08PM","2026-10-08T17:04:00Z",2026,5
1,"Eddy Piñeiro",NA,NA,"SF","K","Ourlads",NA,"10/07/2026 4:08PM","2026-10-08T17:04:00Z",2026,5
1,"Kyler Murray",NA,NA,"MIN","QB","Ourlads",NA,"10/07/2026 7:11PM","2026-10-08T17:04:00Z",2026,5
2,"Carson Wentz",NA,NA,"MIN","QB","Ourlads",NA,"10/07/2026 7:11PM","2026-10-08T17:04:00Z",2026,5
3,"Max Brosmer",NA,NA,"MIN","QB","Ourlads",NA,"10/07/2026 7:11PM","2026-10-08T17:04:00Z",2026,5
1,"Will Reichard",NA,NA,"MIN","K","Ourlads",NA,"10/07/2026 7:11PM","2026-10-08T17:04:00Z",2026,5
1,"Drake Maye",NA,NA,"NE","QB","Ourlads",NA,"10/08/2026 12:10AM","2026-10-08T17:04:00Z",2026,5
2,"Tommy DeVito",NA,NA,"NE","QB","Ourlads",NA,"10/08/2026 12:10AM","2026-10-08T17:04:00Z",2026,5
3,"Behren Morton",NA,NA,"NE","QB","Ourlads",NA,"10/08/2026 12:10AM","2026-10-08T17:04:00Z",2026,5
1,"Andy Borregales",NA,NA,"NE","K","Ourlads",NA,"10/08/2026 12:10AM","2026-10-08T17:04:00Z",2026,5
1,"Bo Nix",NA,NA,"DEN","QB","Ourlads",NA,"10/06/2026 7:13PM","2026-10-08T17:04:00Z",2026,5
2,"Jarrett Stidham",NA,NA,"DEN","QB","Ourlads",NA,"10/06/2026 7:13PM","2026-10-08T17:04:00Z",2026,5
3,"Sam Ehlinger",NA,NA,"DEN","QB","Ourlads",NA,"10/06/2026 7:13PM","2026-10-08T17:04:00Z",2026,5
1,"Wil Lutz",NA,NA,"DEN","K","Ourlads",NA,"10/06/2026 7:13PM","2026-10-08T17:04:00Z",2026,5
1,"Lamar Jackson","Questionable","Q","BAL","QB","Ourlads",NA,"10/07/2026 6:54PM","2026-10-08T17:04:00Z",2026,5
2,"Tyler Huntley",NA,NA,"BAL","QB","Ourlads",NA,"10/07/2026 6:54PM","2026-10-08T17:04:00Z",2026,5
3,"Joe Fagnano",NA,NA,"BAL","QB","Ourlads",NA,"10/07/2026 6:54PM","2026-10-08T17:04:00Z",2026,5
1,"Tyler Loop",NA,NA,"BAL","K","Ourlads",NA,"10/07/2026 6:54PM","2026-10-08T17:04:00Z",2026,5
1,"Caleb Williams","Out","O","CHI","QB","Ourlads",NA,"10/06/2026 6:08PM","2026-10-08T17:04:00Z",2026,5
2,"Tyson Bagent",NA,NA,"CHI","QB","Ourlads",NA,"10/06/2026 6:08PM","2026-10-08T17:04:00Z",2026,5
3,"Case Keenum",NA,NA,"CHI","QB","Ourlads",NA,"10/06/2026 6:08PM","2026-10-08T17:04:00Z",2026,5
1,"Cairo Santos",NA,NA,"CHI","K","Ourlads",NA,"10/06/2026 6:08PM","2026-10-08T17:04:00Z",2026,5
1,"Joe Burrow",NA,NA,"CIN","QB","Ourlads",NA,"10/05/2026 5:50PM","2026-10-08T17:04:00Z",2026,5
2,"Joe Flacco",NA,NA,"CIN","QB","Ourlads",NA,"10/05/2026 5:50PM","2026-10-08T17:04:00Z",2026,5
1,"Evan McPherson",NA,NA,"CIN","K","Ourlads",NA,"10/05/2026 5:50PM","2026-10-08T17:04:00Z",2026,5
1,"Sam Darnold",NA,NA,"SEA","QB","Ourlads",NA,"10/07/2026 7:15PM","2026-10-08T17:04:00Z",2026,5
2,"Drew Lock",NA,NA,"SEA","QB","Ourlads",NA,"10/07/2026 7:15PM","2026-10-08T17:04:00Z",2026,5
3,"Jalen Milroe",NA,NA,"SEA","QB","Ourlads",NA,"10/07/2026 7:15PM","2026-10-08T17:04:00Z",2026,5
1,"Jason Myers",NA,NA,"SEA","K","Ourlads",NA,"10/07/2026 7:15PM","2026-10-08T17:04:00Z",2026,5
1,"Jacoby Brissett",NA,NA,"ARI","QB","Ourlads",NA,"10/06/2026 6:49PM","2026-10-08T17:04:00Z",2026,5
2,"Gardner Minshew Ii",NA,NA,"ARI","QB","Ourlads",NA,"10/06/2026 6:49PM","2026-10-08T17:04:00Z",2026,5
3,"Carson Beck",NA,NA,"ARI","QB","Ourlads",NA,"10/06/2026 6:49PM","2026-10-08T17:04:00Z",2026,5
1,"Chad Ryland",NA,NA,"ARI","K","Ourlads",NA,"10/06/2026 6:49PM","2026-10-08T17:04:00Z",2026,5
1,"Aaron Rodgers",NA,NA,"PIT","QB","Ourlads",NA,"10/07/2026 3:59PM","2026-10-08T17:04:00Z",2026,5
2,"Mason Rudolph",NA,NA,"PIT","QB","Ourlads",NA,"10/07/2026 3:59PM","2026-10-08T17:04:00Z",2026,5
3,"Will Howard",NA,NA,"PIT","QB","Ourlads",NA,"10/07/2026 3:59PM","2026-10-08T17:04:00Z",2026,5
4,"Drew Allar",NA,NA,"PIT","QB","Ourlads",NA,"10/07/2026 3:59PM","2026-10-08T17:04:00Z",2026,5
1,"Chris Boswell",NA,NA,"PIT","K","Ourlads",NA,"10/07/2026 3:59PM","2026-10-08T17:04:00Z",2026,5
1,"Trevor Lawrence",NA,NA,"JAX","QB","Ourlads",NA,"10/07/2026 6:57PM","2026-10-08T17:04:00Z",2026,5
2,"Quinn Ewers",NA,NA,"JAX","QB","Ourlads",NA,"10/07/2026 6:57PM","2026-10-08T17:04:00Z",2026,5
1,"Cam Little",NA,NA,"JAX","K","Ourlads",NA,"10/07/2026 6:57PM","2026-10-08T17:04:00Z",2026,5
1,"Michael Penix Jr.",NA,NA,"ATL","QB","Ourlads",NA,"10/06/2026 7:14PM","2026-10-08T17:04:00Z",2026,5
2,"Tua Tagovailoa",NA,NA,"ATL","QB","Ourlads",NA,"10/06/2026 7:14PM","2026-10-08T17:04:00Z",2026,5
3,"Cooper Rush",NA,NA,"ATL","QB","Ourlads",NA,"10/06/2026 7:14PM","2026-10-08T17:04:00Z",2026,5
4,"Jack Strand",NA,NA,"ATL","QB","Ourlads",NA,"10/06/2026 7:14PM","2026-10-08T17:04:00Z",2026,5
1,"Nick Folk",NA,NA,"ATL","K","Ourlads",NA,"10/06/2026 7:14PM","2026-10-08T17:04:00Z",2026,5
1,"Josh Allen",NA,NA,"BUF","QB","Ourlads",NA,"10/06/2026 5:59PM","2026-10-08T17:04:00Z",2026,5
2,"Kyle Allen",NA,NA,"BUF","QB","Ourlads",NA,"10/06/2026 5:59PM","2026-10-08T17:04:00Z",2026,5
1,"Tyler Bass",NA,NA,"BUF","K","Ourlads",NA,"10/06/2026 5:59PM","2026-10-08T17:04:00Z",2026,5
1,"Dak Prescott",NA,NA,"DAL","QB","Ourlads",NA,"10/05/2026 5:23PM","2026-10-08T17:04:00Z",2026,5
2,"Sam Howell",NA,NA,"DAL","QB","Ourlads",NA,"10/05/2026 5:23PM","2026-10-08T17:04:00Z",2026,5
1,"Brandon Aubrey",NA,NA,"DAL","K","Ourlads",NA,"10/05/2026 5:23PM","2026-10-08T17:04:00Z",2026,5
1,"Jared Goff",NA,NA,"DET","QB","Ourlads",NA,"10/07/2026 4:03PM","2026-10-08T17:04:00Z",2026,5
2,"Joshua Dobbs",NA,NA,"DET","QB","Ourlads",NA,"10/07/2026 4:03PM","2026-10-08T17:04:00Z",2026,5
1,"Jake Bates",NA,NA,"DET","K","Ourlads",NA,"10/07/2026 4:03PM","2026-10-08T17:04:00Z",2026,5
1,"Matthew Stafford",NA,NA,"LA","QB","Ourlads",NA,"10/06/2026 3:20PM","2026-10-08T17:04:00Z",2026,5
2,"Stetson Bennett IV",NA,NA,"LA","QB","Ourlads",NA,"10/06/2026 3:20PM","2026-10-08T17:04:00Z",2026,5
3,"Ty Simpson",NA,NA,"LA","QB","Ourlads",NA,"10/06/2026 3:20PM","2026-10-08T17:04:00Z",2026,5
1,"Harrison Mevis",NA,NA,"LA","K","Ourlads",NA,"10/06/2026 3:20PM","2026-10-08T17:04:00Z",2026,5
