"src","team","pos","name","gsis_id","status","practice","when","fetched","season","week"
"Report","BAL","QB","Lamar Jackson","00-0034796","Out","Did Not Participate In Practice",NA,"2026-10-10T18:02:33Z",2026,5
"Report","CHI","QB","Caleb Williams","00-0039918","Questionable","Limited Participation in Practice",NA,"2026-10-10T18:02:33Z",2026,5
"Report","CLE","QB","Dillon Gabriel","00-0040704","Out","Full Participation in Practice",NA,"2026-10-10T18:02:33Z",2026,5
"Report","LAC","QB","Trey Lance","00-0037012","Doubtful","Limited Participation in Practice",NA,"2026-10-10T18:02:33Z",2026,5
"Report","NE","QB","Drake Maye","00-0039851",NA,"Full Participation in Practice",NA,"2026-10-10T18:02:33Z",2026,5
"Report","NO","QB","Tyler Shough","00-0040743",NA,"Full Participation in Practice",NA,"2026-10-10T18:02:33Z",2026,5
"Report","PHI","QB","Jalen Hurts","00-0036389",NA,"Full Participation in Practice",NA,"2026-10-10T18:02:33Z",2026,5
"Report","TB","QB","Baker Mayfield","00-0034855","Out","Did Not Participate In Practice",NA,"2026-10-10T18:02:33Z",2026,5
"Report","TB","K","Chase McLaughlin","00-0035358",NA,"Full Participation in Practice",NA,"2026-10-10T18:02:33Z",2026,5
"Report","WAS","QB","Marcus Mariota","00-0032268","Out","Did Not Participate In Practice",NA,"2026-10-10T18:02:33Z",2026,5
"Report","WAS","QB","Jayden Daniels","00-0039910",NA,"Full Participation in Practice",NA,"2026-10-10T18:02:33Z",2026,5
