"pulled_at","season","week","source","pos","team","rank","pts","name","ecr_avg","ecr_sd"
"2026-09-29T21:43:30Z",2026,4,"ECR","DEF","ARI",12,6.5,"Arizona Cardinals",14.14,2.95
"2026-09-29T21:43:30Z",2026,4,"ECR","DEF","ATL",25,5.6,"Atlanta Falcons",24.71,4.33
"2026-09-29T21:43:30Z",2026,4,"ECR","DEF","BAL",2,9.1,"Baltimore Ravens",2.57,1.05
"2026-09-29T21:43:30Z",2026,4,"ECR","DEF","BUF",6,7.2,"Buffalo Bills",5.43,0.73
"2026-09-29T21:43:30Z",2026,4,"ECR","DEF","CAR",32,4.8,"Carolina Panthers",31.17,1.46
"2026-09-29T21:43:30Z",2026,4,"ECR","DEF","CHI",20,6,"Chicago Bears",19.43,3.66
"2026-09-29T21:43:30Z",2026,4,"ECR","DEF","CIN",23,5.7,"Cincinnati Bengals",22.43,1.29
"2026-09-29T21:43:30Z",2026,4,"ECR","DEF","CLE",7,7.1,"Cleveland Browns",8.71,1.16
"2026-09-29T21:43:30Z",2026,4,"ECR","DEF","DAL",17,6.2,"Dallas Cowboys",17.43,3.7
"2026-09-29T21:43:30Z",2026,4,"ECR","DEF","DEN",16,6.2,"Denver Broncos",16,1.2
"2026-09-29T21:43:30Z",2026,4,"ECR","DEF","DET",11,6.6,"Detroit Lions",11.57,2.56
"2026-09-29T21:43:30Z",2026,4,"ECR","DEF","GB",5,7.2,"Green Bay Packers",5.29,1.75
"2026-09-29T21:43:30Z",2026,4,"ECR","DEF","HOU",9,6.7,"Houston Texans",8.86,1.36
"2026-09-29T21:43:30Z",2026,4,"ECR","DEF","IND",21,5.7,"Indianapolis Colts",20.86,1.36
"2026-09-29T21:43:30Z",2026,4,"ECR","DEF","JAX",22,5.7,"Jacksonville Jaguars",21.29,2.25
"2026-09-29T21:43:30Z",2026,4,"ECR","DEF","KC",10,6.7,"Kansas City Chiefs",9.43,1.5
"2026-09-29T21:43:30Z",2026,4,"ECR","DEF","LA",14,6.4,"Los Angeles Rams",14.86,1.25
"2026-09-29T21:43:30Z",2026,4,"ECR","DEF","LAC",28,5.4,"Los Angeles Chargers",28.14,0.99
"2026-09-29T21:43:30Z",2026,4,"ECR","DEF","LV",26,5.5,"Las Vegas Raiders",27.29,2.12
"2026-09-29T21:43:30Z",2026,4,"ECR","DEF","MIA",30,5.2,"Miami Dolphins",29.83,1.77
"2026-09-29T21:43:30Z",2026,4,"ECR","DEF","MIN",1,11.9,"Minnesota Vikings",1,0
"2026-09-29T21:43:30Z",2026,4,"ECR","DEF","NE",27,5.5,"New England Patriots",27.43,0.73
"2026-09-29T21:43:30Z",2026,4,"ECR","DEF","NO",8,6.8,"New Orleans Saints",8.86,1.25
"2026-09-29T21:43:30Z",2026,4,"ECR","DEF","NYG",18,6.1,"New York Giants",17.43,3.77
"2026-09-29T21:43:30Z",2026,4,"ECR","DEF","NYJ",24,5.6,"New York Jets",23.57,3.02
"2026-09-29T21:43:30Z",2026,4,"ECR","DEF","PHI",13,6.5,"Philadelphia Eagles",14.43,2.06
"2026-09-29T21:43:30Z",2026,4,"ECR","DEF","PIT",3,8.5,"Pittsburgh Steelers",3,0.53
"2026-09-29T21:43:30Z",2026,4,"ECR","DEF","SEA",4,8.4,"Seattle Seahawks",4.57,0.9
"2026-09-29T21:43:30Z",2026,4,"ECR","DEF","SF",19,6.1,"San Francisco 49ers",19.14,0.83
"2026-09-29T21:43:30Z",2026,4,"ECR","DEF","TB",15,6.4,"Tampa Bay Buccaneers",15.71,2.71
"2026-09-29T21:43:30Z",2026,4,"ECR","DEF","TEN",31,4.8,"Tennessee Titans",30.83,0.69
"2026-09-29T21:43:30Z",2026,4,"ECR","DEF","WAS",29,5.4,"Washington Commanders",27.5,2.75
"2026-09-29T21:43:30Z",2026,4,"ECR","K","ARI",23,6.9,"Chad Ryland",22.61,3.56
"2026-09-29T21:43:30Z",2026,4,"ECR","K","ATL",19,7.4,"Nick Folk",20.39,3.55
"2026-09-29T21:43:30Z",2026,4,"ECR","K","BAL",2,9.4,"Tyler Loop",2.78,1.55
"2026-09-29T21:43:30Z",2026,4,"ECR","K","BUF",12,7.8,"Tyler Bass",12.67,3.43
"2026-09-29T21:43:30Z",2026,4,"ECR","K","CAR",15,7.6,"Ryan Fitzgerald",14.83,2.14
"2026-09-29T21:43:30Z",2026,4,"ECR","K","CHI",22,7,"Cairo Santos",22.33,5.06
"2026-09-29T21:43:30Z",2026,4,"ECR","K","CIN",1,10.2,"Evan McPherson",2.39,1.98
"2026-09-29T21:43:30Z",2026,4,"ECR","K","CLE",30,6.2,"Andre Szmyt",29.67,1.63
"2026-09-29T21:43:30Z",2026,4,"ECR","K","DAL",3,9.2,"Brandon Aubrey",3.61,2.03
"2026-09-29T21:43:30Z",2026,4,"ECR","K","DEN",20,7.3,"Wil Lutz",21.39,2.03
"2026-09-29T21:43:30Z",2026,4,"ECR","K","DET",11,7.9,"Jake Bates",12.28,1.97
"2026-09-29T21:43:30Z",2026,4,"ECR","K","GB",16,7.5,"Trey Smack",16.78,5.3
"2026-09-29T21:43:30Z",2026,4,"ECR","K","HOU",4,9.1,"Ka'imi Fairbairn",4.28,1.45
"2026-09-29T21:43:30Z",2026,4,"ECR","K","IND",9,8.1,"Spencer Shrader",9.33,2.83
"2026-09-29T21:43:30Z",2026,4,"ECR","K","JAX",10,8,"Cam Little",10.22,1.55
"2026-09-29T21:43:30Z",2026,4,"ECR","K","KC",5,8.9,"Harrison Butker",5.44,1.26
"2026-09-29T21:43:30Z",2026,4,"ECR","K","LA",17,7.5,"Harrison Mevis",17.39,2.61
"2026-09-29T21:43:30Z",2026,4,"ECR","K","LAC",24,6.9,"Cameron Dicker",23.89,2.69
"2026-09-29T21:43:30Z",2026,4,"ECR","K","LV",18,7.5,"Matt Gay",17.61,2.98
"2026-09-29T21:43:30Z",2026,4,"ECR","K","MIA",32,5.6,"Riley Patterson",31.44,0.5
"2026-09-29T21:43:30Z",2026,4,"ECR","K","MIN",6,8.7,"Will Reichard",7,2.24
"2026-09-29T21:43:30Z",2026,4,"ECR","K","NE",26,6.7,"Andy Borregales",24.13,3.52
"2026-09-29T21:43:30Z",2026,4,"ECR","K","NO",14,7.7,"Daniel Carlson",14.39,2.54
"2026-09-29T21:43:30Z",2026,4,"ECR","K","NYG",29,6.5,"Dominic Zvada",25.5,4.54
"2026-09-29T21:43:30Z",2026,4,"ECR","K","NYJ",21,7,"Jason Sanders",21.59,2.77
"2026-09-29T21:43:30Z",2026,4,"ECR","K","PHI",27,6.6,"Jake Elliott",25.24,2.46
"2026-09-29T21:43:30Z",2026,4,"ECR","K","PIT",13,7.8,"Chris Boswell",13,4.2
"2026-09-29T21:43:30Z",2026,4,"ECR","K","SEA",8,8.1,"Jason Myers",7.44,1.64
"2026-09-29T21:43:30Z",2026,4,"ECR","K","SF",7,8.2,"Eddy Pineiro",7.17,2.87
"2026-09-29T21:43:30Z",2026,4,"ECR","K","TB",25,6.8,"Chase McLaughlin",24.53,2.99
"2026-09-29T21:43:30Z",2026,4,"ECR","K","TEN",31,6.1,"Joey Slye",30.73,1.29
"2026-09-29T21:43:30Z",2026,4,"ECR","K","WAS",28,6.5,"Drew Stevens",25.2,3.02
"2026-09-29T23:45:36Z",2026,4,"ECR","DEF","ARI",12,6.5,"Arizona Cardinals",14.14,2.95
"2026-09-29T23:45:36Z",2026,4,"ECR","DEF","ATL",25,5.6,"Atlanta Falcons",24.71,4.33
"2026-09-29T23:45:36Z",2026,4,"ECR","DEF","BAL",2,9.1,"Baltimore Ravens",2.57,1.05
"2026-09-29T23:45:36Z",2026,4,"ECR","DEF","BUF",6,7.2,"Buffalo Bills",5.43,0.73
"2026-09-29T23:45:36Z",2026,4,"ECR","DEF","CAR",32,4.8,"Carolina Panthers",31.17,1.46
"2026-09-29T23:45:36Z",2026,4,"ECR","DEF","CHI",20,6,"Chicago Bears",19.43,3.66
"2026-09-29T23:45:36Z",2026,4,"ECR","DEF","CIN",23,5.7,"Cincinnati Bengals",22.43,1.29
"2026-09-29T23:45:36Z",2026,4,"ECR","DEF","CLE",7,7.1,"Cleveland Browns",8.71,1.16
"2026-09-29T23:45:36Z",2026,4,"ECR","DEF","DAL",17,6.2,"Dallas Cowboys",17.43,3.7
"2026-09-29T23:45:36Z",2026,4,"ECR","DEF","DEN",16,6.2,"Denver Broncos",16,1.2
"2026-09-29T23:45:36Z",2026,4,"ECR","DEF","DET",11,6.6,"Detroit Lions",11.57,2.56
"2026-09-29T23:45:36Z",2026,4,"ECR","DEF","GB",5,7.2,"Green Bay Packers",5.29,1.75
"2026-09-29T23:45:36Z",2026,4,"ECR","DEF","HOU",9,6.7,"Houston Texans",8.86,1.36
"2026-09-29T23:45:36Z",2026,4,"ECR","DEF","IND",21,5.7,"Indianapolis Colts",20.86,1.36
"2026-09-29T23:45:36Z",2026,4,"ECR","DEF","JAX",22,5.7,"Jacksonville Jaguars",21.29,2.25
"2026-09-29T23:45:36Z",2026,4,"ECR","DEF","KC",10,6.7,"Kansas City Chiefs",9.43,1.5
"2026-09-29T23:45:36Z",2026,4,"ECR","DEF","LA",14,6.4,"Los Angeles Rams",14.86,1.25
"2026-09-29T23:45:36Z",2026,4,"ECR","DEF","LAC",28,5.4,"Los Angeles Chargers",28.14,0.99
"2026-09-29T23:45:36Z",2026,4,"ECR","DEF","LV",26,5.5,"Las Vegas Raiders",27.29,2.12
"2026-09-29T23:45:36Z",2026,4,"ECR","DEF","MIA",30,5.2,"Miami Dolphins",29.83,1.77
"2026-09-29T23:45:36Z",2026,4,"ECR","DEF","MIN",1,11.9,"Minnesota Vikings",1,0
"2026-09-29T23:45:36Z",2026,4,"ECR","DEF","NE",27,5.5,"New England Patriots",27.43,0.73
"2026-09-29T23:45:36Z",2026,4,"ECR","DEF","NO",8,6.8,"New Orleans Saints",8.86,1.25
"2026-09-29T23:45:36Z",2026,4,"ECR","DEF","NYG",18,6.1,"New York Giants",17.43,3.77
"2026-09-29T23:45:36Z",2026,4,"ECR","DEF","NYJ",24,5.6,"New York Jets",23.57,3.02
"2026-09-29T23:45:36Z",2026,4,"ECR","DEF","PHI",13,6.5,"Philadelphia Eagles",14.43,2.06
"2026-09-29T23:45:36Z",2026,4,"ECR","DEF","PIT",3,8.5,"Pittsburgh Steelers",3,0.53
"2026-09-29T23:45:36Z",2026,4,"ECR","DEF","SEA",4,8.4,"Seattle Seahawks",4.57,0.9
"2026-09-29T23:45:36Z",2026,4,"ECR","DEF","SF",19,6.1,"San Francisco 49ers",19.14,0.83
"2026-09-29T23:45:36Z",2026,4,"ECR","DEF","TB",15,6.4,"Tampa Bay Buccaneers",15.71,2.71
"2026-09-29T23:45:36Z",2026,4,"ECR","DEF","TEN",31,4.8,"Tennessee Titans",30.83,0.69
"2026-09-29T23:45:36Z",2026,4,"ECR","DEF","WAS",29,5.4,"Washington Commanders",27.5,2.75
"2026-09-29T23:45:36Z",2026,4,"ECR","K","ARI",22,7,"Chad Ryland",22.11,4.08
"2026-09-29T23:45:36Z",2026,4,"ECR","K","ATL",19,7.4,"Nick Folk",20.11,3.65
"2026-09-29T23:45:36Z",2026,4,"ECR","K","BAL",2,9.4,"Tyler Loop",3.05,1.9
"2026-09-29T23:45:36Z",2026,4,"ECR","K","BUF",12,7.8,"Tyler Bass",13.11,3.82
"2026-09-29T23:45:36Z",2026,4,"ECR","K","CAR",15,7.6,"Ryan Fitzgerald",14.37,2.87
"2026-09-29T23:45:36Z",2026,4,"ECR","K","CHI",21,7,"Cairo Santos",22.11,5.01
"2026-09-29T23:45:36Z",2026,4,"ECR","K","CIN",1,10.2,"Evan McPherson",2.32,1.95
"2026-09-29T23:45:36Z",2026,4,"ECR","K","CLE",30,6.2,"Andre Szmyt",29.4,1.74
"2026-09-29T23:45:36Z",2026,4,"ECR","K","DAL",3,9.2,"Brandon Aubrey",3.63,1.98
"2026-09-29T23:45:36Z",2026,4,"ECR","K","DEN",20,7.3,"Wil Lutz",21.74,2.47
"2026-09-29T23:45:36Z",2026,4,"ECR","K","DET",11,7.9,"Jake Bates",12.58,2.3
"2026-09-29T23:45:36Z",2026,4,"ECR","K","GB",16,7.5,"Trey Smack",17.16,5.4
"2026-09-29T23:45:36Z",2026,4,"ECR","K","HOU",4,9.1,"Ka'imi Fairbairn",4.53,1.76
"2026-09-29T23:45:36Z",2026,4,"ECR","K","IND",9,8.1,"Spencer Shrader",9.11,2.92
"2026-09-29T23:45:36Z",2026,4,"ECR","K","JAX",10,8,"Cam Little",10.21,1.51
"2026-09-29T23:45:36Z",2026,4,"ECR","K","KC",5,8.9,"Harrison Butker",5.32,1.34
"2026-09-29T23:45:36Z",2026,4,"ECR","K","LA",18,7.5,"Harrison Mevis",17.89,3.32
"2026-09-29T23:45:36Z",2026,4,"ECR","K","LAC",24,6.9,"Cameron Dicker",24.21,2.95
"2026-09-29T23:45:36Z",2026,4,"ECR","K","LV",17,7.5,"Matt Gay",17.16,3.48
"2026-09-29T23:45:36Z",2026,4,"ECR","K","MIA",32,5.6,"Riley Patterson",31.4,0.49
"2026-09-29T23:45:36Z",2026,4,"ECR","K","MIN",6,8.7,"Will Reichard",6.74,2.45
"2026-09-29T23:45:36Z",2026,4,"ECR","K","NE",26,6.7,"Andy Borregales",24.18,3.42
"2026-09-29T23:45:36Z",2026,4,"ECR","K","NO",14,7.7,"Daniel Carlson",14.32,2.49
"2026-09-29T23:45:36Z",2026,4,"ECR","K","NYG",29,6.5,"Dominic Zvada",25.27,4.39
"2026-09-29T23:45:36Z",2026,4,"ECR","K","NYJ",23,6.9,"Jason Sanders",21.56,2.69
"2026-09-29T23:45:36Z",2026,4,"ECR","K","PHI",27,6.6,"Jake Elliott",25.44,2.54
"2026-09-29T23:45:36Z",2026,4,"ECR","K","PIT",13,7.8,"Chris Boswell",13.21,4.19
"2026-09-29T23:45:36Z",2026,4,"ECR","K","SEA",8,8.1,"Jason Myers",7.63,1.78
"2026-09-29T23:45:36Z",2026,4,"ECR","K","SF",7,8.2,"Eddy Pineiro",7.37,2.92
"2026-09-29T23:45:36Z",2026,4,"ECR","K","TB",25,6.8,"Chase McLaughlin",24.22,3.17
"2026-09-29T23:45:36Z",2026,4,"ECR","K","TEN",31,6.1,"Joey Slye",30.83,1.28
"2026-09-29T23:45:36Z",2026,4,"ECR","K","WAS",28,6.5,"Drew Stevens",24.88,3.18
