"pulled_at","game_id","kickoff","temp","wind","gust","precip_prob","precip_in","precip_max"
"2026-09-24T07:22:25Z","2026_03_ARI_SF","2026-09-27T20:05:00Z",74,8,NA,NA,NA,NA
"2026-09-24T07:22:25Z","2026_03_ATL_GB","2026-09-25T00:15:00Z",60,4,NA,NA,NA,NA
"2026-09-24T07:22:25Z","2026_03_BAL_DAL","2026-09-27T20:25:00Z",71,5,NA,NA,NA,NA
"2026-09-24T07:22:25Z","2026_03_LAC_BUF","2026-09-27T17:00:00Z",64,11,NA,NA,NA,NA
"2026-09-24T07:22:25Z","2026_03_CAR_CLE","2026-09-27T17:00:00Z",67,10,NA,NA,NA,NA
"2026-09-24T07:22:25Z","2026_03_PHI_CHI","2026-09-29T00:15:00Z",64,5,NA,NA,NA,NA
"2026-09-24T07:22:25Z","2026_03_CIN_PIT","2026-09-27T17:00:00Z",70,10,NA,NA,NA,NA
"2026-09-24T07:22:25Z","2026_03_LA_DEN","2026-09-28T00:20:00Z",79,9,NA,NA,NA,NA
"2026-09-24T07:22:25Z","2026_03_NE_JAX","2026-09-27T17:00:00Z",84,4,NA,NA,NA,NA
"2026-09-24T07:22:25Z","2026_03_KC_MIA","2026-09-27T17:00:00Z",85,10,NA,NA,NA,NA
"2026-09-24T07:22:25Z","2026_03_MIN_TB","2026-09-27T20:05:00Z",83,4,NA,NA,NA,NA
"2026-09-24T07:22:25Z","2026_03_TEN_NYG","2026-09-27T17:00:00Z",57,17,NA,NA,NA,NA
"2026-09-24T07:22:25Z","2026_03_SEA_WAS","2026-09-27T17:00:00Z",63,12,NA,NA,NA,NA
"2026-09-24T18:08:23Z","2026_03_ARI_SF","2026-09-27T20:05:00Z",72,10,NA,NA,NA,NA
"2026-09-24T18:08:23Z","2026_03_ATL_GB","2026-09-25T00:15:00Z",60,4,NA,NA,NA,NA
"2026-09-24T18:08:23Z","2026_03_BAL_DAL","2026-09-27T20:25:00Z",71,5,NA,NA,NA,NA
"2026-09-24T18:08:23Z","2026_03_LAC_BUF","2026-09-27T17:00:00Z",61,11,NA,NA,NA,NA
"2026-09-24T18:08:23Z","2026_03_CAR_CLE","2026-09-27T17:00:00Z",67,10,NA,NA,NA,NA
"2026-09-24T18:08:23Z","2026_03_PHI_CHI","2026-09-29T00:15:00Z",65,5,NA,NA,NA,NA
"2026-09-24T18:08:23Z","2026_03_CIN_PIT","2026-09-27T17:00:00Z",63,7,NA,NA,NA,NA
"2026-09-24T18:08:23Z","2026_03_LA_DEN","2026-09-28T00:20:00Z",78,10,NA,NA,NA,NA
"2026-09-24T18:08:23Z","2026_03_NE_JAX","2026-09-27T17:00:00Z",87,6,NA,NA,NA,NA
"2026-09-24T18:08:23Z","2026_03_KC_MIA","2026-09-27T17:00:00Z",85,10,NA,NA,NA,NA
"2026-09-24T18:08:23Z","2026_03_MIN_TB","2026-09-27T20:05:00Z",84,5,NA,NA,NA,NA
"2026-09-24T18:08:23Z","2026_03_TEN_NYG","2026-09-27T17:00:00Z",59,18,NA,NA,NA,NA
"2026-09-24T18:08:23Z","2026_03_SEA_WAS","2026-09-27T17:00:00Z",70,10,NA,NA,NA,NA
"2026-09-24T18:50:34Z","2026_03_ATL_GB","2026-09-25T00:15:00Z",59,4,10,0,0,NA
"2026-09-24T18:50:34Z","2026_03_LAC_BUF","2026-09-27T17:00:00Z",61,11,21,1,0,NA
"2026-09-24T18:50:34Z","2026_03_CAR_CLE","2026-09-27T17:00:00Z",67,10,13,0,0,NA
"2026-09-24T18:50:34Z","2026_03_HOU_IND","2026-09-27T17:00:00Z",71,6,8,1,0,NA
"2026-09-24T18:50:34Z","2026_03_NE_JAX","2026-09-27T17:00:00Z",87,6,5,0,0,NA
"2026-09-24T18:50:34Z","2026_03_KC_MIA","2026-09-27T17:00:00Z",85,10,8,8,0.02,NA
"2026-09-24T18:50:34Z","2026_03_TEN_NYG","2026-09-27T17:00:00Z",59,18,29,62,0.01,NA
"2026-09-24T18:50:34Z","2026_03_CIN_PIT","2026-09-27T17:00:00Z",63,7,16,0,0,NA
"2026-09-24T18:50:34Z","2026_03_SEA_WAS","2026-09-27T17:00:00Z",70,10,16,15,0,NA
"2026-09-24T18:50:34Z","2026_03_ARI_SF","2026-09-27T20:05:00Z",72,10,11,1,0,NA
"2026-09-24T18:50:34Z","2026_03_MIN_TB","2026-09-27T20:05:00Z",84,5,4,1,0,NA
"2026-09-24T18:50:34Z","2026_03_BAL_DAL","2026-09-27T20:25:00Z",71,5,15,5,0,NA
"2026-09-24T18:50:34Z","2026_03_LA_DEN","2026-09-28T00:20:00Z",78,10,25,0,0,NA
"2026-09-24T18:50:34Z","2026_03_PHI_CHI","2026-09-29T00:15:00Z",65,5,14,0,0,NA
"2026-09-24T19:42:45Z","2026_03_ATL_GB","2026-09-25T00:15:00Z",59,4,10,0,0,NA
"2026-09-24T19:42:45Z","2026_03_LAC_BUF","2026-09-27T17:00:00Z",61,11,21,1,0,NA
"2026-09-24T19:42:45Z","2026_03_CAR_CLE","2026-09-27T17:00:00Z",67,10,13,0,0,NA
"2026-09-24T19:42:45Z","2026_03_HOU_IND","2026-09-27T17:00:00Z",71,6,8,1,0,NA
"2026-09-24T19:42:45Z","2026_03_NE_JAX","2026-09-27T17:00:00Z",87,6,5,0,0,NA
"2026-09-24T19:42:45Z","2026_03_KC_MIA","2026-09-27T17:00:00Z",85,10,8,8,0.02,NA
"2026-09-24T19:42:45Z","2026_03_TEN_NYG","2026-09-27T17:00:00Z",59,18,29,62,0.01,NA
"2026-09-24T19:42:45Z","2026_03_CIN_PIT","2026-09-27T17:00:00Z",63,7,16,0,0,NA
"2026-09-24T19:42:45Z","2026_03_SEA_WAS","2026-09-27T17:00:00Z",70,10,16,15,0,NA
"2026-09-24T19:42:45Z","2026_03_ARI_SF","2026-09-27T20:05:00Z",72,10,11,1,0,NA
"2026-09-24T19:42:45Z","2026_03_MIN_TB","2026-09-27T20:05:00Z",84,5,4,1,0,NA
"2026-09-24T19:42:45Z","2026_03_BAL_DAL","2026-09-27T20:25:00Z",71,5,16,5,0,NA
"2026-09-24T19:42:45Z","2026_03_LA_DEN","2026-09-28T00:20:00Z",78,10,25,0,0,NA
"2026-09-24T19:42:45Z","2026_03_PHI_CHI","2026-09-29T00:15:00Z",65,5,14,0,0,NA
"2026-09-24T21:46:13Z","2026_03_ATL_GB","2026-09-25T00:15:00Z",59,4,9,0,0,NA
"2026-09-24T21:46:13Z","2026_03_LAC_BUF","2026-09-27T17:00:00Z",61,11,24,1,0,NA
"2026-09-24T21:46:13Z","2026_03_CAR_CLE","2026-09-27T17:00:00Z",67,10,16,0,0,NA
"2026-09-24T21:46:13Z","2026_03_HOU_IND","2026-09-27T17:00:00Z",71,6,8,0,0,NA
"2026-09-24T21:46:13Z","2026_03_NE_JAX","2026-09-27T17:00:00Z",87,6,8,0,0,NA
"2026-09-24T21:46:13Z","2026_03_KC_MIA","2026-09-27T17:00:00Z",85,10,7,11,0.02,NA
"2026-09-24T21:46:13Z","2026_03_TEN_NYG","2026-09-27T17:00:00Z",59,18,35,65,0.01,NA
"2026-09-24T21:46:13Z","2026_03_CIN_PIT","2026-09-27T17:00:00Z",63,7,20,1,0,NA
"2026-09-24T21:46:13Z","2026_03_SEA_WAS","2026-09-27T17:00:00Z",70,10,19,22,0,NA
"2026-09-24T21:46:13Z","2026_03_ARI_SF","2026-09-27T20:05:00Z",72,10,12,0,0,NA
"2026-09-24T21:46:13Z","2026_03_MIN_TB","2026-09-27T20:05:00Z",84,5,5,0,0,NA
"2026-09-24T21:46:13Z","2026_03_BAL_DAL","2026-09-27T20:25:00Z",71,5,16,5,0,NA
"2026-09-24T21:46:13Z","2026_03_LA_DEN","2026-09-28T00:20:00Z",78,10,16,0,0,NA
"2026-09-24T21:46:13Z","2026_03_PHI_CHI","2026-09-29T00:15:00Z",65,5,12,0,0,NA
"2026-09-24T22:55:16Z","2026_03_ATL_GB","2026-09-25T00:15:00Z",59,4,9,0,0,NA
"2026-09-24T22:55:16Z","2026_03_LAC_BUF","2026-09-27T17:00:00Z",61,11,24,1,0,NA
"2026-09-24T22:55:16Z","2026_03_CAR_CLE","2026-09-27T17:00:00Z",67,10,16,0,0,NA
"2026-09-24T22:55:16Z","2026_03_HOU_IND","2026-09-27T17:00:00Z",71,6,8,0,0,NA
"2026-09-24T22:55:16Z","2026_03_NE_JAX","2026-09-27T17:00:00Z",87,6,8,0,0,NA
"2026-09-24T22:55:16Z","2026_03_KC_MIA","2026-09-27T17:00:00Z",85,10,7,11,0.02,NA
"2026-09-24T22:55:16Z","2026_03_TEN_NYG","2026-09-27T17:00:00Z",59,18,35,65,0.01,NA
"2026-09-24T22:55:16Z","2026_03_CIN_PIT","2026-09-27T17:00:00Z",63,7,20,1,0,NA
"2026-09-24T22:55:16Z","2026_03_SEA_WAS","2026-09-27T17:00:00Z",70,10,19,22,0,NA
"2026-09-24T22:55:16Z","2026_03_ARI_SF","2026-09-27T20:05:00Z",72,10,12,0,0,NA
"2026-09-24T22:55:16Z","2026_03_MIN_TB","2026-09-27T20:05:00Z",84,5,5,0,0,NA
"2026-09-24T22:55:16Z","2026_03_BAL_DAL","2026-09-27T20:25:00Z",71,5,16,5,0,NA
"2026-09-24T22:55:16Z","2026_03_LA_DEN","2026-09-28T00:20:00Z",78,10,16,0,0,NA
"2026-09-24T22:55:16Z","2026_03_PHI_CHI","2026-09-29T00:15:00Z",65,5,12,0,0,NA
"2026-09-25T00:40:11Z","2026_03_LAC_BUF","2026-09-27T17:00:00Z",67,14,24,1,0,NA
"2026-09-25T00:40:11Z","2026_03_CAR_CLE","2026-09-27T17:00:00Z",67,11,16,0,0,NA
"2026-09-25T00:40:11Z","2026_03_HOU_IND","2026-09-27T17:00:00Z",72,5,8,0,0,NA
"2026-09-25T00:40:11Z","2026_03_NE_JAX","2026-09-27T17:00:00Z",88,7,8,0,0,NA
"2026-09-25T00:40:11Z","2026_03_KC_MIA","2026-09-27T17:00:00Z",87,10,7,11,0,NA
"2026-09-25T00:40:11Z","2026_03_TEN_NYG","2026-09-27T17:00:00Z",58,23,35,65,0.01,NA
"2026-09-25T00:40:11Z","2026_03_CIN_PIT","2026-09-27T17:00:00Z",71,10,20,1,0,NA
"2026-09-25T00:40:11Z","2026_03_SEA_WAS","2026-09-27T17:00:00Z",67,11,19,22,0,NA
"2026-09-25T00:40:11Z","2026_03_ARI_SF","2026-09-27T20:05:00Z",73,8,12,0,0,NA
"2026-09-25T00:40:11Z","2026_03_MIN_TB","2026-09-27T20:05:00Z",85,6,5,0,0,NA
"2026-09-25T00:40:11Z","2026_03_BAL_DAL","2026-09-27T20:25:00Z",71,4,17,3,0,NA
"2026-09-25T00:40:11Z","2026_03_LA_DEN","2026-09-28T00:20:00Z",78,14,16,0,0,NA
"2026-09-25T00:40:11Z","2026_03_PHI_CHI","2026-09-29T00:15:00Z",64,4,12,0,0,NA
"2026-09-25T05:25:10Z","2026_03_LAC_BUF","2026-09-27T17:00:00Z",67,14,20,2,0,NA
"2026-09-25T05:25:10Z","2026_03_CAR_CLE","2026-09-27T17:00:00Z",67,11,16,0,0,NA
"2026-09-25T05:25:10Z","2026_03_HOU_IND","2026-09-27T17:00:00Z",72,5,8,1,0,NA
"2026-09-25T05:25:10Z","2026_03_NE_JAX","2026-09-27T17:00:00Z",88,7,8,0,0,NA
"2026-09-25T05:25:10Z","2026_03_KC_MIA","2026-09-27T17:00:00Z",87,10,8,12,0,NA
"2026-09-25T05:25:10Z","2026_03_TEN_NYG","2026-09-27T17:00:00Z",58,23,46,76,0.01,NA
"2026-09-25T05:25:10Z","2026_03_CIN_PIT","2026-09-27T17:00:00Z",71,10,16,1,0,NA
"2026-09-25T05:25:10Z","2026_03_SEA_WAS","2026-09-27T17:00:00Z",67,11,24,34,0,NA
"2026-09-25T05:25:10Z","2026_03_ARI_SF","2026-09-27T20:05:00Z",73,8,12,0,0,NA
"2026-09-25T05:25:10Z","2026_03_MIN_TB","2026-09-27T20:05:00Z",85,6,5,0,0,NA
"2026-09-25T05:25:10Z","2026_03_BAL_DAL","2026-09-27T20:25:00Z",71,4,17,1,0,NA
"2026-09-25T05:25:10Z","2026_03_LA_DEN","2026-09-28T00:20:00Z",78,14,24,1,0,NA
"2026-09-25T05:25:10Z","2026_03_PHI_CHI","2026-09-29T00:15:00Z",64,4,7,0,0,NA
"2026-09-25T18:13:45Z","2026_03_LAC_BUF","2026-09-27T17:00:00Z",66,16,21,9,0,NA
"2026-09-25T18:13:45Z","2026_03_CAR_CLE","2026-09-27T17:00:00Z",67,12,18,0,0,NA
"2026-09-25T18:13:45Z","2026_03_HOU_IND","2026-09-27T17:00:00Z",72,6,8,0,0,NA
"2026-09-25T18:13:45Z","2026_03_NE_JAX","2026-09-27T17:00:00Z",88,8,10,0,0,NA
"2026-09-25T18:13:45Z","2026_03_KC_MIA","2026-09-27T17:00:00Z",89,3,8,9,0,NA
"2026-09-25T18:13:45Z","2026_03_CIN_PIT","2026-09-27T17:00:00Z",71,11,17,2,0,NA
"2026-09-25T18:13:45Z","2026_03_SEA_WAS","2026-09-27T17:00:00Z",61,11,33,62,0.04,NA
"2026-09-25T18:13:45Z","2026_03_ARI_SF","2026-09-27T20:05:00Z",73,9,12,1,0,NA
"2026-09-25T18:13:45Z","2026_03_MIN_TB","2026-09-27T20:05:00Z",85,8,6,0,0,NA
"2026-09-25T18:13:45Z","2026_03_BAL_DAL","2026-09-27T20:25:00Z",71,6,16,0,0,NA
"2026-09-25T18:13:45Z","2026_03_LA_DEN","2026-09-28T00:20:00Z",78,14,22,1,0.01,NA
"2026-09-25T18:13:45Z","2026_03_PHI_CHI","2026-09-29T00:15:00Z",64,4,7,0,0,NA
"2026-09-25T18:15:23Z","2026_03_TEN_NYG","2026-09-27T17:00:00Z",64,12,32,92,0.03,NA
"2026-09-25T20:22:36Z","2026_03_LAC_BUF","2026-09-27T17:00:00Z",66,16,24,9,0,0
"2026-09-25T20:22:36Z","2026_03_CAR_CLE","2026-09-27T17:00:00Z",67,12,20,0,0,0
"2026-09-25T20:22:36Z","2026_03_HOU_IND","2026-09-27T17:00:00Z",72,6,9,0,0,0
"2026-09-25T20:22:36Z","2026_03_NE_JAX","2026-09-27T17:00:00Z",87,7,10,0,0,0
"2026-09-25T20:22:36Z","2026_03_KC_MIA","2026-09-27T17:00:00Z",88,3,7,9,0,0
"2026-09-25T20:22:36Z","2026_03_TEN_NYG","2026-09-27T17:00:00Z",64,12,29,92,0.13,0.079
"2026-09-25T20:22:36Z","2026_03_CIN_PIT","2026-09-27T17:00:00Z",71,12,20,2,0,0
"2026-09-25T20:22:36Z","2026_03_SEA_WAS","2026-09-27T17:00:00Z",61,12,29,62,0.12,0.051
"2026-09-25T20:22:36Z","2026_03_ARI_SF","2026-09-27T20:05:00Z",73,9,12,1,0,0
"2026-09-25T20:22:36Z","2026_03_MIN_TB","2026-09-27T20:05:00Z",85,8,6,0,0,0
"2026-09-25T20:22:36Z","2026_03_BAL_DAL","2026-09-27T20:25:00Z",70,5,15,1,0,0.004
"2026-09-25T20:22:36Z","2026_03_LA_DEN","2026-09-28T00:20:00Z",78,14,26,1,0.01,0.008
"2026-09-25T20:22:36Z","2026_03_PHI_CHI","2026-09-29T00:15:00Z",64,4,8,0,0,0
"2026-09-25T21:12:57Z","2026_03_LAC_BUF","2026-09-27T17:00:00Z",66,16,24,11,0,0
"2026-09-25T21:12:57Z","2026_03_CAR_CLE","2026-09-27T17:00:00Z",67,12,20,0,0,0
"2026-09-25T21:12:57Z","2026_03_HOU_IND","2026-09-27T17:00:00Z",72,6,9,0,0,0
"2026-09-25T21:12:57Z","2026_03_NE_JAX","2026-09-27T17:00:00Z",87,7,10,0,0,0
"2026-09-25T21:12:57Z","2026_03_KC_MIA","2026-09-27T17:00:00Z",88,3,7,4,0,0
"2026-09-25T21:12:57Z","2026_03_TEN_NYG","2026-09-27T17:00:00Z",64,12,29,93,0.13,0.079
"2026-09-25T21:12:57Z","2026_03_CIN_PIT","2026-09-27T17:00:00Z",71,12,20,2,0,0
"2026-09-25T21:12:57Z","2026_03_SEA_WAS","2026-09-27T17:00:00Z",61,12,29,55,0.12,0.051
"2026-09-25T21:12:57Z","2026_03_ARI_SF","2026-09-27T20:05:00Z",73,9,12,1,0,0
"2026-09-25T21:12:57Z","2026_03_MIN_TB","2026-09-27T20:05:00Z",85,8,6,0,0,0
"2026-09-25T21:12:57Z","2026_03_BAL_DAL","2026-09-27T20:25:00Z",70,5,15,1,0,0.004
"2026-09-25T21:12:57Z","2026_03_LA_DEN","2026-09-28T00:20:00Z",78,14,26,1,0.01,0.008
"2026-09-25T21:12:57Z","2026_03_PHI_CHI","2026-09-29T00:15:00Z",64,4,8,0,0,0
"2026-09-25T21:51:39Z","2026_03_LAC_BUF","2026-09-27T17:00:00Z",66,16,24,11,0,0
"2026-09-25T21:51:39Z","2026_03_CAR_CLE","2026-09-27T17:00:00Z",67,12,20,0,0,0
"2026-09-25T21:51:39Z","2026_03_HOU_IND","2026-09-27T17:00:00Z",72,6,9,0,0,0
"2026-09-25T21:51:39Z","2026_03_NE_JAX","2026-09-27T17:00:00Z",87,7,10,0,0,0
"2026-09-25T21:51:39Z","2026_03_KC_MIA","2026-09-27T17:00:00Z",88,3,7,4,0,0
"2026-09-25T21:51:39Z","2026_03_TEN_NYG","2026-09-27T17:00:00Z",64,12,29,93,0.13,0.079
"2026-09-25T21:51:39Z","2026_03_CIN_PIT","2026-09-27T17:00:00Z",71,12,20,2,0,0
"2026-09-25T21:51:39Z","2026_03_SEA_WAS","2026-09-27T17:00:00Z",61,12,29,55,0.12,0.051
"2026-09-25T21:51:39Z","2026_03_ARI_SF","2026-09-27T20:05:00Z",73,9,12,1,0,0
"2026-09-25T21:51:39Z","2026_03_MIN_TB","2026-09-27T20:05:00Z",85,8,6,0,0,0
"2026-09-25T21:51:39Z","2026_03_BAL_DAL","2026-09-27T20:25:00Z",70,5,15,1,0,0.004
"2026-09-25T21:51:39Z","2026_03_PHI_CHI","2026-09-29T00:15:00Z",64,4,8,0,0,0
"2026-09-25T21:53:19Z","2026_03_LA_DEN","2026-09-28T00:20:00Z",78,14,26,1,0.01,0.008
"2026-09-25T22:46:33Z","2026_03_LAC_BUF","2026-09-27T17:00:00Z",66,16,24,11,0,0
"2026-09-25T22:46:33Z","2026_03_CAR_CLE","2026-09-27T17:00:00Z",67,12,20,0,0,0
"2026-09-25T22:46:33Z","2026_03_HOU_IND","2026-09-27T17:00:00Z",72,6,9,0,0,0
"2026-09-25T22:46:33Z","2026_03_NE_JAX","2026-09-27T17:00:00Z",87,7,10,0,0,0
"2026-09-25T22:46:33Z","2026_03_KC_MIA","2026-09-27T17:00:00Z",88,3,7,4,0,0
"2026-09-25T22:46:33Z","2026_03_TEN_NYG","2026-09-27T17:00:00Z",64,12,29,93,0.13,0.079
"2026-09-25T22:46:33Z","2026_03_CIN_PIT","2026-09-27T17:00:00Z",71,12,20,2,0,0
"2026-09-25T22:46:33Z","2026_03_SEA_WAS","2026-09-27T17:00:00Z",61,12,29,55,0.12,0.051
"2026-09-25T22:46:33Z","2026_03_ARI_SF","2026-09-27T20:05:00Z",73,9,12,1,0,0
"2026-09-25T22:46:33Z","2026_03_MIN_TB","2026-09-27T20:05:00Z",85,8,6,0,0,0
"2026-09-25T22:46:33Z","2026_03_BAL_DAL","2026-09-27T20:25:00Z",70,5,15,1,0,0.004
"2026-09-25T22:46:33Z","2026_03_LA_DEN","2026-09-28T00:20:00Z",78,14,26,1,0.01,0.008
"2026-09-25T22:46:33Z","2026_03_PHI_CHI","2026-09-29T00:15:00Z",64,4,8,0,0,0
"2026-09-25T23:17:51Z","2026_03_LAC_BUF","2026-09-27T17:00:00Z",66,16,24,11,0,0
"2026-09-25T23:17:51Z","2026_03_CAR_CLE","2026-09-27T17:00:00Z",67,12,20,0,0,0
"2026-09-25T23:17:51Z","2026_03_HOU_IND","2026-09-27T17:00:00Z",72,6,9,0,0,0
"2026-09-25T23:17:51Z","2026_03_NE_JAX","2026-09-27T17:00:00Z",87,7,10,0,0,0
"2026-09-25T23:17:51Z","2026_03_KC_MIA","2026-09-27T17:00:00Z",88,3,7,4,0,0
"2026-09-25T23:17:51Z","2026_03_TEN_NYG","2026-09-27T17:00:00Z",64,12,29,93,0.13,0.079
"2026-09-25T23:17:51Z","2026_03_CIN_PIT","2026-09-27T17:00:00Z",71,12,20,2,0,0
"2026-09-25T23:17:51Z","2026_03_SEA_WAS","2026-09-27T17:00:00Z",61,12,29,55,0.12,0.051
"2026-09-25T23:17:51Z","2026_03_ARI_SF","2026-09-27T20:05:00Z",73,9,12,1,0,0
"2026-09-25T23:17:51Z","2026_03_MIN_TB","2026-09-27T20:05:00Z",85,8,6,0,0,0
"2026-09-25T23:17:51Z","2026_03_BAL_DAL","2026-09-27T20:25:00Z",70,5,15,1,0,0.004
"2026-09-25T23:17:51Z","2026_03_LA_DEN","2026-09-28T00:20:00Z",78,14,26,1,0.01,0.008
"2026-09-25T23:17:51Z","2026_03_PHI_CHI","2026-09-29T00:15:00Z",64,4,8,0,0,0
"2026-09-25T23:59:49Z","2026_03_LAC_BUF","2026-09-27T17:00:00Z",65,17,24,11,0,0.004
"2026-09-25T23:59:49Z","2026_03_CAR_CLE","2026-09-27T17:00:00Z",67,12,20,0,0,0
"2026-09-25T23:59:49Z","2026_03_HOU_IND","2026-09-27T17:00:00Z",72,6,9,0,0,0
"2026-09-25T23:59:49Z","2026_03_NE_JAX","2026-09-27T17:00:00Z",87,6,10,0,0,0
"2026-09-25T23:59:49Z","2026_03_KC_MIA","2026-09-27T17:00:00Z",88,4,7,4,0,0
"2026-09-25T23:59:49Z","2026_03_TEN_NYG","2026-09-27T17:00:00Z",61,16,29,93,0.15,0.045
"2026-09-25T23:59:49Z","2026_03_CIN_PIT","2026-09-27T17:00:00Z",71,12,20,2,0,0
"2026-09-25T23:59:49Z","2026_03_SEA_WAS","2026-09-27T17:00:00Z",59,13,29,55,0.11,0.031
"2026-09-25T23:59:49Z","2026_03_ARI_SF","2026-09-27T20:05:00Z",73,9,12,1,0,0
"2026-09-25T23:59:49Z","2026_03_MIN_TB","2026-09-27T20:05:00Z",85,7,6,0,0,0
"2026-09-25T23:59:49Z","2026_03_BAL_DAL","2026-09-27T20:25:00Z",70,5,15,1,0,0.004
"2026-09-25T23:59:49Z","2026_03_LA_DEN","2026-09-28T00:20:00Z",77,12,26,1,0.02,0.02
"2026-09-25T23:59:49Z","2026_03_PHI_CHI","2026-09-29T00:15:00Z",63,4,8,0,0,0
"2026-09-26T02:57:14Z","2026_03_LAC_BUF","2026-09-27T17:00:00Z",64,16,26,40,0.02,0.016
"2026-09-26T02:57:14Z","2026_03_CAR_CLE","2026-09-27T17:00:00Z",68,14,22,0,0,0
"2026-09-26T02:57:14Z","2026_03_HOU_IND","2026-09-27T17:00:00Z",71,6,10,0,0,0
"2026-09-26T02:57:14Z","2026_03_NE_JAX","2026-09-27T17:00:00Z",86,5,8,0,0,0
"2026-09-26T02:57:14Z","2026_03_KC_MIA","2026-09-27T17:00:00Z",82,4,11,6,0,0
"2026-09-26T02:57:14Z","2026_03_TEN_NYG","2026-09-27T17:00:00Z",65,18,42,94,0,0
"2026-09-26T02:57:14Z","2026_03_CIN_PIT","2026-09-27T17:00:00Z",69,13,24,14,0,0
"2026-09-26T02:57:14Z","2026_03_SEA_WAS","2026-09-27T17:00:00Z",64,11,30,59,0,0
"2026-09-26T02:57:14Z","2026_03_ARI_SF","2026-09-27T20:05:00Z",69,10,15,0,0,0
"2026-09-26T02:57:14Z","2026_03_MIN_TB","2026-09-27T20:05:00Z",83,5,7,0,0,0
"2026-09-26T02:57:14Z","2026_03_BAL_DAL","2026-09-27T20:25:00Z",70,6,16,2,0,0
"2026-09-26T02:57:14Z","2026_03_LA_DEN","2026-09-28T00:20:00Z",76,12,24,2,0.02,0.02
"2026-09-26T02:57:14Z","2026_03_PHI_CHI","2026-09-29T00:15:00Z",63,4,8,0,0,0
"2026-09-26T17:36:07Z","2026_03_LAC_BUF","2026-09-27T17:00:00Z",67,15,24,16,0,0
"2026-09-26T17:36:07Z","2026_03_CAR_CLE","2026-09-27T17:00:00Z",68,12,19,0,0,0
"2026-09-26T17:36:07Z","2026_03_HOU_IND","2026-09-27T17:00:00Z",71,7,10,0,0,0
"2026-09-26T17:36:07Z","2026_03_NE_JAX","2026-09-27T17:00:00Z",86,3,6,0,0,0
"2026-09-26T17:36:07Z","2026_03_KC_MIA","2026-09-27T17:00:00Z",82,4,8,1,0,0
"2026-09-26T17:36:07Z","2026_03_TEN_NYG","2026-09-27T17:00:00Z",64,16,41,44,0,0
"2026-09-26T17:36:07Z","2026_03_CIN_PIT","2026-09-27T17:00:00Z",70,13,20,3,0,0
"2026-09-26T17:36:07Z","2026_03_SEA_WAS","2026-09-27T17:00:00Z",65,13,30,39,0.02,0.016
"2026-09-26T17:36:07Z","2026_03_ARI_SF","2026-09-27T20:05:00Z",67,10,15,1,0,0
"2026-09-26T17:36:07Z","2026_03_MIN_TB","2026-09-27T20:05:00Z",83,4,8,1,0,0
"2026-09-26T17:36:07Z","2026_03_BAL_DAL","2026-09-27T20:25:00Z",72,5,18,15,0.01,0.004
"2026-09-26T17:36:07Z","2026_03_LA_DEN","2026-09-28T00:20:00Z",75,11,31,7,0,0
"2026-09-26T17:36:07Z","2026_03_PHI_CHI","2026-09-29T00:15:00Z",63,4,7,0,0,0
"2026-09-27T16:16:47Z","2026_03_LAC_BUF","2026-09-27T17:00:00Z",70,14,22,3,0,0
"2026-09-27T16:16:47Z","2026_03_CAR_CLE","2026-09-27T17:00:00Z",69,12,18,0,0,0
"2026-09-27T16:16:47Z","2026_03_HOU_IND","2026-09-27T17:00:00Z",72,7,10,0,0,0
"2026-09-27T16:16:47Z","2026_03_NE_JAX","2026-09-27T17:00:00Z",85,8,12,0,0,0
"2026-09-27T16:16:47Z","2026_03_KC_MIA","2026-09-27T17:00:00Z",84,4,7,1,0,0
"2026-09-27T16:16:47Z","2026_03_TEN_NYG","2026-09-27T17:00:00Z",63,11,33,43,0.11,0.043
"2026-09-27T16:16:47Z","2026_03_CIN_PIT","2026-09-27T17:00:00Z",71,13,21,2,0,0
"2026-09-27T16:16:47Z","2026_03_SEA_WAS","2026-09-27T17:00:00Z",60,12,33,61,0,0
"2026-09-27T16:16:47Z","2026_03_ARI_SF","2026-09-27T20:05:00Z",68,8,16,0,0,0
"2026-09-27T16:16:47Z","2026_03_MIN_TB","2026-09-27T20:05:00Z",83,6,9,0,0,0
"2026-09-27T16:16:47Z","2026_03_BAL_DAL","2026-09-27T20:25:00Z",72,6,20,40,0.02,0.008
"2026-09-27T16:16:47Z","2026_03_LA_DEN","2026-09-28T00:20:00Z",76,10,24,11,0.02,0.016
"2026-09-27T16:18:26Z","2026_03_PHI_CHI","2026-09-29T00:15:00Z",60,4,10,0,0,0
"2026-09-27T17:20:54Z","2026_03_ARI_SF","2026-09-27T20:05:00Z",68,8,14,0,0,0
"2026-09-27T17:20:54Z","2026_03_MIN_TB","2026-09-27T20:05:00Z",83,7,9,0,0,0
"2026-09-27T17:20:54Z","2026_03_BAL_DAL","2026-09-27T20:25:00Z",72,6,20,40,0.02,0.008
"2026-09-27T17:20:54Z","2026_03_LA_DEN","2026-09-28T00:20:00Z",75,12,30,12,0,0
"2026-09-27T17:20:54Z","2026_03_PHI_CHI","2026-09-29T00:15:00Z",60,4,10,1,0,0
"2026-09-27T19:17:36Z","2026_03_ARI_SF","2026-09-27T20:05:00Z",67,10,15,0,0,0
"2026-09-27T19:17:36Z","2026_03_MIN_TB","2026-09-27T20:05:00Z",83,6,8,0,0,0
"2026-09-27T19:17:36Z","2026_03_BAL_DAL","2026-09-27T20:25:00Z",72,5,19,40,0.02,0.008
"2026-09-27T19:17:36Z","2026_03_LA_DEN","2026-09-28T00:20:00Z",74,9,20,11,0.02,0.016
"2026-09-27T19:17:36Z","2026_03_PHI_CHI","2026-09-29T00:15:00Z",60,4,10,1,0,0
"2026-09-27T19:50:17Z","2026_03_ARI_SF","2026-09-27T20:05:00Z",67,10,15,1,0,0
"2026-09-27T19:50:17Z","2026_03_MIN_TB","2026-09-27T20:05:00Z",83,6,8,0,0,0
"2026-09-27T19:50:17Z","2026_03_BAL_DAL","2026-09-27T20:25:00Z",72,5,19,40,0.02,0.008
"2026-09-27T19:50:17Z","2026_03_LA_DEN","2026-09-28T00:20:00Z",74,9,20,11,0.02,0.016
"2026-09-27T19:50:17Z","2026_03_PHI_CHI","2026-09-29T00:15:00Z",60,4,10,1,0,0
"2026-09-27T21:57:23Z","2026_03_LA_DEN","2026-09-28T00:20:00Z",70,8,22,8,0,0
"2026-09-27T21:57:23Z","2026_03_PHI_CHI","2026-09-29T00:15:00Z",61,4,9,2,0,0
"2026-09-28T01:42:12Z","2026_03_PHI_CHI","2026-09-29T00:15:00Z",61,4,9,1,0,0
"2026-09-29T19:48:05Z","2026_04_PIT_CLE","2026-10-02T00:15:00Z",75,10,26,19,0,0
"2026-09-29T19:48:05Z","2026_04_IND_WAS","2026-10-04T13:30:00Z",68,10,21,0,0,0
"2026-09-29T19:48:05Z","2026_04_TEN_BAL","2026-10-04T17:00:00Z",61,4,11,51,0.42,0.126
"2026-09-29T19:48:05Z","2026_04_NE_BUF","2026-10-04T17:00:00Z",67,10,13,15,0,0
"2026-09-29T19:48:05Z","2026_04_NYJ_CHI","2026-10-04T17:00:00Z",66,11,17,1,0,0
"2026-09-29T19:48:05Z","2026_04_JAX_CIN","2026-10-04T17:00:00Z",73,6,8,21,0,0
"2026-09-29T19:48:05Z","2026_04_DAL_HOU","2026-10-04T17:00:00Z",86,12,18,56,0,0
"2026-09-29T19:48:05Z","2026_04_ARI_NYG","2026-10-04T17:00:00Z",57,10,15,38,0.28,0.067
"2026-09-29T19:48:05Z","2026_04_LA_PHI","2026-10-04T17:00:00Z",60,8,21,45,0.44,0.102
"2026-09-29T19:48:05Z","2026_04_GB_TB","2026-10-04T17:00:00Z",91,9,10,41,0,0
"2026-09-29T19:48:05Z","2026_04_LAC_SEA","2026-10-04T20:25:00Z",70,7,6,0,0,0
"2026-09-29T19:48:05Z","2026_04_DEN_SF","2026-10-04T20:25:00Z",90,7,7,0,0,0
"2026-09-29T19:48:05Z","2026_04_DET_CAR","2026-10-05T00:20:00Z",61,5,15,65,0.02,0.008
"2026-09-29T21:43:30Z","2026_04_PIT_CLE","2026-10-02T00:15:00Z",75,10,26,18,0,0
"2026-09-29T21:43:30Z","2026_04_IND_WAS","2026-10-04T13:30:00Z",67,4,10,0,0,0
"2026-09-29T21:43:30Z","2026_04_TEN_BAL","2026-10-04T17:00:00Z",61,4,11,44,0.42,0.126
"2026-09-29T21:43:30Z","2026_04_NE_BUF","2026-10-04T17:00:00Z",67,10,13,8,0,0
"2026-09-29T21:43:30Z","2026_04_NYJ_CHI","2026-10-04T17:00:00Z",66,11,17,3,0,0
"2026-09-29T21:43:30Z","2026_04_JAX_CIN","2026-10-04T17:00:00Z",73,6,8,21,0,0
"2026-09-29T21:43:30Z","2026_04_DAL_HOU","2026-10-04T17:00:00Z",86,12,18,52,0,0
"2026-09-29T21:43:30Z","2026_04_ARI_NYG","2026-10-04T17:00:00Z",57,10,15,34,0.28,0.067
"2026-09-29T21:43:30Z","2026_04_LA_PHI","2026-10-04T17:00:00Z",60,8,21,38,0.44,0.102
"2026-09-29T21:43:30Z","2026_04_GB_TB","2026-10-04T17:00:00Z",91,9,10,31,0,0
"2026-09-29T21:43:30Z","2026_04_LAC_SEA","2026-10-04T20:25:00Z",70,7,6,0,0,0
"2026-09-29T21:43:30Z","2026_04_DEN_SF","2026-10-04T20:25:00Z",90,7,7,0,0,0
"2026-09-29T21:43:30Z","2026_04_DET_CAR","2026-10-05T00:20:00Z",61,5,15,62,0.02,0.008
"2026-09-29T23:45:36Z","2026_04_PIT_CLE","2026-10-02T00:15:00Z",75,12,26,18,0,0
"2026-09-29T23:45:36Z","2026_04_IND_WAS","2026-10-04T13:30:00Z",67,4,10,0,0,0
"2026-09-29T23:45:36Z","2026_04_TEN_BAL","2026-10-04T17:00:00Z",67,4,11,44,0,0
"2026-09-29T23:45:36Z","2026_04_NE_BUF","2026-10-04T17:00:00Z",65,11,13,8,0,0
"2026-09-29T23:45:36Z","2026_04_NYJ_CHI","2026-10-04T17:00:00Z",66,11,17,3,0,0
"2026-09-29T23:45:36Z","2026_04_JAX_CIN","2026-10-04T17:00:00Z",73,5,8,21,0,0
"2026-09-29T23:45:36Z","2026_04_DAL_HOU","2026-10-04T17:00:00Z",82,14,18,52,0.06,0.024
"2026-09-29T23:45:36Z","2026_04_ARI_NYG","2026-10-04T17:00:00Z",69,6,15,34,0,0
"2026-09-29T23:45:36Z","2026_04_LA_PHI","2026-10-04T17:00:00Z",69,5,21,38,0,0
"2026-09-29T23:45:36Z","2026_04_GB_TB","2026-10-04T17:00:00Z",92,9,10,31,0,0
"2026-09-29T23:45:36Z","2026_04_LAC_SEA","2026-10-04T20:25:00Z",70,7,6,0,0,0
"2026-09-29T23:45:36Z","2026_04_DEN_SF","2026-10-04T20:25:00Z",91,7,7,0,0,0
"2026-09-29T23:45:36Z","2026_04_DET_CAR","2026-10-05T00:20:00Z",63,5,15,62,0.16,0.039
"2026-09-30T05:05:06Z","2026_04_PIT_CLE","2026-10-02T00:15:00Z",75,12,29,25,0,0
"2026-09-30T05:05:06Z","2026_04_IND_WAS","2026-10-04T13:30:00Z",67,4,10,0,0,0
"2026-09-30T05:05:06Z","2026_04_TEN_BAL","2026-10-04T17:00:00Z",67,4,3,40,0,0
"2026-09-30T05:05:06Z","2026_04_NE_BUF","2026-10-04T17:00:00Z",65,11,16,13,0,0
"2026-09-30T05:05:06Z","2026_04_NYJ_CHI","2026-10-04T17:00:00Z",66,11,14,3,0,0
"2026-09-30T05:05:06Z","2026_04_JAX_CIN","2026-10-04T17:00:00Z",73,5,6,18,0,0
"2026-09-30T05:05:06Z","2026_04_DAL_HOU","2026-10-04T17:00:00Z",82,14,19,63,0.06,0.024
"2026-09-30T05:05:06Z","2026_04_ARI_NYG","2026-10-04T17:00:00Z",69,6,7,26,0,0
"2026-09-30T05:05:06Z","2026_04_LA_PHI","2026-10-04T17:00:00Z",69,5,4,33,0,0
"2026-09-30T05:05:06Z","2026_04_GB_TB","2026-10-04T17:00:00Z",92,9,11,47,0,0
"2026-09-30T05:05:06Z","2026_04_LAC_SEA","2026-10-04T20:25:00Z",70,7,6,0,0,0
"2026-09-30T05:05:06Z","2026_04_DEN_SF","2026-10-04T20:25:00Z",91,7,8,0,0,0
"2026-09-30T05:05:06Z","2026_04_DET_CAR","2026-10-05T00:20:00Z",63,5,10,65,0.16,0.039
"2026-09-30T16:41:57Z","2026_04_PIT_CLE","2026-10-02T00:15:00Z",76,8,18,21,0,0
"2026-09-30T16:41:57Z","2026_04_IND_WAS","2026-10-04T13:30:00Z",68,7,16,0,0,0
"2026-09-30T16:41:57Z","2026_04_TEN_BAL","2026-10-04T17:00:00Z",65,5,8,28,0,0
"2026-09-30T16:41:57Z","2026_04_NE_BUF","2026-10-04T17:00:00Z",69,9,15,2,0,0
"2026-09-30T16:41:57Z","2026_04_NYJ_CHI","2026-10-04T17:00:00Z",68,8,12,1,0,0
"2026-09-30T16:41:57Z","2026_04_JAX_CIN","2026-10-04T17:00:00Z",75,4,7,15,0,0
"2026-09-30T16:41:57Z","2026_04_DAL_HOU","2026-10-04T17:00:00Z",87,9,13,56,0.13,0.067
"2026-09-30T16:41:57Z","2026_04_ARI_NYG","2026-10-04T17:00:00Z",69,7,8,8,0,0
"2026-09-30T16:41:57Z","2026_04_LA_PHI","2026-10-04T17:00:00Z",69,5,6,19,0,0
"2026-09-30T16:41:57Z","2026_04_GB_TB","2026-10-04T17:00:00Z",90,8,9,66,0.04,0.028
"2026-09-30T16:41:57Z","2026_04_LAC_SEA","2026-10-04T20:25:00Z",70,8,7,0,0,0
"2026-09-30T16:41:57Z","2026_04_DEN_SF","2026-10-04T20:25:00Z",91,7,9,2,0,0
"2026-09-30T16:41:57Z","2026_04_DET_CAR","2026-10-05T00:20:00Z",64,3,5,56,0.01,0.008
"2026-09-30T18:52:06Z","2026_04_PIT_CLE","2026-10-02T00:15:00Z",76,8,18,14,0,0
"2026-09-30T18:52:06Z","2026_04_IND_WAS","2026-10-04T13:30:00Z",68,7,16,1,0,0
"2026-09-30T18:52:06Z","2026_04_TEN_BAL","2026-10-04T17:00:00Z",60,2,4,28,0.05,0.016
"2026-09-30T18:52:06Z","2026_04_NE_BUF","2026-10-04T17:00:00Z",70,10,14,2,0,0
"2026-09-30T18:52:06Z","2026_04_NYJ_CHI","2026-10-04T17:00:00Z",71,6,11,1,0,0
"2026-09-30T18:52:06Z","2026_04_JAX_CIN","2026-10-04T17:00:00Z",73,4,6,15,0,0
"2026-09-30T18:52:06Z","2026_04_DAL_HOU","2026-10-04T17:00:00Z",89,10,15,56,0,0
"2026-09-30T18:52:06Z","2026_04_ARI_NYG","2026-10-04T17:00:00Z",69,9,9,8,0,0
"2026-09-30T18:52:06Z","2026_04_LA_PHI","2026-10-04T17:00:00Z",68,6,8,19,0,0
"2026-09-30T18:52:06Z","2026_04_GB_TB","2026-10-04T17:00:00Z",92,8,10,66,0.02,0.008
"2026-09-30T18:52:06Z","2026_04_LAC_SEA","2026-10-04T20:25:00Z",70,7,7,0,0,0
"2026-09-30T18:52:06Z","2026_04_DEN_SF","2026-10-04T20:25:00Z",92,7,9,2,0,0
"2026-09-30T18:52:06Z","2026_04_DET_CAR","2026-10-05T00:20:00Z",63,4,9,56,0.4,0.193
"2026-10-01T00:47:05Z","2026_04_PIT_CLE","2026-10-02T00:15:00Z",76,12,25,16,0,0
"2026-10-01T00:47:05Z","2026_04_IND_WAS","2026-10-04T13:30:00Z",64,3,8,1,0,0
"2026-10-01T00:47:05Z","2026_04_TEN_BAL","2026-10-04T17:00:00Z",61,7,14,37,0.28,0.13
"2026-10-01T00:47:05Z","2026_04_NE_BUF","2026-10-04T17:00:00Z",71,9,14,2,0,0
"2026-10-01T00:47:05Z","2026_04_NYJ_CHI","2026-10-04T17:00:00Z",70,6,10,1,0,0
"2026-10-01T00:47:05Z","2026_04_JAX_CIN","2026-10-04T17:00:00Z",71,4,6,15,0,0
"2026-10-01T00:47:05Z","2026_04_DAL_HOU","2026-10-04T17:00:00Z",85,10,16,54,0,0
"2026-10-01T00:47:05Z","2026_04_ARI_NYG","2026-10-04T17:00:00Z",70,8,12,23,0,0
"2026-10-01T00:47:05Z","2026_04_LA_PHI","2026-10-04T17:00:00Z",66,8,12,31,0,0
"2026-10-01T00:47:05Z","2026_04_GB_TB","2026-10-04T17:00:00Z",90,9,11,65,0,0
"2026-10-01T00:47:05Z","2026_04_LAC_SEA","2026-10-04T20:25:00Z",71,7,6,0,0,0
"2026-10-01T00:47:05Z","2026_04_DEN_SF","2026-10-04T20:25:00Z",91,6,7,0,0,0
"2026-10-01T00:47:05Z","2026_04_DET_CAR","2026-10-05T00:20:00Z",61,6,15,60,0.91,0.638
"2026-10-01T17:41:13Z","2026_04_PIT_CLE","2026-10-02T00:15:00Z",77,10,21,8,0,0
"2026-10-01T17:41:13Z","2026_04_IND_WAS","2026-10-04T13:30:00Z",66,6,14,0,0,0
"2026-10-01T17:41:13Z","2026_04_TEN_BAL","2026-10-04T17:00:00Z",62,7,12,55,0.02,0.008
"2026-10-01T17:41:13Z","2026_04_NE_BUF","2026-10-04T17:00:00Z",69,7,15,4,0,0
"2026-10-01T17:41:13Z","2026_04_NYJ_CHI","2026-10-04T17:00:00Z",71,5,10,0,0,0
"2026-10-01T17:41:13Z","2026_04_JAX_CIN","2026-10-04T17:00:00Z",72,4,7,2,0,0
"2026-10-01T17:41:13Z","2026_04_DAL_HOU","2026-10-04T17:00:00Z",80,9,16,55,0,0
"2026-10-01T17:41:13Z","2026_04_ARI_NYG","2026-10-04T17:00:00Z",66,8,11,39,0,0
"2026-10-01T17:41:13Z","2026_04_LA_PHI","2026-10-04T17:00:00Z",64,6,11,48,0.03,0.028
"2026-10-01T17:41:13Z","2026_04_GB_TB","2026-10-04T17:00:00Z",91,9,12,61,0,0
"2026-10-01T17:41:13Z","2026_04_LAC_SEA","2026-10-04T20:25:00Z",72,7,5,0,0,0
"2026-10-01T17:41:13Z","2026_04_DEN_SF","2026-10-04T20:25:00Z",88,5,9,0,0,0
"2026-10-01T17:41:13Z","2026_04_DET_CAR","2026-10-05T00:20:00Z",63,3,10,62,0.03,0.028
"2026-10-01T19:17:11Z","2026_04_PIT_CLE","2026-10-02T00:15:00Z",77,10,22,7,0,0
"2026-10-01T19:17:11Z","2026_04_IND_WAS","2026-10-04T13:30:00Z",66,6,14,0,0,0
"2026-10-01T19:17:11Z","2026_04_TEN_BAL","2026-10-04T17:00:00Z",62,7,14,55,0.02,0.008
"2026-10-01T19:17:11Z","2026_04_NE_BUF","2026-10-04T17:00:00Z",69,7,11,4,0,0
"2026-10-01T19:17:11Z","2026_04_NYJ_CHI","2026-10-04T17:00:00Z",71,5,7,0,0,0
"2026-10-01T19:17:11Z","2026_04_JAX_CIN","2026-10-04T17:00:00Z",72,4,5,2,0,0
"2026-10-01T19:17:11Z","2026_04_DAL_HOU","2026-10-04T17:00:00Z",80,9,12,55,0,0
"2026-10-01T19:17:11Z","2026_04_ARI_NYG","2026-10-04T17:00:00Z",66,8,12,39,0,0
"2026-10-01T19:17:11Z","2026_04_LA_PHI","2026-10-04T17:00:00Z",64,6,14,48,0.03,0.028
"2026-10-01T19:17:11Z","2026_04_GB_TB","2026-10-04T17:00:00Z",91,9,12,61,0,0
"2026-10-01T19:17:11Z","2026_04_LAC_SEA","2026-10-04T20:25:00Z",72,7,6,0,0,0
"2026-10-01T19:17:11Z","2026_04_DEN_SF","2026-10-04T20:25:00Z",88,5,6,0,0,0
"2026-10-01T19:17:11Z","2026_04_DET_CAR","2026-10-05T00:20:00Z",63,3,5,62,0.03,0.028
"2026-10-01T23:15:21Z","2026_04_PIT_CLE","2026-10-02T00:15:00Z",78,11,20,6,0,0
"2026-10-01T23:15:21Z","2026_04_IND_WAS","2026-10-04T13:30:00Z",64,5,11,0,0,0
"2026-10-01T23:15:21Z","2026_04_TEN_BAL","2026-10-04T17:00:00Z",62,7,14,56,0.02,0.008
"2026-10-01T23:15:21Z","2026_04_NE_BUF","2026-10-04T17:00:00Z",69,7,11,2,0,0
"2026-10-01T23:15:21Z","2026_04_NYJ_CHI","2026-10-04T17:00:00Z",71,5,7,0,0,0
"2026-10-01T23:15:21Z","2026_04_JAX_CIN","2026-10-04T17:00:00Z",72,4,5,1,0,0
"2026-10-01T23:15:21Z","2026_04_DAL_HOU","2026-10-04T17:00:00Z",80,9,12,54,0,0
"2026-10-01T23:15:21Z","2026_04_ARI_NYG","2026-10-04T17:00:00Z",66,8,12,33,0,0
"2026-10-01T23:15:21Z","2026_04_LA_PHI","2026-10-04T17:00:00Z",64,6,14,45,0.03,0.028
"2026-10-01T23:15:21Z","2026_04_GB_TB","2026-10-04T17:00:00Z",91,9,12,59,0,0
"2026-10-01T23:15:21Z","2026_04_LAC_SEA","2026-10-04T20:25:00Z",72,7,6,0,0,0
"2026-10-01T23:15:21Z","2026_04_DEN_SF","2026-10-04T20:25:00Z",88,5,6,0,0,0
"2026-10-01T23:15:21Z","2026_04_DET_CAR","2026-10-05T00:20:00Z",63,3,5,67,0.03,0.028
"2026-10-02T01:46:18Z","2026_04_IND_WAS","2026-10-04T13:30:00Z",64,5,11,0,0,0
"2026-10-02T01:46:18Z","2026_04_TEN_BAL","2026-10-04T17:00:00Z",63,4,8,56,0.04,0.028
"2026-10-02T01:46:18Z","2026_04_NE_BUF","2026-10-04T17:00:00Z",68,7,12,2,0,0
"2026-10-02T01:46:18Z","2026_04_NYJ_CHI","2026-10-04T17:00:00Z",71,6,8,0,0,0
"2026-10-02T01:46:18Z","2026_04_JAX_CIN","2026-10-04T17:00:00Z",74,4,5,1,0,0
"2026-10-02T01:46:18Z","2026_04_DAL_HOU","2026-10-04T17:00:00Z",77,9,18,54,0.12,0.043
"2026-10-02T01:46:18Z","2026_04_ARI_NYG","2026-10-04T17:00:00Z",68,10,13,33,0,0
"2026-10-02T01:46:18Z","2026_04_LA_PHI","2026-10-04T17:00:00Z",64,8,14,45,0,0
"2026-10-02T01:46:18Z","2026_04_GB_TB","2026-10-04T17:00:00Z",89,9,13,59,0,0
"2026-10-02T01:46:18Z","2026_04_LAC_SEA","2026-10-04T20:25:00Z",72,6,5,0,0,0
"2026-10-02T01:46:18Z","2026_04_DEN_SF","2026-10-04T20:25:00Z",91,7,10,0,0,0
"2026-10-02T01:46:18Z","2026_04_DET_CAR","2026-10-05T00:20:00Z",63,3,7,67,0.02,0.016
"2026-10-02T16:25:06Z","2026_04_IND_WAS","2026-10-04T13:30:00Z",66,5,14,0,0,0
"2026-10-02T16:25:06Z","2026_04_TEN_BAL","2026-10-04T17:00:00Z",61,5,15,67,0.22,0.102
"2026-10-02T16:25:06Z","2026_04_NE_BUF","2026-10-04T17:00:00Z",67,9,15,1,0,0
"2026-10-02T16:25:06Z","2026_04_NYJ_CHI","2026-10-04T17:00:00Z",71,7,8,0,0,0
"2026-10-02T16:25:06Z","2026_04_JAX_CIN","2026-10-04T17:00:00Z",74,3,5,1,0,0
"2026-10-02T16:25:06Z","2026_04_DAL_HOU","2026-10-04T17:00:00Z",81,10,15,51,0,0
"2026-10-02T16:25:06Z","2026_04_ARI_NYG","2026-10-04T17:00:00Z",68,11,16,42,0,0
"2026-10-02T16:25:06Z","2026_04_LA_PHI","2026-10-04T17:00:00Z",62,8,22,60,0.09,0.039
"2026-10-02T16:25:06Z","2026_04_GB_TB","2026-10-04T17:00:00Z",91,10,13,51,0,0
"2026-10-02T16:25:06Z","2026_04_LAC_SEA","2026-10-04T20:25:00Z",73,5,4,0,0,0
"2026-10-02T16:25:06Z","2026_04_DEN_SF","2026-10-04T20:25:00Z",88,6,9,0,0,0
"2026-10-02T16:25:06Z","2026_04_DET_CAR","2026-10-05T00:20:00Z",64,3,4,81,0.34,0.134
"2026-10-02T18:57:15Z","2026_04_IND_WAS","2026-10-04T13:30:00Z",69,6,14,0,0,0
"2026-10-02T18:57:15Z","2026_04_TEN_BAL","2026-10-04T17:00:00Z",64,6,17,67,0.09,0.039
"2026-10-02T18:57:15Z","2026_04_NE_BUF","2026-10-04T17:00:00Z",63,8,17,1,0,0
"2026-10-02T18:57:15Z","2026_04_NYJ_CHI","2026-10-04T17:00:00Z",71,8,10,0,0,0
"2026-10-02T18:57:15Z","2026_04_JAX_CIN","2026-10-04T17:00:00Z",74,4,5,1,0,0
"2026-10-02T18:57:15Z","2026_04_DAL_HOU","2026-10-04T17:00:00Z",82,9,12,51,0,0
"2026-10-02T18:57:15Z","2026_04_ARI_NYG","2026-10-04T17:00:00Z",64,11,17,42,0.01,0.004
"2026-10-02T18:57:15Z","2026_04_LA_PHI","2026-10-04T17:00:00Z",62,10,25,60,0.06,0.039
"2026-10-02T18:57:15Z","2026_04_GB_TB","2026-10-04T17:00:00Z",92,10,12,51,0,0
"2026-10-02T18:57:15Z","2026_04_LAC_SEA","2026-10-04T20:25:00Z",73,6,4,0,0,0
"2026-10-02T18:57:15Z","2026_04_DEN_SF","2026-10-04T20:25:00Z",92,7,10,0,0,0
"2026-10-02T18:57:15Z","2026_04_DET_CAR","2026-10-05T00:20:00Z",65,1,2,81,0.38,0.154
"2026-10-03T00:00:50Z","2026_04_IND_WAS","2026-10-04T13:30:00Z",69,6,14,0,0,0
"2026-10-03T00:00:50Z","2026_04_TEN_BAL","2026-10-04T17:00:00Z",64,5,17,72,0.03,0.012
"2026-10-03T00:00:50Z","2026_04_NE_BUF","2026-10-04T17:00:00Z",66,6,16,4,0,0
"2026-10-03T00:00:50Z","2026_04_NYJ_CHI","2026-10-04T17:00:00Z",70,8,12,0,0,0
"2026-10-03T00:00:50Z","2026_04_JAX_CIN","2026-10-04T17:00:00Z",74,4,5,0,0,0
"2026-10-03T00:00:50Z","2026_04_DAL_HOU","2026-10-04T17:00:00Z",80,12,17,38,0,0
"2026-10-03T00:00:50Z","2026_04_ARI_NYG","2026-10-04T17:00:00Z",63,9,17,57,0.04,0.024
"2026-10-03T00:00:50Z","2026_04_LA_PHI","2026-10-04T17:00:00Z",62,8,24,71,0.13,0.071
"2026-10-03T00:00:50Z","2026_04_GB_TB","2026-10-04T17:00:00Z",90,8,11,42,0,0
"2026-10-03T00:00:50Z","2026_04_DEN_SF","2026-10-04T20:25:00Z",93,6,10,0,0,0
"2026-10-03T00:00:50Z","2026_04_DET_CAR","2026-10-05T00:20:00Z",64,2,2,84,0.37,0.11
"2026-10-03T00:02:29Z","2026_04_LAC_SEA","2026-10-04T20:25:00Z",73,6,4,0,0,0
"2026-10-03T00:50:28Z","2026_04_IND_WAS","2026-10-04T13:30:00Z",69,6,14,2,0,0
"2026-10-03T00:50:28Z","2026_04_TEN_BAL","2026-10-04T17:00:00Z",64,5,14,72,0.03,0.012
"2026-10-03T00:50:28Z","2026_04_NE_BUF","2026-10-04T17:00:00Z",66,6,12,4,0,0
"2026-10-03T00:50:28Z","2026_04_NYJ_CHI","2026-10-04T17:00:00Z",70,8,12,0,0,0
"2026-10-03T00:50:28Z","2026_04_JAX_CIN","2026-10-04T17:00:00Z",74,4,5,0,0,0
"2026-10-03T00:50:28Z","2026_04_DAL_HOU","2026-10-04T17:00:00Z",80,12,19,38,0,0
"2026-10-03T00:50:28Z","2026_04_ARI_NYG","2026-10-04T17:00:00Z",63,9,17,57,0.04,0.024
"2026-10-03T00:50:28Z","2026_04_LA_PHI","2026-10-04T17:00:00Z",62,8,24,71,0.13,0.071
"2026-10-03T00:50:28Z","2026_04_GB_TB","2026-10-04T17:00:00Z",90,8,11,42,0,0
"2026-10-03T00:50:28Z","2026_04_LAC_SEA","2026-10-04T20:25:00Z",73,6,4,0,0,0
"2026-10-03T00:50:28Z","2026_04_DEN_SF","2026-10-04T20:25:00Z",93,6,8,0,0,0
"2026-10-03T00:50:28Z","2026_04_DET_CAR","2026-10-05T00:20:00Z",64,2,7,84,0.37,0.11
"2026-10-03T17:44:30Z","2026_04_IND_WAS","2026-10-04T13:30:00Z",71,7,15,0,0,0
"2026-10-03T17:44:30Z","2026_04_TEN_BAL","2026-10-04T17:00:00Z",63,7,14,13,0,0
"2026-10-03T17:44:30Z","2026_04_NE_BUF","2026-10-04T17:00:00Z",67,12,21,7,0,0
"2026-10-03T17:44:30Z","2026_04_NYJ_CHI","2026-10-04T17:00:00Z",66,8,15,0,0,0
"2026-10-03T17:44:30Z","2026_04_JAX_CIN","2026-10-04T17:00:00Z",74,5,8,0,0,0
"2026-10-03T17:44:30Z","2026_04_DAL_HOU","2026-10-04T17:00:00Z",78,8,20,32,0,0
"2026-10-03T17:44:30Z","2026_04_ARI_NYG","2026-10-04T17:00:00Z",59,8,18,31,0.02,0.016
"2026-10-03T17:44:30Z","2026_04_LA_PHI","2026-10-04T17:00:00Z",60,8,18,30,0.02,0.016
"2026-10-03T17:44:30Z","2026_04_GB_TB","2026-10-04T17:00:00Z",87,5,8,13,0,0
"2026-10-03T17:44:30Z","2026_04_LAC_SEA","2026-10-04T20:25:00Z",70,5,9,0,0,0
"2026-10-03T17:44:30Z","2026_04_DEN_SF","2026-10-04T20:25:00Z",86,8,18,2,0,0
"2026-10-03T17:44:30Z","2026_04_DET_CAR","2026-10-05T00:20:00Z",68,3,8,27,0,0
"2026-10-03T20:55:54Z","2026_04_IND_WAS","2026-10-04T13:30:00Z",70,7,15,0,0,0
"2026-10-03T20:55:54Z","2026_04_TEN_BAL","2026-10-04T17:00:00Z",63,5,11,10,0.09,0.043
"2026-10-03T20:55:54Z","2026_04_NE_BUF","2026-10-04T17:00:00Z",69,14,22,7,0,0
"2026-10-03T20:55:54Z","2026_04_NYJ_CHI","2026-10-04T17:00:00Z",67,10,17,0,0,0
"2026-10-03T20:55:54Z","2026_04_JAX_CIN","2026-10-04T17:00:00Z",75,6,8,0,0,0
"2026-10-03T20:55:54Z","2026_04_DAL_HOU","2026-10-04T17:00:00Z",80,12,21,33,0,0
"2026-10-03T20:55:54Z","2026_04_ARI_NYG","2026-10-04T17:00:00Z",65,8,12,31,0,0
"2026-10-03T20:55:54Z","2026_04_LA_PHI","2026-10-04T17:00:00Z",63,7,19,29,0,0
"2026-10-03T20:55:54Z","2026_04_GB_TB","2026-10-04T17:00:00Z",86,4,9,14,0,0
"2026-10-03T20:55:54Z","2026_04_LAC_SEA","2026-10-04T20:25:00Z",69,4,7,0,0,0
"2026-10-03T20:55:54Z","2026_04_DEN_SF","2026-10-04T20:25:00Z",86,7,14,2,0,0
"2026-10-03T20:55:54Z","2026_04_DET_CAR","2026-10-05T00:20:00Z",65,3,6,25,0,0
"2026-10-04T00:15:51Z","2026_04_IND_WAS","2026-10-04T13:30:00Z",70,6,14,0,0,0
"2026-10-04T00:15:51Z","2026_04_TEN_BAL","2026-10-04T17:00:00Z",63,5,11,35,0.06,0.043
"2026-10-04T00:15:51Z","2026_04_NE_BUF","2026-10-04T17:00:00Z",69,14,22,2,0,0
"2026-10-04T00:15:51Z","2026_04_NYJ_CHI","2026-10-04T17:00:00Z",67,10,17,0,0,0
"2026-10-04T00:15:51Z","2026_04_JAX_CIN","2026-10-04T17:00:00Z",75,6,8,0,0,0
"2026-10-04T00:15:51Z","2026_04_DAL_HOU","2026-10-04T17:00:00Z",80,12,21,33,0,0
"2026-10-04T00:15:51Z","2026_04_ARI_NYG","2026-10-04T17:00:00Z",65,8,12,44,0.02,0.016
"2026-10-04T00:15:51Z","2026_04_LA_PHI","2026-10-04T17:00:00Z",63,7,19,38,0.06,0.055
"2026-10-04T00:15:51Z","2026_04_GB_TB","2026-10-04T17:00:00Z",86,4,9,15,0,0
"2026-10-04T00:15:51Z","2026_04_LAC_SEA","2026-10-04T20:25:00Z",69,4,7,0,0,0
"2026-10-04T00:15:51Z","2026_04_DEN_SF","2026-10-04T20:25:00Z",86,7,14,2,0,0
"2026-10-04T00:15:51Z","2026_04_DET_CAR","2026-10-05T00:20:00Z",65,3,6,12,0,0
"2026-10-04T01:23:09Z","2026_04_IND_WAS","2026-10-04T13:30:00Z",70,6,14,0,0,0
"2026-10-04T01:23:09Z","2026_04_TEN_BAL","2026-10-04T17:00:00Z",62,6,12,35,0.09,0.043
"2026-10-04T01:23:09Z","2026_04_NE_BUF","2026-10-04T17:00:00Z",69,12,22,2,0,0
"2026-10-04T01:23:09Z","2026_04_NYJ_CHI","2026-10-04T17:00:00Z",67,10,17,0,0,0
"2026-10-04T01:23:09Z","2026_04_JAX_CIN","2026-10-04T17:00:00Z",75,6,9,0,0,0
"2026-10-04T01:23:09Z","2026_04_DAL_HOU","2026-10-04T17:00:00Z",79,11,21,33,0,0
"2026-10-04T01:23:09Z","2026_04_ARI_NYG","2026-10-04T17:00:00Z",65,8,16,44,0,0
"2026-10-04T01:23:09Z","2026_04_LA_PHI","2026-10-04T17:00:00Z",62,6,17,38,0.4,0.398
"2026-10-04T01:23:09Z","2026_04_GB_TB","2026-10-04T17:00:00Z",86,5,11,15,0,0
"2026-10-04T01:23:09Z","2026_04_LAC_SEA","2026-10-04T20:25:00Z",69,4,7,0,0,0
"2026-10-04T01:23:09Z","2026_04_DEN_SF","2026-10-04T20:25:00Z",86,7,14,2,0,0
"2026-10-04T01:23:09Z","2026_04_DET_CAR","2026-10-05T00:20:00Z",65,3,6,12,0,0
"2026-10-04T02:54:45Z","2026_04_IND_WAS","2026-10-04T13:30:00Z",69,5,12,0,0,0
"2026-10-04T02:54:45Z","2026_04_TEN_BAL","2026-10-04T17:00:00Z",62,6,11,36,0,0
"2026-10-04T02:54:45Z","2026_04_NE_BUF","2026-10-04T17:00:00Z",68,13,23,2,0,0
"2026-10-04T02:54:45Z","2026_04_NYJ_CHI","2026-10-04T17:00:00Z",68,9,17,0,0,0
"2026-10-04T02:54:45Z","2026_04_JAX_CIN","2026-10-04T17:00:00Z",74,5,7,0,0,0
"2026-10-04T02:54:45Z","2026_04_DAL_HOU","2026-10-04T17:00:00Z",79,10,19,31,0.03,0.016
"2026-10-04T02:54:45Z","2026_04_ARI_NYG","2026-10-04T17:00:00Z",60,6,13,47,0,0
"2026-10-04T02:54:45Z","2026_04_LA_PHI","2026-10-04T17:00:00Z",60,7,17,48,0.02,0.016
"2026-10-04T02:54:45Z","2026_04_GB_TB","2026-10-04T17:00:00Z",88,5,10,14,0,0
"2026-10-04T02:54:45Z","2026_04_LAC_SEA","2026-10-04T20:25:00Z",69,5,8,0,0,0
"2026-10-04T02:54:45Z","2026_04_DEN_SF","2026-10-04T20:25:00Z",82,8,13,2,0,0
"2026-10-04T12:52:03Z","2026_04_IND_WAS","2026-10-04T13:30:00Z",68,6,14,0,0,0
"2026-10-04T12:52:03Z","2026_04_TEN_BAL","2026-10-04T17:00:00Z",62,6,14,26,0.02,0.016
"2026-10-04T12:52:03Z","2026_04_NE_BUF","2026-10-04T17:00:00Z",68,16,24,4,0,0
"2026-10-04T12:52:03Z","2026_04_NYJ_CHI","2026-10-04T17:00:00Z",67,7,16,0,0,0
"2026-10-04T12:52:03Z","2026_04_JAX_CIN","2026-10-04T17:00:00Z",74,3,6,0,0,0
"2026-10-04T12:52:03Z","2026_04_DAL_HOU","2026-10-04T17:00:00Z",80,11,21,21,0,0
"2026-10-04T12:52:03Z","2026_04_ARI_NYG","2026-10-04T17:00:00Z",60,6,15,33,0.03,0.016
"2026-10-04T12:52:03Z","2026_04_LA_PHI","2026-10-04T17:00:00Z",60,8,18,38,0.1,0.043
"2026-10-04T12:52:03Z","2026_04_GB_TB","2026-10-04T17:00:00Z",89,4,9,7,0,0
"2026-10-04T12:52:03Z","2026_04_LAC_SEA","2026-10-04T20:25:00Z",66,4,6,0,0,0
"2026-10-04T12:52:03Z","2026_04_DEN_SF","2026-10-04T20:25:00Z",87,6,11,1,0,0
"2026-10-04T12:52:03Z","2026_04_DET_CAR","2026-10-05T00:20:00Z",66,3,4,6,0,0
"2026-10-04T16:02:42Z","2026_04_TEN_BAL","2026-10-04T17:00:00Z",64,6,15,32,0,0
"2026-10-04T16:02:42Z","2026_04_NE_BUF","2026-10-04T17:00:00Z",68,13,22,7,0,0
"2026-10-04T16:02:42Z","2026_04_NYJ_CHI","2026-10-04T17:00:00Z",68,7,15,0,0,0
"2026-10-04T16:02:42Z","2026_04_JAX_CIN","2026-10-04T17:00:00Z",75,3,5,0,0,0
"2026-10-04T16:02:42Z","2026_04_DAL_HOU","2026-10-04T17:00:00Z",80,12,18,23,0,0
"2026-10-04T16:02:42Z","2026_04_ARI_NYG","2026-10-04T17:00:00Z",63,5,10,35,0,0
"2026-10-04T16:02:42Z","2026_04_LA_PHI","2026-10-04T17:00:00Z",63,6,16,44,0.03,0.028
"2026-10-04T16:02:42Z","2026_04_GB_TB","2026-10-04T17:00:00Z",89,5,10,13,0,0
"2026-10-04T16:02:42Z","2026_04_LAC_SEA","2026-10-04T20:25:00Z",63,4,4,0,0,0
"2026-10-04T16:02:42Z","2026_04_DEN_SF","2026-10-04T20:25:00Z",85,6,11,1,0,0
"2026-10-04T16:02:42Z","2026_04_DET_CAR","2026-10-05T00:20:00Z",64,3,4,4,0,0
"2026-10-04T16:36:02Z","2026_04_TEN_BAL","2026-10-04T17:00:00Z",64,6,15,32,0,0
"2026-10-04T16:36:02Z","2026_04_NE_BUF","2026-10-04T17:00:00Z",68,13,22,7,0,0
"2026-10-04T16:36:02Z","2026_04_NYJ_CHI","2026-10-04T17:00:00Z",68,7,15,0,0,0
"2026-10-04T16:36:02Z","2026_04_JAX_CIN","2026-10-04T17:00:00Z",75,3,5,0,0,0
"2026-10-04T16:36:02Z","2026_04_DAL_HOU","2026-10-04T17:00:00Z",80,12,18,23,0,0
"2026-10-04T16:36:02Z","2026_04_ARI_NYG","2026-10-04T17:00:00Z",63,5,10,35,0,0
"2026-10-04T16:36:02Z","2026_04_LA_PHI","2026-10-04T17:00:00Z",63,6,16,44,0.03,0.028
"2026-10-04T16:36:02Z","2026_04_GB_TB","2026-10-04T17:00:00Z",89,5,10,13,0,0
"2026-10-04T16:36:02Z","2026_04_LAC_SEA","2026-10-04T20:25:00Z",63,4,4,0,0,0
"2026-10-04T16:36:02Z","2026_04_DEN_SF","2026-10-04T20:25:00Z",85,6,11,1,0,0
"2026-10-04T16:36:02Z","2026_04_DET_CAR","2026-10-05T00:20:00Z",64,3,4,4,0,0
"2026-10-04T18:48:26Z","2026_04_LAC_SEA","2026-10-04T20:25:00Z",62,4,4,0,0,0
"2026-10-04T18:48:26Z","2026_04_DEN_SF","2026-10-04T20:25:00Z",84,7,12,1,0,0
"2026-10-04T18:48:26Z","2026_04_DET_CAR","2026-10-05T00:20:00Z",65,2,3,5,0,0
"2026-10-04T19:46:26Z","2026_04_LAC_SEA","2026-10-04T20:25:00Z",62,4,4,0,0,0
"2026-10-04T19:46:26Z","2026_04_DEN_SF","2026-10-04T20:25:00Z",84,7,12,1,0,0
"2026-10-04T19:46:26Z","2026_04_DET_CAR","2026-10-05T00:20:00Z",65,2,3,5,0,0
"2026-10-04T22:16:32Z","2026_04_DET_CAR","2026-10-05T00:20:00Z",64,2,4,5,0,0
"2026-10-06T18:15:31Z","2026_05_TB_DAL","2026-10-09T00:15:00Z",85,4,6,0,0,0
"2026-10-06T18:15:31Z","2026_05_PHI_JAX","2026-10-11T13:30:00Z",79,8,23,41,0.09,0.024
"2026-10-06T18:15:31Z","2026_05_CIN_MIA","2026-10-11T17:00:00Z",89,13,15,20,0.01,0.004
"2026-10-06T18:15:31Z","2026_05_LV_NE","2026-10-11T17:00:00Z",74,13,24,3,0,0
"2026-10-06T18:15:31Z","2026_05_CLE_NYJ","2026-10-11T17:00:00Z",73,9,15,15,0,0
"2026-10-06T18:15:31Z","2026_05_IND_PIT","2026-10-11T17:00:00Z",68,4,12,43,0,0
"2026-10-06T18:15:31Z","2026_05_HOU_TEN","2026-10-11T17:00:00Z",67,5,28,52,0.03,0.008
"2026-10-06T18:15:31Z","2026_05_NYG_WAS","2026-10-11T17:00:00Z",71,8,17,50,0,0
"2026-10-06T18:15:31Z","2026_05_DET_ARI","2026-10-11T20:25:00Z",87,16,21,44,0.11,0.047
"2026-10-06T18:15:31Z","2026_05_CHI_GB","2026-10-11T17:00:00Z",82,16,25,6,0,0
"2026-10-06T18:15:31Z","2026_05_SF_SEA","2026-10-11T20:25:00Z",58,9,8,1,0,0
"2026-10-06T19:18:15Z","2026_05_TB_DAL","2026-10-09T00:15:00Z",85,4,7,0,0,0
"2026-10-06T19:18:15Z","2026_05_PHI_JAX","2026-10-11T13:30:00Z",79,8,25,41,0.09,0.024
"2026-10-06T19:18:15Z","2026_05_CIN_MIA","2026-10-11T17:00:00Z",89,13,15,20,0.01,0.004
"2026-10-06T19:18:15Z","2026_05_LV_NE","2026-10-11T17:00:00Z",74,13,23,3,0,0
"2026-10-06T19:18:15Z","2026_05_CLE_NYJ","2026-10-11T17:00:00Z",73,9,14,15,0,0
"2026-10-06T19:18:15Z","2026_05_IND_PIT","2026-10-11T17:00:00Z",68,4,10,43,0,0
"2026-10-06T19:18:15Z","2026_05_HOU_TEN","2026-10-11T17:00:00Z",67,5,22,52,0.03,0.008
"2026-10-06T19:18:15Z","2026_05_NYG_WAS","2026-10-11T17:00:00Z",71,8,17,50,0,0
"2026-10-06T19:18:15Z","2026_05_DET_ARI","2026-10-11T20:25:00Z",87,16,26,44,0.11,0.047
"2026-10-06T19:18:15Z","2026_05_CHI_GB","2026-10-11T17:00:00Z",82,16,26,6,0,0
"2026-10-06T19:18:15Z","2026_05_SF_SEA","2026-10-11T20:25:00Z",58,9,11,1,0,0
"2026-10-07T16:48:09Z","2026_05_TB_DAL","2026-10-09T00:15:00Z",81,4,6,0,0,0
"2026-10-07T16:48:09Z","2026_05_PHI_JAX","2026-10-11T13:30:00Z",83,7,14,32,0,0
"2026-10-07T16:48:09Z","2026_05_CHI_GB","2026-10-11T17:00:00Z",74,16,21,3,0,0
"2026-10-07T16:48:09Z","2026_05_CIN_MIA","2026-10-11T17:00:00Z",91,11,10,10,0,0
"2026-10-07T16:48:09Z","2026_05_LV_NE","2026-10-11T17:00:00Z",63,8,16,12,0.01,0.004
"2026-10-07T16:48:09Z","2026_05_CLE_NYJ","2026-10-11T17:00:00Z",60,8,21,47,0.48,0.142
"2026-10-07T16:48:09Z","2026_05_IND_PIT","2026-10-11T17:00:00Z",62,7,24,71,0.02,0.016
"2026-10-07T16:48:09Z","2026_05_HOU_TEN","2026-10-11T17:00:00Z",69,10,20,50,0,0
"2026-10-07T16:48:09Z","2026_05_NYG_WAS","2026-10-11T17:00:00Z",64,6,24,76,0.24,0.114
"2026-10-07T16:48:09Z","2026_05_DET_ARI","2026-10-11T20:25:00Z",83,17,32,52,0.12,0.118
"2026-10-07T16:48:09Z","2026_05_SF_SEA","2026-10-11T20:25:00Z",58,8,8,0,0,0
"2026-10-07T19:23:31Z","2026_05_TB_DAL","2026-10-09T00:15:00Z",81,4,6,0,0,0
"2026-10-07T19:23:31Z","2026_05_PHI_JAX","2026-10-11T13:30:00Z",82,7,15,32,0,0
"2026-10-07T19:23:31Z","2026_05_CHI_GB","2026-10-11T17:00:00Z",76,15,21,3,0,0
"2026-10-07T19:23:31Z","2026_05_CIN_MIA","2026-10-11T17:00:00Z",91,12,10,10,0,0
"2026-10-07T19:23:31Z","2026_05_LV_NE","2026-10-11T17:00:00Z",61,7,20,12,0.03,0.016
"2026-10-07T19:23:31Z","2026_05_CLE_NYJ","2026-10-11T17:00:00Z",60,7,22,47,0.37,0.165
"2026-10-07T19:23:31Z","2026_05_IND_PIT","2026-10-11T17:00:00Z",64,6,20,71,0.05,0.012
"2026-10-07T19:23:31Z","2026_05_HOU_TEN","2026-10-11T17:00:00Z",65,7,20,50,0,0
"2026-10-07T19:23:31Z","2026_05_NYG_WAS","2026-10-11T17:00:00Z",64,10,28,76,0.21,0.075
"2026-10-07T19:23:31Z","2026_05_DET_ARI","2026-10-11T20:25:00Z",82,19,29,52,0.1,0.043
"2026-10-07T19:23:31Z","2026_05_SF_SEA","2026-10-11T20:25:00Z",59,7,7,0,0,0
"2026-10-07T23:58:52Z","2026_05_TB_DAL","2026-10-09T00:15:00Z",81,4,6,0,0,0
"2026-10-07T23:58:52Z","2026_05_PHI_JAX","2026-10-11T13:30:00Z",82,9,15,27,0,0.004
"2026-10-07T23:58:52Z","2026_05_CHI_GB","2026-10-11T17:00:00Z",78,13,21,1,0,0
"2026-10-07T23:58:52Z","2026_05_CIN_MIA","2026-10-11T17:00:00Z",91,12,10,9,0,0
"2026-10-07T23:58:52Z","2026_05_LV_NE","2026-10-11T17:00:00Z",68,10,20,24,0,0
"2026-10-07T23:58:52Z","2026_05_CLE_NYJ","2026-10-11T17:00:00Z",63,5,22,52,0.1,0.039
"2026-10-07T23:58:52Z","2026_05_IND_PIT","2026-10-11T17:00:00Z",60,7,20,76,0.15,0.075
"2026-10-07T23:58:52Z","2026_05_HOU_TEN","2026-10-11T17:00:00Z",63,7,20,45,0.01,0.004
"2026-10-07T23:58:52Z","2026_05_NYG_WAS","2026-10-11T17:00:00Z",63,11,28,78,0.38,0.118
"2026-10-07T23:58:52Z","2026_05_DET_ARI","2026-10-11T20:25:00Z",80,15,29,58,0.09,0.047
"2026-10-07T23:58:52Z","2026_05_SF_SEA","2026-10-11T20:25:00Z",59,7,7,0,0,0
"2026-10-08T01:21:08Z","2026_05_TB_DAL","2026-10-09T00:15:00Z",81,4,6,0,0,0
"2026-10-08T01:21:08Z","2026_05_PHI_JAX","2026-10-11T13:30:00Z",82,9,20,27,0,0.004
"2026-10-08T01:21:08Z","2026_05_CHI_GB","2026-10-11T17:00:00Z",78,13,17,1,0,0
"2026-10-08T01:21:08Z","2026_05_CIN_MIA","2026-10-11T17:00:00Z",91,12,11,9,0,0
"2026-10-08T01:21:08Z","2026_05_LV_NE","2026-10-11T17:00:00Z",68,10,19,24,0,0
"2026-10-08T01:21:08Z","2026_05_CLE_NYJ","2026-10-11T17:00:00Z",63,5,18,52,0.1,0.039
"2026-10-08T01:21:08Z","2026_05_IND_PIT","2026-10-11T17:00:00Z",60,7,26,76,0.15,0.075
"2026-10-08T01:21:08Z","2026_05_HOU_TEN","2026-10-11T17:00:00Z",63,7,18,45,0.01,0.004
"2026-10-08T01:21:08Z","2026_05_NYG_WAS","2026-10-11T17:00:00Z",63,11,30,78,0.38,0.118
"2026-10-08T01:21:08Z","2026_05_DET_ARI","2026-10-11T20:25:00Z",80,15,24,58,0.09,0.047
"2026-10-08T01:21:08Z","2026_05_SF_SEA","2026-10-11T20:25:00Z",59,7,7,0,0,0
"2026-10-08T02:07:46Z","2026_05_TB_DAL","2026-10-09T00:15:00Z",82,3,5,0,0,0
"2026-10-08T02:07:46Z","2026_05_PHI_JAX","2026-10-11T13:30:00Z",82,9,20,27,0,0.004
"2026-10-08T02:07:46Z","2026_05_CHI_GB","2026-10-11T17:00:00Z",78,13,17,1,0,0
"2026-10-08T02:07:46Z","2026_05_CIN_MIA","2026-10-11T17:00:00Z",91,12,11,9,0,0
"2026-10-08T02:07:46Z","2026_05_LV_NE","2026-10-11T17:00:00Z",68,10,19,24,0,0
"2026-10-08T02:07:46Z","2026_05_CLE_NYJ","2026-10-11T17:00:00Z",63,5,18,52,0.1,0.039
"2026-10-08T02:07:46Z","2026_05_IND_PIT","2026-10-11T17:00:00Z",60,7,26,76,0.15,0.075
"2026-10-08T02:07:46Z","2026_05_HOU_TEN","2026-10-11T17:00:00Z",63,7,18,45,0.01,0.004
"2026-10-08T02:07:46Z","2026_05_NYG_WAS","2026-10-11T17:00:00Z",63,11,30,78,0.38,0.118
"2026-10-08T02:07:46Z","2026_05_DET_ARI","2026-10-11T20:25:00Z",80,15,24,58,0.09,0.047
"2026-10-08T02:07:46Z","2026_05_SF_SEA","2026-10-11T20:25:00Z",59,7,7,0,0,0
"2026-10-08T17:04:00Z","2026_05_TB_DAL","2026-10-09T00:15:00Z",80,4,10,0,0,0
"2026-10-08T17:04:00Z","2026_05_PHI_JAX","2026-10-11T13:30:00Z",83,9,19,22,0,0
"2026-10-08T17:04:00Z","2026_05_CHI_GB","2026-10-11T17:00:00Z",76,12,16,0,0,0
"2026-10-08T17:04:00Z","2026_05_CIN_MIA","2026-10-11T17:00:00Z",91,12,12,16,0,0
"2026-10-08T17:04:00Z","2026_05_LV_NE","2026-10-11T17:00:00Z",65,8,15,7,0,0
"2026-10-08T17:04:00Z","2026_05_CLE_NYJ","2026-10-11T17:00:00Z",64,10,19,57,0.07,0.039
"2026-10-08T17:04:00Z","2026_05_IND_PIT","2026-10-11T17:00:00Z",60,10,33,82,0.24,0.118
"2026-10-08T17:04:00Z","2026_05_HOU_TEN","2026-10-11T17:00:00Z",64,8,19,39,0.01,0.008
"2026-10-08T17:04:00Z","2026_05_NYG_WAS","2026-10-11T17:00:00Z",63,14,34,80,0.89,0.398
"2026-10-08T17:04:00Z","2026_05_DET_ARI","2026-10-11T20:25:00Z",80,20,30,61,0.01,0.008
"2026-10-08T17:04:00Z","2026_05_SF_SEA","2026-10-11T20:25:00Z",58,8,9,0,0,0
"2026-10-08T19:37:58Z","2026_05_TB_DAL","2026-10-09T00:15:00Z",81,4,10,0,0,0
"2026-10-08T19:37:58Z","2026_05_PHI_JAX","2026-10-11T13:30:00Z",81,9,21,22,0,0
"2026-10-08T19:37:58Z","2026_05_CHI_GB","2026-10-11T17:00:00Z",76,13,18,0,0,0
"2026-10-08T19:37:58Z","2026_05_CIN_MIA","2026-10-11T17:00:00Z",91,12,11,16,0,0.004
"2026-10-08T19:37:58Z","2026_05_LV_NE","2026-10-11T17:00:00Z",63,8,13,7,0,0
"2026-10-08T19:37:58Z","2026_05_CLE_NYJ","2026-10-11T17:00:00Z",62,8,18,57,0.21,0.114
"2026-10-08T19:37:58Z","2026_05_IND_PIT","2026-10-11T17:00:00Z",58,9,29,82,0.41,0.177
"2026-10-08T19:37:58Z","2026_05_HOU_TEN","2026-10-11T17:00:00Z",64,7,17,39,0.04,0.016
"2026-10-08T19:37:58Z","2026_05_NYG_WAS","2026-10-11T17:00:00Z",63,13,37,80,0.57,0.24
"2026-10-08T19:37:58Z","2026_05_DET_ARI","2026-10-11T20:25:00Z",85,24,34,61,0,0.004
"2026-10-08T19:37:58Z","2026_05_SF_SEA","2026-10-11T20:25:00Z",58,8,9,0,0,0
"2026-10-08T23:23:35Z","2026_05_TB_DAL","2026-10-09T00:15:00Z",82,5,11,0,0,0
"2026-10-08T23:23:35Z","2026_05_PHI_JAX","2026-10-11T13:30:00Z",81,9,21,26,0,0
"2026-10-08T23:23:35Z","2026_05_CHI_GB","2026-10-11T17:00:00Z",76,13,18,0,0,0
"2026-10-08T23:23:35Z","2026_05_CIN_MIA","2026-10-11T17:00:00Z",91,12,11,14,0,0.004
"2026-10-08T23:23:35Z","2026_05_LV_NE","2026-10-11T17:00:00Z",63,8,13,19,0,0
"2026-10-08T23:23:35Z","2026_05_CLE_NYJ","2026-10-11T17:00:00Z",62,8,18,63,0.21,0.114
"2026-10-08T23:23:35Z","2026_05_IND_PIT","2026-10-11T17:00:00Z",58,9,29,78,0.41,0.177
"2026-10-08T23:23:35Z","2026_05_HOU_TEN","2026-10-11T17:00:00Z",64,7,17,32,0.04,0.016
"2026-10-08T23:23:35Z","2026_05_NYG_WAS","2026-10-11T17:00:00Z",63,13,37,85,0.57,0.24
"2026-10-08T23:23:35Z","2026_05_DET_ARI","2026-10-11T20:25:00Z",85,24,34,63,0,0.004
"2026-10-08T23:23:35Z","2026_05_SF_SEA","2026-10-11T20:25:00Z",58,8,9,0,0,0
"2026-10-09T00:16:34Z","2026_05_PHI_JAX","2026-10-11T13:30:00Z",82,10,21,26,0,0
"2026-10-09T00:16:34Z","2026_05_CHI_GB","2026-10-11T17:00:00Z",76,9,18,0,0,0
"2026-10-09T00:16:34Z","2026_05_CIN_MIA","2026-10-11T17:00:00Z",91,12,11,14,0,0
"2026-10-09T00:16:34Z","2026_05_LV_NE","2026-10-11T17:00:00Z",62,8,13,19,0,0
"2026-10-09T00:16:34Z","2026_05_CLE_NYJ","2026-10-11T17:00:00Z",61,8,18,63,0.35,0.11
"2026-10-09T00:16:34Z","2026_05_IND_PIT","2026-10-11T17:00:00Z",63,9,29,78,0.28,0.189
"2026-10-09T00:16:34Z","2026_05_HOU_TEN","2026-10-11T17:00:00Z",67,7,17,32,0.05,0.02
"2026-10-09T00:16:34Z","2026_05_NYG_WAS","2026-10-11T17:00:00Z",64,11,37,85,0.08,0.035
"2026-10-09T00:16:34Z","2026_05_DET_ARI","2026-10-11T20:25:00Z",85,23,34,63,0.01,0.008
"2026-10-09T00:16:34Z","2026_05_SF_SEA","2026-10-11T20:25:00Z",59,7,9,0,0,0
"2026-10-09T02:26:36Z","2026_05_PHI_JAX","2026-10-11T13:30:00Z",82,10,20,26,0,0
"2026-10-09T02:26:36Z","2026_05_CHI_GB","2026-10-11T17:00:00Z",76,9,12,0,0,0
"2026-10-09T02:26:36Z","2026_05_CIN_MIA","2026-10-11T17:00:00Z",91,12,10,14,0,0
"2026-10-09T02:26:36Z","2026_05_LV_NE","2026-10-11T17:00:00Z",62,8,15,19,0,0
"2026-10-09T02:26:36Z","2026_05_CLE_NYJ","2026-10-11T17:00:00Z",61,8,22,63,0.35,0.11
"2026-10-09T02:26:36Z","2026_05_IND_PIT","2026-10-11T17:00:00Z",63,9,27,78,0.28,0.189
"2026-10-09T02:26:36Z","2026_05_HOU_TEN","2026-10-11T17:00:00Z",67,7,13,32,0.05,0.02
"2026-10-09T02:26:36Z","2026_05_NYG_WAS","2026-10-11T17:00:00Z",64,11,30,85,0.08,0.035
"2026-10-09T02:26:36Z","2026_05_DET_ARI","2026-10-11T20:25:00Z",85,23,32,63,0.01,0.008
"2026-10-09T02:26:36Z","2026_05_SF_SEA","2026-10-11T20:25:00Z",59,7,8,0,0,0
"2026-10-09T16:22:11Z","2026_05_PHI_JAX","2026-10-11T13:30:00Z",81,10,22,29,0,0
"2026-10-09T16:22:11Z","2026_05_CHI_GB","2026-10-11T17:00:00Z",76,13,17,0,0,0
"2026-10-09T16:22:11Z","2026_05_CIN_MIA","2026-10-11T17:00:00Z",92,11,10,11,0,0
"2026-10-09T16:22:11Z","2026_05_LV_NE","2026-10-11T17:00:00Z",62,9,14,18,0,0
"2026-10-09T16:22:11Z","2026_05_CLE_NYJ","2026-10-11T17:00:00Z",61,9,22,95,0.24,0.114
"2026-10-09T16:22:11Z","2026_05_IND_PIT","2026-10-11T17:00:00Z",60,8,26,97,0.32,0.169
"2026-10-09T16:22:11Z","2026_05_HOU_TEN","2026-10-11T17:00:00Z",64,7,18,17,0.02,0.004
"2026-10-09T16:22:11Z","2026_05_NYG_WAS","2026-10-11T17:00:00Z",63,11,30,97,0.24,0.087
"2026-10-09T16:22:11Z","2026_05_DET_ARI","2026-10-11T20:25:00Z",84,23,34,51,0,0
"2026-10-09T16:22:11Z","2026_05_SF_SEA","2026-10-11T20:25:00Z",58,9,10,0,0,0
"2026-10-09T19:12:41Z","2026_05_PHI_JAX","2026-10-11T13:30:00Z",80,9,22,29,0,0
"2026-10-09T19:12:41Z","2026_05_CHI_GB","2026-10-11T17:00:00Z",76,14,17,0,0,0
"2026-10-09T19:12:41Z","2026_05_CIN_MIA","2026-10-11T17:00:00Z",92,12,10,11,0,0
"2026-10-09T19:12:41Z","2026_05_LV_NE","2026-10-11T17:00:00Z",61,9,14,18,0,0
"2026-10-09T19:12:41Z","2026_05_CLE_NYJ","2026-10-11T17:00:00Z",62,10,22,95,0.15,0.059
"2026-10-09T19:12:41Z","2026_05_IND_PIT","2026-10-11T17:00:00Z",61,8,26,97,0.04,0.028
"2026-10-09T19:12:41Z","2026_05_HOU_TEN","2026-10-11T17:00:00Z",65,8,18,17,0.01,0.008
"2026-10-09T19:12:41Z","2026_05_NYG_WAS","2026-10-11T17:00:00Z",64,8,30,97,0.87,0.323
"2026-10-09T19:12:41Z","2026_05_DET_ARI","2026-10-11T20:25:00Z",85,26,34,51,0,0
"2026-10-09T19:12:41Z","2026_05_SF_SEA","2026-10-11T20:25:00Z",59,9,10,0,0,0
"2026-10-09T21:37:29Z","2026_05_PHI_JAX","2026-10-11T13:30:00Z",76,9,21,35,0.11,0.114
"2026-10-09T21:37:29Z","2026_05_CHI_GB","2026-10-11T17:00:00Z",76,13,19,0,0,0
"2026-10-09T21:37:29Z","2026_05_CIN_MIA","2026-10-11T17:00:00Z",90,10,11,13,0,0
"2026-10-09T21:37:29Z","2026_05_LV_NE","2026-10-11T17:00:00Z",61,9,15,23,0,0
"2026-10-09T21:37:29Z","2026_05_CLE_NYJ","2026-10-11T17:00:00Z",64,11,24,96,0.13,0.059
"2026-10-09T21:37:29Z","2026_05_IND_PIT","2026-10-11T17:00:00Z",62,8,25,97,0.39,0.226
"2026-10-09T21:37:29Z","2026_05_HOU_TEN","2026-10-11T17:00:00Z",65,8,19,17,0,0.002
"2026-10-09T21:37:29Z","2026_05_NYG_WAS","2026-10-11T17:00:00Z",65,10,32,97,0.54,0.136
"2026-10-09T21:37:29Z","2026_05_DET_ARI","2026-10-11T20:25:00Z",85,26,36,45,0,0
"2026-10-09T21:37:29Z","2026_05_SF_SEA","2026-10-11T20:25:00Z",59,9,10,0,0,0
"2026-10-10T01:31:23Z","2026_05_PHI_JAX","2026-10-11T13:30:00Z",76,9,21,35,0.11,0.114
"2026-10-10T01:31:23Z","2026_05_CHI_GB","2026-10-11T17:00:00Z",76,13,19,0,0,0
"2026-10-10T01:31:23Z","2026_05_CIN_MIA","2026-10-11T17:00:00Z",91,10,11,13,0,0
"2026-10-10T01:31:23Z","2026_05_LV_NE","2026-10-11T17:00:00Z",61,8,14,23,0,0
"2026-10-10T01:31:23Z","2026_05_CLE_NYJ","2026-10-11T17:00:00Z",64,11,25,96,0.28,0.106
"2026-10-10T01:31:23Z","2026_05_IND_PIT","2026-10-11T17:00:00Z",61,9,26,97,0.41,0.232
"2026-10-10T01:31:23Z","2026_05_HOU_TEN","2026-10-11T17:00:00Z",66,9,18,17,0,0
"2026-10-10T01:31:23Z","2026_05_NYG_WAS","2026-10-11T17:00:00Z",65,11,30,97,0.18,0.063
"2026-10-10T01:31:23Z","2026_05_DET_ARI","2026-10-11T20:25:00Z",85,26,35,45,0.02,0.016
"2026-10-10T01:31:23Z","2026_05_SF_SEA","2026-10-11T20:25:00Z",58,8,9,0,0,0
