"season","week","refreshed","game_id","gsis_id","player_name","pos","team","opp","kickoff","locked","fallback","salary","dk_proj","dk_bonus","p_boom","p_4x","q90","ppk","value","form","last_pts","implied","own","lev","dk_status","inj_status"
2026,4,"2026-10-04T12:54:35Z","2026_04_ARI_NYG","00-0031503","Jameis Winston","QB","NYG","ARI","2026-10-04T17:00:00Z",FALSE,FALSE,4500,14.375,0.286,0.0676,0.306,24.76,3.195,0.352,5.26,6.12,21,0.023,0.283,"",NA
2026,4,"2026-10-04T12:54:35Z","2026_04_ARI_NYG","00-0033119","Jacoby Brissett","QB","ARI","NYG","2026-10-04T17:00:00Z",FALSE,FALSE,5000,16.633,0.5,0.1092,0.3125,27.08,3.327,1.283,19.13,25.6,23.5,0.0824,0.2301,"",NA
2026,4,"2026-10-04T12:54:35Z","2026_04_ARI_NYG","00-0033307","Kendrick Bourne","WR","ARI","NYG","2026-10-04T17:00:00Z",FALSE,FALSE,3500,5.503,0.028,0.0072,0.0757,12.67,1.572,0.128,5.5,4.2,23.5,0.0062,0.0694,"",NA
2026,4,"2026-10-04T12:54:35Z","2026_04_ARI_NYG","00-0036309","Darnell Mooney","WR","NYG","ARI","2026-10-04T17:00:00Z",FALSE,FALSE,3800,5.129,0.029,0.0061,0.0521,12.07,1.35,-1.166,5.41,4.9,21,0.0017,0.0504,"",NA
2026,4,"2026-10-04T12:54:35Z","2026_04_ARI_NYG","00-0036893","Najee Harris","RB","NYG","ARI","2026-10-04T17:00:00Z",FALSE,FALSE,4500,5.504,0.016,0.0073,0.0265,12.11,1.223,-0.955,3.67,5.2,21,0.0025,0.0241,"",NA
2026,4,"2026-10-04T12:54:35Z","2026_04_ARI_NYG","00-0037263","Tyler Allgeier","RB","ARI","NYG","2026-10-04T17:00:00Z",FALSE,FALSE,4800,5.743,0.006,0.0081,0.02,12.44,1.197,-1.991,5.2,4.9,23.5,0.0026,0.0174,"",NA
2026,4,"2026-10-04T12:54:35Z","2026_04_ARI_NYG","00-0037744","Trey McBride","TE","ARI","NYG","2026-10-04T17:00:00Z",FALSE,FALSE,6500,16.492,0.577,0.3586,0.1816,30.24,2.537,-0.581,18.1,16.5,23.5,0.0522,0.1293,"",NA
2026,4,"2026-10-04T12:54:35Z","2026_04_ARI_NYG","00-0037838","Isaiah Likely","TE","NYG","ARI","2026-10-04T17:00:00Z",FALSE,FALSE,4500,10.235,0.201,0.1318,0.1448,19.83,2.274,-0.198,8.23,3.3,21,0.0102,0.1346,"",NA
2026,4,"2026-10-04T12:54:35Z","2026_04_ARI_NYG","00-0038559","Michael Wilson","WR","ARI","NYG","2026-10-04T17:00:00Z",FALSE,FALSE,5500,13.708,0.476,0.1142,0.1651,25.76,2.492,2.2,17.4,25.9,23.5,0.1634,0.0016,"",NA
2026,4,"2026-10-04T12:54:35Z","2026_04_ARI_NYG","00-0039041","Elijah Higgins","TE","ARI","NYG","2026-10-04T17:00:00Z",FALSE,FALSE,2500,1.987,0,0.0033,0.034,6.1,0.795,-1.806,2.86,5,23.5,0,0.034,"",NA
2026,4,"2026-10-04T12:54:35Z","2026_04_ARI_NYG","00-0039337","Malik Nabers","WR","NYG","ARI","2026-10-04T17:00:00Z",FALSE,FALSE,6000,13.221,0.409,0.0998,0.1183,24.98,2.204,0.179,6.5,7.6,21,0.025,0.0933,"",NA
2026,4,"2026-10-04T12:54:35Z","2026_04_ARI_NYG","00-0039847","Theo Johnson","TE","NYG","ARI","2026-10-04T17:00:00Z",FALSE,FALSE,2500,3.111,0,0.0065,0.0522,7.97,1.244,-0.682,0.27,0,21,2e-04,0.052,"",NA
2026,4,"2026-10-04T12:54:35Z","2026_04_ARI_NYG","00-0039849","Marvin Harrison Jr.","WR","ARI","NYG","2026-10-04T17:00:00Z",FALSE,FALSE,4500,7.785,0.114,0.0186,0.0733,16.31,1.73,-0.657,4.61,7,23.5,0.0078,0.0655,"",NA
2026,4,"2026-10-04T12:54:35Z","2026_04_ARI_NYG","00-0040715","Cam Skattebo","RB","NYG","ARI","2026-10-04T17:00:00Z",FALSE,FALSE,6100,16.58,0.514,0.211,0.1657,27.63,2.718,3.319,12.16,13,21,0.1135,0.0522,"",NA
2026,4,"2026-10-04T12:54:35Z","2026_04_ARI_NYG","00-0041027","Jeremiyah Love","RB","ARI","NYG","2026-10-04T17:00:00Z",FALSE,FALSE,5800,17.425,0.609,0.2426,0.2376,28.81,3.004,5.439,16.51,21.9,23.5,0.3105,-0.0729,"",NA
2026,4,"2026-10-04T12:54:35Z","2026_04_ARI_NYG","00-0041042","Malachi Fields","WR","NYG","ARI","2026-10-04T17:00:00Z",FALSE,FALSE,4000,5.811,0.04,0.0083,0.056,13.16,1.453,-1.097,4.3,3.9,21,0.0023,0.0537,"",NA
2026,4,"2026-10-04T12:54:35Z","2026_04_DAL_HOU","00-0033077","Dak Prescott","QB","DAL","HOU","2026-10-04T17:00:00Z",FALSE,FALSE,6400,19.794,0.936,0.2021,0.2303,30.33,3.093,0.731,21.53,18.94,22.75,0.0388,0.1914,"",NA
2026,4,"2026-10-04T12:54:35Z","2026_04_DAL_HOU","00-0034383","Dalton Schultz","TE","HOU","DAL","2026-10-04T17:00:00Z",FALSE,FALSE,4800,10.888,0.174,0.1568,0.1418,20.92,2.268,-0.541,12.79,6,25.75,0.0226,0.1193,"",NA
2026,4,"2026-10-04T12:54:35Z","2026_04_DAL_HOU","00-0034981","Foster Moreau","TE","HOU","DAL","2026-10-04T17:00:00Z",FALSE,FALSE,2700,3.006,0,0.0061,0.0429,7.8,1.114,-1.451,7.01,8.7,25.75,3e-04,0.0426,"",NA
2026,4,"2026-10-04T12:54:35Z","2026_04_DAL_HOU","00-0035685","David Montgomery","RB","HOU","DAL","2026-10-04T17:00:00Z",FALSE,FALSE,5700,12.457,0.176,0.0866,0.089,21.85,2.185,0.896,9.27,6.8,25.75,0.0467,0.0423,"",NA
2026,4,"2026-10-04T12:54:35Z","2026_04_DAL_HOU","00-0036358","CeeDee Lamb","WR","DAL","HOU","2026-10-04T17:00:00Z",FALSE,FALSE,7800,17.594,0.841,0.2246,0.1146,31.96,2.256,-0.969,26.4,23.2,22.75,0.0672,0.0473,"",NA
2026,4,"2026-10-04T12:54:35Z","2026_04_DAL_HOU","00-0036554","Nico Collins","WR","HOU","DAL","2026-10-04T17:00:00Z",FALSE,FALSE,7200,16.764,0.773,0.2009,0.1303,30.64,2.328,0.042,21.2,21.2,25.75,0.103,0.0273,"","Questionable"
2026,4,"2026-10-04T12:54:35Z","2026_04_DAL_HOU","00-0036997","Javonte Williams","RB","DAL","HOU","2026-10-04T17:00:00Z",FALSE,FALSE,6600,15.542,0.431,0.1662,0.0977,26.18,2.355,0.156,16.2,18.3,22.75,0.0633,0.0343,"",NA
2026,4,"2026-10-04T12:54:35Z","2026_04_DAL_HOU","00-0037247","George Pickens","WR","DAL","HOU","2026-10-04T17:00:00Z",FALSE,FALSE,6300,14.974,0.662,0.145,0.1418,27.78,2.377,1.011,12.37,15.2,22.75,0.069,0.0728,"",NA
2026,4,"2026-10-04T12:54:35Z","2026_04_DAL_HOU","00-0038041","Jake Ferguson","TE","DAL","HOU","2026-10-04T17:00:00Z",FALSE,FALSE,4300,7.631,0.048,0.0539,0.0722,15.49,1.775,-2.138,12.06,10.3,22.75,0.0027,0.0695,"",NA
2026,4,"2026-10-04T12:54:35Z","2026_04_DAL_HOU","00-0038608","Kayshon Boutte","WR","HOU","DAL","2026-10-04T17:00:00Z",FALSE,FALSE,4400,6.267,0.041,0.0101,0.049,13.89,1.424,-1.868,4.7,4.1,25.75,0.0029,0.0462,"",NA
2026,4,"2026-10-04T12:54:35Z","2026_04_DAL_HOU","00-0038618","Xavier Hutchinson","WR","HOU","DAL","2026-10-04T17:00:00Z",FALSE,FALSE,4300,7.235,0.063,0.0151,0.0716,15.43,1.683,-0.593,7.66,8.5,25.75,0.0101,0.0615,"",NA
2026,4,"2026-10-04T12:54:35Z","2026_04_DAL_HOU","00-0039163","C.J. Stroud","QB","HOU","DAL","2026-10-04T17:00:00Z",FALSE,FALSE,5700,18.272,0.662,0.1484,0.2673,28.77,3.206,1.065,15.03,11.68,25.75,0.0573,0.21,"",NA
2026,4,"2026-10-04T12:54:35Z","2026_04_DAL_HOU","00-0039410","Ryan Flournoy","WR","DAL","HOU","2026-10-04T17:00:00Z",FALSE,FALSE,3800,8.541,0.105,0.0268,0.1452,17.51,2.248,2.246,5.09,4.2,22.75,0.0524,0.0927,"",NA
2026,4,"2026-10-04T12:54:35Z","2026_04_DAL_HOU","00-0040138","Jaylin Noel","WR","HOU","DAL","2026-10-04T17:00:00Z",FALSE,FALSE,3400,3.868,0,0.0032,0.0451,10.06,1.138,-1.2,5.16,4.5,25.75,0.0011,0.0439,"",NA
2026,4,"2026-10-04T12:54:35Z","2026_04_DAL_HOU","00-0040583","Woody Marks","RB","HOU","DAL","2026-10-04T17:00:00Z",FALSE,FALSE,4700,8.649,0.064,0.0274,0.066,16.52,1.84,1.339,8.34,9.1,25.75,0.0246,0.0415,"",NA
2026,4,"2026-10-04T12:54:35Z","2026_04_DEN_SF","00-0029892","Kyle Juszczyk","RB","SF","DEN","2026-10-04T20:25:00Z",FALSE,FALSE,4000,3.244,0,0.0024,0.0154,8.94,0.811,-1.09,3.06,0,25.25,8e-04,0.0147,"",NA
2026,4,"2026-10-04T12:54:35Z","2026_04_DEN_SF","00-0033280","Christian McCaffrey","RB","SF","DEN","2026-10-04T20:25:00Z",FALSE,FALSE,7700,22.34,0.74,0.4101,0.2041,35.7,2.901,2.279,20.77,21.6,25.25,0.2838,-0.0797,"",NA
2026,4,"2026-10-04T12:54:35Z","2026_04_DEN_SF","00-0033288","George Kittle","TE","SF","DEN","2026-10-04T20:25:00Z",FALSE,FALSE,5100,14.388,0.556,0.2803,0.2341,26.74,2.821,1.963,20.57,26.2,25.25,0.2115,0.0226,"",NA
2026,4,"2026-10-04T12:54:35Z","2026_04_DEN_SF","00-0033881","Evan Engram","TE","DEN","SF","2026-10-04T20:25:00Z",FALSE,FALSE,2900,5.4,0.016,0.0209,0.1044,11.78,1.862,0.279,2.81,0,22.75,0.003,0.1014,"",NA
2026,4,"2026-10-04T12:54:35Z","2026_04_DEN_SF","00-0034348","Courtland Sutton","WR","DEN","SF","2026-10-04T20:25:00Z",FALSE,FALSE,4900,9.716,0.165,0.0408,0.0967,19.39,1.983,0.047,6.36,7.6,22.75,0.0178,0.0789,"",NA
2026,4,"2026-10-04T12:54:35Z","2026_04_DEN_SF","00-0035719","Deebo Samuel Sr.","WR","SF","DEN","2026-10-04T20:25:00Z",FALSE,FALSE,5600,10.014,0.114,0.0449,0.0661,19.87,1.788,-1.801,13.23,15.4,25.25,0.0127,0.0534,"",NA
2026,4,"2026-10-04T12:54:35Z","2026_04_DEN_SF","00-0036158","J.K. Dobbins","RB","DEN","SF","2026-10-04T20:25:00Z",FALSE,FALSE,5300,10.873,0.431,0.0553,0.0805,19.63,2.051,1.013,5.14,6.3,22.75,0.0245,0.056,"",NA
2026,4,"2026-10-04T12:54:35Z","2026_04_DEN_SF","00-0036422","Adam Trautman","TE","DEN","SF","2026-10-04T20:25:00Z",FALSE,FALSE,2500,2.304,0,0.004,0.0384,6.63,0.921,-1.489,0.43,0,22.75,0,0.0383,"",NA
2026,4,"2026-10-04T12:54:35Z","2026_04_DEN_SF","00-0036613","Jaylen Waddle","WR","DEN","SF","2026-10-04T20:25:00Z",FALSE,FALSE,6200,13.443,0.438,0.1063,0.11,25.34,2.168,-0.213,10.91,6.4,22.75,0.0313,0.0787,"","Questionable"
2026,4,"2026-10-04T12:54:35Z","2026_04_DEN_SF","00-0037834","Brock Purdy","QB","SF","DEN","2026-10-04T20:25:00Z",FALSE,FALSE,6700,18.869,0.537,0.1671,0.1573,29.38,2.816,-0.99,29.17,31.28,25.25,0.0132,0.1442,"",NA
2026,4,"2026-10-04T12:54:35Z","2026_04_DEN_SF","00-0039732","Bo Nix","QB","DEN","SF","2026-10-04T20:25:00Z",FALSE,FALSE,5600,17.793,0.394,0.1351,0.2652,28.27,3.177,0.852,19.75,25.14,22.75,0.0464,0.2188,"",NA
2026,4,"2026-10-04T12:54:35Z","2026_04_DEN_SF","00-0039868","Troy Franklin","WR","DEN","SF","2026-10-04T20:25:00Z",FALSE,FALSE,3400,2.49,0,0.0015,0.0255,7.86,0.732,-2.578,2.9,3.1,22.75,1e-04,0.0254,"",NA
2026,4,"2026-10-04T12:54:35Z","2026_04_DEN_SF","00-0040134","Pat Bryant","WR","DEN","SF","2026-10-04T20:25:00Z",FALSE,FALSE,4200,6.426,0.033,0.0108,0.0587,14.14,1.53,-1.095,9.86,14.4,22.75,0.0047,0.0539,"",NA
2026,4,"2026-10-04T12:54:35Z","2026_04_DEN_SF","00-0040730","RJ Harvey","RB","DEN","SF","2026-10-04T20:25:00Z",FALSE,FALSE,5000,9.721,0.034,0.0389,0.0725,18.02,1.944,1.136,9.83,10.7,22.75,0.0251,0.0475,"","Questionable"
2026,4,"2026-10-04T12:54:35Z","2026_04_DEN_SF","00-0041052","Kaelon Black","RB","SF","DEN","2026-10-04T20:25:00Z",FALSE,FALSE,4600,4.713,0.014,0.0051,0.0159,11,1.024,-2.172,2.83,1.7,25.25,0.0015,0.0144,"",NA
2026,4,"2026-10-04T12:54:35Z","2026_04_GB_TB","00-0033858","Jonnu Smith","TE","GB","TB","2026-10-04T17:00:00Z",FALSE,FALSE,2900,3.034,0,0.0062,0.0369,7.84,1.046,-2.087,3.06,3.6,21,1e-04,0.0369,"",NA
2026,4,"2026-10-04T12:54:35Z","2026_04_GB_TB","00-0033921","Chris Godwin Jr.","WR","TB","GB","2026-10-04T17:00:00Z",FALSE,FALSE,4900,6.81,0.051,0.0127,0.0403,14.75,1.39,-2.859,6.84,5.5,18,0.001,0.0392,"","Questionable"
2026,4,"2026-10-04T12:54:35Z","2026_04_GB_TB","00-0036264","Jordan Love","QB","GB","TB","2026-10-04T17:00:00Z",FALSE,FALSE,5800,16.705,0.602,0.1103,0.2056,27.15,2.88,-0.767,20.29,22.48,21,0.0097,0.196,"",NA
2026,4,"2026-10-04T12:54:35Z","2026_04_GB_TB","00-0036919","Kenny Gainwell","RB","TB","GB","2026-10-04T17:00:00Z",FALSE,FALSE,4700,5.974,0,0.0089,0.0263,12.77,1.271,-1.335,3.4,3,18,0.0021,0.0241,"",NA
2026,4,"2026-10-04T12:54:35Z","2026_04_GB_TB","00-0038090","Skyy Moore","WR","GB","TB","2026-10-04T17:00:00Z",FALSE,FALSE,3200,4.802,0.016,0.0052,0.0762,11.55,1.501,0.348,4.23,6.1,21,0.0039,0.0723,"",NA
2026,4,"2026-10-04T12:54:35Z","2026_04_GB_TB","00-0038124","Christian Watson","WR","GB","TB","2026-10-04T17:00:00Z",FALSE,FALSE,6700,14.834,0.641,0.1415,0.1142,27.56,2.214,-0.355,22.04,22.6,21,0.0495,0.0648,"",NA
2026,4,"2026-10-04T12:54:35Z","2026_04_GB_TB","00-0038129","Cade Otton","TE","TB","GB","2026-10-04T17:00:00Z",FALSE,FALSE,3400,6.608,0.045,0.0367,0.1046,13.79,1.944,-0.173,8.23,8.6,18,0.0028,0.1018,"",NA
2026,4,"2026-10-04T12:54:35Z","2026_04_GB_TB","00-0038996","Tucker Kraft","TE","GB","TB","2026-10-04T17:00:00Z",FALSE,FALSE,4400,10.148,0.177,0.1277,0.1507,19.68,2.306,0.047,6.13,6.6,21,0.0102,0.1405,"",NA
2026,4,"2026-10-04T12:54:35Z","2026_04_GB_TB","00-0039361","Bucky Irving","RB","TB","GB","2026-10-04T17:00:00Z",FALSE,FALSE,6000,12.873,0.344,0.0935,0.0821,22.44,2.145,0.037,11.21,7.8,18,0.0241,0.058,"","Questionable"
2026,4,"2026-10-04T12:54:35Z","2026_04_GB_TB","00-0039811","MarShawn Lloyd","RB","GB","TB","2026-10-04T17:00:00Z",FALSE,FALSE,4800,6.282,0.015,0.0102,0.027,13.2,1.309,-1.453,5.44,3.8,21,0.0032,0.0238,"",NA
2026,4,"2026-10-04T12:54:35Z","2026_04_GB_TB","00-0040129","Emeka Egbuka","WR","TB","GB","2026-10-04T17:00:00Z",FALSE,FALSE,5900,9.04,0.143,0.0328,0.0418,18.31,1.532,-3.696,10.96,11.2,18,0.0017,0.0401,"",NA
2026,4,"2026-10-04T12:54:35Z","2026_04_GB_TB","00-0040142","Kaleb Johnson","RB","GB","TB","2026-10-04T17:00:00Z",FALSE,FALSE,4600,5.803,0.048,0.0083,0.0272,12.53,1.261,-1.082,2.4,2.6,21,0.0026,0.0247,"",NA
2026,4,"2026-10-04T12:54:35Z","2026_04_GB_TB","00-0040237","Tez Johnson","WR","TB","GB","2026-10-04T17:00:00Z",FALSE,FALSE,3000,3.176,0,0.0022,0.0485,8.95,1.059,-0.665,2.66,1.8,18,4e-04,0.0481,"",NA
2026,4,"2026-10-04T12:54:35Z","2026_04_GB_TB","00-0040667","Matthew Golden","WR","GB","TB","2026-10-04T17:00:00Z",FALSE,FALSE,5400,13.077,0.433,0.0966,0.1539,24.75,2.422,1.875,18.73,24,21,0.1113,0.0426,"",NA
2026,4,"2026-10-04T12:54:35Z","2026_04_GB_TB","00-0041048","Ted Hurst III","WR","TB","GB","2026-10-04T17:00:00Z",FALSE,FALSE,3100,5.554,0.036,0.0074,0.1062,12.75,1.791,1.406,8.57,11,18,0.011,0.0952,"",NA
2026,4,"2026-10-04T12:54:35Z","2026_04_GB_TB","00-0041251","Jalon Daniels","QB","TB","GB","2026-10-04T17:00:00Z",FALSE,FALSE,4400,14.809,0.149,0.0762,0.3394,25.21,3.366,1.051,-0.1,-0.1,18,0.0355,0.3039,"",NA
2026,4,"2026-10-04T12:54:35Z","2026_04_JAX_CIN","00-0033526","Samaje Perine","RB","CIN","JAX","2026-10-04T17:00:00Z",FALSE,FALSE,4100,5.501,0,0.0073,0.0395,12.1,1.342,0.742,3.43,2.4,27,0.0065,0.033,"",NA
2026,4,"2026-10-04T12:54:35Z","2026_04_JAX_CIN","00-0034829","Mike Gesicki","TE","CIN","JAX","2026-10-04T17:00:00Z",FALSE,FALSE,3300,7.41,0.061,0.0498,0.1509,15.13,2.245,0.961,9.94,12.7,27,0.0257,0.1252,"",NA
2026,4,"2026-10-04T12:54:35Z","2026_04_JAX_CIN","00-0034960","Jakobi Meyers","WR","JAX","CIN","2026-10-04T17:00:00Z",FALSE,FALSE,5000,10.076,0.177,0.0458,0.0994,19.96,2.015,0.101,13.91,19.4,24.5,0.0342,0.0653,"","Questionable"
2026,4,"2026-10-04T12:54:35Z","2026_04_JAX_CIN","00-0035631","Drew Sample","TE","CIN","JAX","2026-10-04T17:00:00Z",FALSE,FALSE,2600,3.145,0,0.0066,0.0491,8.03,1.21,-0.98,1.27,1,27,4e-04,0.0487,"",NA
2026,4,"2026-10-04T12:54:35Z","2026_04_JAX_CIN","00-0036410","Tee Higgins","WR","CIN","JAX","2026-10-04T17:00:00Z",FALSE,FALSE,6100,14.618,0.536,0.1366,0.1459,27.21,2.396,1.269,17.41,21,27,0.151,-0.0051,"",NA
2026,4,"2026-10-04T12:54:35Z","2026_04_JAX_CIN","00-0036442","Joe Burrow","QB","CIN","JAX","2026-10-04T17:00:00Z",FALSE,FALSE,6800,20.689,1.005,0.2303,0.2091,31.25,3.042,0.564,20.26,23.58,27,0.0405,0.1686,"",NA
2026,4,"2026-10-04T12:54:35Z","2026_04_JAX_CIN","00-0036900","Ja'Marr Chase","WR","CIN","JAX","2026-10-04T17:00:00Z",FALSE,FALSE,8100,21.01,1.025,0.332,0.1738,37.42,2.594,1.527,22.2,24.8,27,0.2754,-0.1016,"",NA
2026,4,"2026-10-04T12:54:35Z","2026_04_JAX_CIN","00-0036971","Trevor Lawrence","QB","JAX","CIN","2026-10-04T17:00:00Z",FALSE,FALSE,5900,20.598,0.855,0.2276,0.327,31.16,3.491,2.86,17.65,20.78,24.5,0.2382,0.0888,"",NA
2026,4,"2026-10-04T12:54:35Z","2026_04_JAX_CIN","00-0038597","Chase Brown","RB","CIN","JAX","2026-10-04T17:00:00Z",FALSE,FALSE,6100,17.423,0.497,0.2425,0.1991,28.81,2.856,4.162,10.97,8.9,27,0.2267,-0.0276,"",NA
2026,4,"2026-10-04T12:54:35Z","2026_04_JAX_CIN","00-0038606","Parker Washington","WR","JAX","CIN","2026-10-04T17:00:00Z",FALSE,FALSE,6500,16.983,0.841,0.2071,0.1851,30.99,2.613,2.407,14.99,13,24.5,0.2002,-0.0151,"",NA
2026,4,"2026-10-04T12:54:35Z","2026_04_JAX_CIN","00-0038611","Chris Rodriguez Jr.","RB","JAX","CIN","2026-10-04T17:00:00Z",FALSE,FALSE,4600,4.304,0.007,0.0042,0.0133,10.43,0.936,-2.581,6.24,9.7,24.5,0.0012,0.0122,"",NA
2026,4,"2026-10-04T12:54:35Z","2026_04_JAX_CIN","00-0038935","Brenton Strange","TE","JAX","CIN","2026-10-04T17:00:00Z",FALSE,FALSE,3200,9.258,0.133,0.096,0.254,18.2,2.893,3.141,6.07,6.2,24.5,0.095,0.159,"",NA
2026,4,"2026-10-04T12:54:35Z","2026_04_JAX_CIN","00-0039893","Brian Thomas Jr.","WR","JAX","CIN","2026-10-04T17:00:00Z",FALSE,FALSE,4300,6.931,0.061,0.0133,0.0646,14.95,1.612,-0.897,4.03,1.8,24.5,0.0056,0.059,"",NA
2026,4,"2026-10-04T12:54:35Z","2026_04_JAX_CIN","00-0040718","Travis Hunter","WR","JAX","CIN","2026-10-04T17:00:00Z",FALSE,FALSE,3000,1.168,0,6e-04,0.0191,5.75,0.389,-2.673,NA,NA,24.5,0,0.0191,"",NA
2026,4,"2026-10-04T12:54:35Z","2026_04_JAX_CIN","00-0040719","Bhayshul Tuten","RB","JAX","CIN","2026-10-04T17:00:00Z",FALSE,FALSE,5600,13.057,0.353,0.0965,0.1059,22.69,2.332,1.921,15.17,17,24.5,0.0793,0.0266,"",NA
2026,4,"2026-10-04T12:54:35Z","2026_04_JAX_CIN","00-0040785","Dohnte Meyers","WR","CIN","JAX","2026-10-04T17:00:00Z",FALSE,FALSE,3000,5.796,0.026,0.0082,0.1203,13.13,1.932,1.956,3.91,5.9,27,0.0343,0.0859,"",NA
2026,4,"2026-10-04T12:54:35Z","2026_04_JAX_CIN","00-0041100","Josh Cameron","WR","JAX","CIN","2026-10-04T17:00:00Z",FALSE,FALSE,3000,3.306,0,0.0024,0.0511,9.16,1.102,-0.535,6.11,8.2,24.5,0.0011,0.05,"",NA
2026,4,"2026-10-04T12:54:35Z","2026_04_KC_LV","00-0029604","Kirk Cousins","QB","LV","KC","2026-10-04T20:25:00Z",FALSE,FALSE,5100,14.78,0.428,0.0757,0.2351,25.18,2.898,-0.835,21.02,22.22,21.75,0.0098,0.2252,"",NA
2026,4,"2026-10-04T12:54:35Z","2026_04_KC_LV","00-0030506","Travis Kelce","TE","KC","LV","2026-10-04T20:25:00Z",FALSE,FALSE,5000,12.267,0.27,0.2038,0.1724,23.21,2.453,0.174,17.41,13.9,26.25,0.0591,0.1134,"",NA
2026,4,"2026-10-04T12:54:35Z","2026_04_KC_LV","00-0033873","Patrick Mahomes","QB","KC","LV","2026-10-04T20:25:00Z",FALSE,FALSE,6500,19.47,0.578,0.1902,0.2074,30,2.995,0.141,22.05,16.94,26.25,0.0295,0.1779,"",NA
2026,4,"2026-10-04T12:54:35Z","2026_04_KC_LV","00-0035891","Cody White","WR","LV","KC","2026-10-04T20:25:00Z",FALSE,FALSE,3100,3.278,0,0.0023,0.0462,9.12,1.058,-0.869,8.91,7.4,21.75,7e-04,0.0455,"",NA
2026,4,"2026-10-04T12:54:35Z","2026_04_KC_LV","00-0036637","Noah Gray","TE","KC","LV","2026-10-04T20:25:00Z",FALSE,FALSE,2700,3.259,0,0.007,0.0474,8.22,1.207,-1.198,4.16,6.9,26.25,4e-04,0.047,"",NA
2026,4,"2026-10-04T12:54:35Z","2026_04_KC_LV","00-0037291","Jalen Nailor","WR","LV","KC","2026-10-04T20:25:00Z",FALSE,FALSE,3600,5.296,0.024,0.0066,0.0641,12.34,1.471,-0.385,2.84,2.6,21.75,0.0029,0.0612,"",NA
2026,4,"2026-10-04T12:54:35Z","2026_04_KC_LV","00-0038104","Tyquan Thornton","WR","KC","LV","2026-10-04T20:25:00Z",FALSE,FALSE,3400,5.213,0.032,0.0063,0.0744,12.2,1.533,0.146,6,4.2,26.25,0.0075,0.0669,"",NA
2026,4,"2026-10-04T12:54:35Z","2026_04_KC_LV","00-0038134","Kenneth Walker III","RB","KC","LV","2026-10-04T20:25:00Z",FALSE,FALSE,8200,20.58,1.06,0.3534,0.107,33.24,2.51,-1.608,25.13,21.3,26.25,0.136,-0.029,"",NA
2026,4,"2026-10-04T12:54:35Z","2026_04_KC_LV","00-0038563","Tre Tucker","WR","LV","KC","2026-10-04T20:25:00Z",FALSE,FALSE,5100,9.024,0.146,0.0326,0.0696,18.29,1.769,-1.258,12.81,8.3,21.75,0.0096,0.06,"",NA
2026,4,"2026-10-04T12:54:35Z","2026_04_KC_LV","00-0039066","Michael Mayer","TE","LV","KC","2026-10-04T20:25:00Z",FALSE,FALSE,3400,6.807,0.04,0.0392,0.1124,14.12,2.002,0.026,9.8,12.2,21.75,0.006,0.1064,"",NA
2026,4,"2026-10-04T12:54:35Z","2026_04_KC_LV","00-0039067","Rashee Rice","WR","KC","LV","2026-10-04T20:25:00Z",FALSE,FALSE,6400,13.907,0.41,0.1201,0.109,26.08,2.173,-0.361,13.96,15.8,26.25,0.0502,0.0588,"",NA
2026,4,"2026-10-04T12:54:35Z","2026_04_KC_LV","00-0039338","Brock Bowers","TE","LV","KC","2026-10-04T20:25:00Z",FALSE,FALSE,6900,17.6,0.773,0.4069,0.1826,32.09,2.551,-0.801,30.6,30.6,21.75,0.0934,0.0892,"",NA
2026,4,"2026-10-04T12:54:35Z","2026_04_KC_LV","00-0039894","Xavier Worthy","WR","KC","LV","2026-10-04T20:25:00Z",FALSE,FALSE,4600,9.087,0.11,0.0333,0.0998,18.39,1.975,0.338,6.83,4,26.25,0.0272,0.0725,"",NA
2026,4,"2026-10-04T12:54:35Z","2026_04_KC_LV","00-0040122","Ashton Jeanty","RB","LV","KC","2026-10-04T20:25:00Z",FALSE,FALSE,7100,16.357,0.416,0.1986,0.0891,27.32,2.304,-1.154,15.07,12.3,21.75,0.0447,0.0445,"",NA
2026,4,"2026-10-04T12:54:35Z","2026_04_KC_LV","00-0040878","Mike Washington Jr.","RB","LV","KC","2026-10-04T20:25:00Z",FALSE,FALSE,4100,3.59,0,0.0029,0.0162,9.43,0.876,-1.169,7.3,11.4,21.75,9e-04,0.0153,"",NA
2026,4,"2026-10-04T12:54:35Z","2026_04_KC_LV","00-0041013","Emmett Johnson","RB","KC","LV","2026-10-04T20:25:00Z",FALSE,FALSE,4400,5.42,0,0.007,0.0287,11.99,1.232,-0.615,3.8,1.7,26.25,0.0039,0.0247,"",NA
2026,4,"2026-10-04T12:54:35Z","2026_04_LAC_SEA","00-0033576","Eric Saubert","TE","SEA","LAC","2026-10-04T20:25:00Z",FALSE,FALSE,2500,1.496,0,0.0024,0.0272,5.28,0.598,-2.297,4.74,8.3,24.75,0,0.0272,"",NA
2026,4,"2026-10-04T12:54:35Z","2026_04_LAC_SEA","00-0033908","Cooper Kupp","WR","SEA","LAC","2026-10-04T20:25:00Z",FALSE,FALSE,4100,6.419,0.039,0.0108,0.0633,14.13,1.565,-0.796,10.27,14.6,24.75,0.0071,0.0563,"",NA
2026,4,"2026-10-04T12:54:35Z","2026_04_LAC_SEA","00-0034869","Sam Darnold","QB","SEA","LAC","2026-10-04T20:25:00Z",FALSE,FALSE,5500,17.349,0.549,0.1214,0.264,27.82,3.154,0.673,21.95,32.66,24.75,0.0481,0.2159,"",NA
2026,4,"2026-10-04T12:54:35Z","2026_04_LAC_SEA","00-0036355","Justin Herbert","QB","LAC","SEA","2026-10-04T20:25:00Z",FALSE,FALSE,5400,14.89,0.238,0.0778,0.1928,25.29,2.757,-1.521,12.71,13.74,17.75,0.0031,0.1897,"",NA
2026,4,"2026-10-04T12:54:35Z","2026_04_LAC_SEA","00-0037545","Rashid Shaheed","WR","SEA","LAC","2026-10-04T20:25:00Z",FALSE,FALSE,3900,6.57,0.035,0.0115,0.0783,14.37,1.685,-0.031,4.11,3.4,24.75,0.0088,0.0695,"",NA
2026,4,"2026-10-04T12:54:35Z","2026_04_LAC_SEA","00-0038454","Keaton Mitchell","RB","LAC","SEA","2026-10-04T20:25:00Z",FALSE,FALSE,4300,5.992,0.006,0.009,0.0392,12.79,1.394,0.383,9.36,13.7,17.75,0.0046,0.0345,"","Questionable"
2026,4,"2026-10-04T12:54:35Z","2026_04_LAC_SEA","00-0038543","Jaxon Smith-Njigba","WR","SEA","LAC","2026-10-04T20:25:00Z",FALSE,FALSE,9100,22.054,1.207,0.3698,0.1376,39.08,2.424,-0.496,39.09,38.36,24.75,0.2347,-0.0972,"",NA
2026,4,"2026-10-04T12:54:35Z","2026_04_LAC_SEA","00-0038544","Quentin Johnston","WR","LAC","SEA","2026-10-04T20:25:00Z",FALSE,FALSE,4800,8.455,0.119,0.0258,0.0724,17.38,1.761,-0.906,5.21,7,17.75,0.0047,0.0677,"",NA
2026,4,"2026-10-04T12:54:35Z","2026_04_LAC_SEA","00-0038797","Emanuel Wilson","RB","SEA","LAC","2026-10-04T20:25:00Z",FALSE,FALSE,4700,10.78,0.233,0.0539,0.1153,19.5,2.294,3.47,3.47,1.4,24.75,0.0522,0.063,"",NA
2026,4,"2026-10-04T12:54:35Z","2026_04_LAC_SEA","00-0039299","George Holani","RB","SEA","LAC","2026-10-04T20:25:00Z",FALSE,FALSE,4500,9.489,0.079,0.0365,0.0959,17.69,2.109,3.03,7.3,10.8,24.75,0.0432,0.0527,"","Questionable"
2026,4,"2026-10-04T12:54:35Z","2026_04_LAC_SEA","00-0039793","AJ Barner","TE","SEA","LAC","2026-10-04T20:25:00Z",FALSE,FALSE,3000,8.248,0.082,0.0694,0.2347,16.52,2.749,2.795,9.53,11.9,24.75,0.0831,0.1515,"",NA
2026,4,"2026-10-04T12:54:35Z","2026_04_LAC_SEA","00-0039915","Ladd McConkey","WR","LAC","SEA","2026-10-04T20:25:00Z",FALSE,FALSE,5800,10.732,0.27,0.0544,0.0708,21.01,1.85,-1.696,10.66,10.6,17.75,0.0064,0.0644,"","Questionable"
2026,4,"2026-10-04T12:54:35Z","2026_04_LAC_SEA","00-0040189","Oronde Gadsden II","TE","LAC","SEA","2026-10-04T20:25:00Z",FALSE,FALSE,3600,7.095,0.061,0.0441,0.1048,14.6,1.971,-0.35,3.54,0,17.75,0.0021,0.1026,"",NA
2026,4,"2026-10-04T12:54:35Z","2026_04_LAC_SEA","00-0040648","Tory Horton","WR","SEA","LAC","2026-10-04T20:25:00Z",FALSE,FALSE,3000,3.327,0,0.0024,0.0515,9.19,1.109,-0.514,5.2,7.8,24.75,0.0011,0.0504,"",NA
2026,4,"2026-10-04T12:54:35Z","2026_04_LAC_SEA","00-0040666","Omarion Hampton","RB","LAC","SEA","2026-10-04T20:25:00Z",FALSE,FALSE,6300,10.229,0.189,0.0459,0.0297,18.73,1.624,-3.882,9.81,5.6,17.75,0.005,0.0247,"",NA
2026,4,"2026-10-04T12:54:35Z","2026_04_LAC_SEA","00-0040727","Tre Harris","WR","LAC","SEA","2026-10-04T20:25:00Z",FALSE,FALSE,4100,8.183,0.124,0.0225,0.1098,16.94,1.996,0.969,10.29,13.6,17.75,0.0175,0.0924,"",NA
2026,4,"2026-10-04T12:54:35Z","2026_04_LA_PHI","00-0026498","Matthew Stafford","QB","LA","PHI","2026-10-04T17:00:00Z",FALSE,FALSE,6200,17.132,0.752,0.1172,0.1607,27.59,2.763,-1.401,24.38,25.9,23,0.0069,0.1539,"",NA
2026,4,"2026-10-04T12:54:35Z","2026_04_LA_PHI","00-0030061","Zach Ertz","TE","PHI","LA","2026-10-04T17:00:00Z",FALSE,FALSE,3100,6.02,0.029,0.029,0.11,12.81,1.942,0.235,1.9,1.9,19.5,0.0024,0.1076,"",NA
2026,4,"2026-10-04T12:54:35Z","2026_04_LA_PHI","00-0031381","Davante Adams","WR","LA","PHI","2026-10-04T17:00:00Z",FALSE,FALSE,7000,15.635,0.619,0.1614,0.1158,28.84,2.234,-0.474,26.49,23.7,23,0.0761,0.0397,"",NA
2026,4,"2026-10-04T12:54:35Z","2026_04_LA_PHI","00-0033110","Tyler Higbee","TE","LA","PHI","2026-10-04T17:00:00Z",FALSE,FALSE,3100,8.121,0.085,0.0652,0.21,16.31,2.62,2.336,11.86,20.2,23,0.0545,0.1555,"",NA
2026,4,"2026-10-04T12:54:35Z","2026_04_LA_PHI","00-0033246","Johnny Mundt","TE","PHI","LA","2026-10-04T17:00:00Z",FALSE,FALSE,2600,2.906,0,0.0057,0.0448,7.63,1.118,-1.219,1.6,1.4,19.5,1e-04,0.0447,"",NA
2026,4,"2026-10-04T12:54:35Z","2026_04_LA_PHI","00-0034844","Saquon Barkley","RB","PHI","LA","2026-10-04T17:00:00Z",FALSE,FALSE,6800,15.377,0.658,0.1605,0.087,25.94,2.261,-0.859,7.29,9,19.5,0.0253,0.0616,"",NA
2026,4,"2026-10-04T12:54:35Z","2026_04_LA_PHI","00-0036389","Jalen Hurts","QB","PHI","LA","2026-10-04T17:00:00Z",FALSE,FALSE,6600,16.391,0.172,0.1053,0.1068,26.83,2.484,-3.203,16.5,13.62,19.5,9e-04,0.1059,"",NA
2026,4,"2026-10-04T12:54:35Z","2026_04_LA_PHI","00-0037840","Kyren Williams","RB","LA","PHI","2026-10-04T17:00:00Z",FALSE,FALSE,5900,14.367,0.392,0.1316,0.1179,24.53,2.435,1.956,19.44,21.8,23,0.1024,0.0155,"",NA
2026,4,"2026-10-04T12:54:35Z","2026_04_LA_PHI","00-0038393","Dontayvion Wicks","WR","PHI","LA","2026-10-04T17:00:00Z",FALSE,FALSE,4300,11.815,0.391,0.0711,0.2195,22.74,2.748,3.988,8.7,5.2,19.5,0.1772,0.0423,"",NA
2026,4,"2026-10-04T12:54:35Z","2026_04_LA_PHI","00-0038555","Tank Bigsby","RB","PHI","LA","2026-10-04T17:00:00Z",FALSE,FALSE,5300,2.166,0,0.0013,0.0022,7.43,0.409,-7.694,3.7,0.5,19.5,0,0.0022,"",NA
2026,4,"2026-10-04T12:54:35Z","2026_04_LA_PHI","00-0039075","Puka Nacua","WR","LA","PHI","2026-10-04T17:00:00Z",FALSE,FALSE,7500,17.9,0.751,0.2344,0.1375,32.45,2.387,0.258,12.4,12.4,23,0.0581,0.0794,"","Questionable"
2026,4,"2026-10-04T12:54:35Z","2026_04_LA_PHI","00-0039738","Blake Corum","RB","LA","PHI","2026-10-04T17:00:00Z",FALSE,FALSE,4900,7.211,0.116,0.0148,0.0353,14.5,1.472,-0.948,5.69,3.5,23,0.0061,0.0292,"",NA
2026,4,"2026-10-04T12:54:35Z","2026_04_LA_PHI","00-0040024","Darius Cooper","WR","PHI","LA","2026-10-04T17:00:00Z",FALSE,FALSE,3100,5.546,0.031,0.0074,0.106,12.74,1.789,1.399,3.03,0,19.5,0.0095,0.0965,"",NA
2026,4,"2026-10-04T12:54:35Z","2026_04_LA_PHI","00-0040867","Makai Lemon","WR","PHI","LA","2026-10-04T17:00:00Z",FALSE,FALSE,4100,8.908,0.124,0.0312,0.132,18.1,2.173,1.694,4.27,5.9,19.5,0.027,0.105,"",NA
2026,4,"2026-10-04T12:54:35Z","2026_04_MIA_MIN","00-0033293","Aaron Jones","RB","MIN","MIA","2026-10-04T20:05:00Z",FALSE,FALSE,6000,17.911,0.604,0.2575,0.2334,29.5,2.985,5.076,13.4,14.2,24.25,0.2696,-0.0362,"",NA
2026,4,"2026-10-04T12:54:35Z","2026_04_MIA_MIN","00-0035228","Kyler Murray","QB","MIN","MIA","2026-10-04T20:05:00Z",FALSE,FALSE,5300,17.456,0.275,0.1247,0.2964,27.93,3.294,1.31,7.82,11.42,24.25,0.0591,0.2373,"",NA
2026,4,"2026-10-04T12:54:35Z","2026_04_MIA_MIN","00-0035229","T.J. Hockenson","TE","MIN","MIA","2026-10-04T20:05:00Z",FALSE,FALSE,3300,10.873,0.154,0.1563,0.3127,20.89,3.295,4.424,5.4,3.1,24.25,0.2439,0.0688,"",NA
2026,4,"2026-10-04T12:54:35Z","2026_04_MIA_MIN","00-0036259","Jauan Jennings","WR","MIN","MIA","2026-10-04T20:05:00Z",FALSE,FALSE,3800,6.974,0.061,0.0136,0.0967,15.01,1.835,0.68,0.73,1.1,24.25,0.0126,0.0841,"",NA
2026,4,"2026-10-04T12:54:35Z","2026_04_MIA_MIN","00-0037252","Greg Dulcich","TE","MIA","MIN","2026-10-04T20:05:00Z",FALSE,FALSE,3200,7.112,0.074,0.0444,0.1487,14.63,2.223,0.995,7.6,10.5,14.25,0.0045,0.1442,"",NA
2026,4,"2026-10-04T12:54:35Z","2026_04_MIA_MIN","00-0038128","Malik Willis","QB","MIA","MIN","2026-10-04T20:05:00Z",FALSE,FALSE,4900,13.054,0.123,0.0422,0.197,23.4,2.664,-2.03,12.95,12,14.25,0.0014,0.1956,"",NA
2026,4,"2026-10-04T12:54:35Z","2026_04_MIA_MIN","00-0038824","Ryan Miller","WR","MIA","MIN","2026-10-04T20:05:00Z",FALSE,FALSE,3000,2.057,0,0.0011,0.0308,7.17,0.686,-1.784,7.23,3.5,14.25,0,0.0308,"",NA
2026,4,"2026-10-04T12:54:35Z","2026_04_MIA_MIN","00-0038994","Jordan Addison","WR","MIN","MIA","2026-10-04T20:05:00Z",FALSE,FALSE,5300,14.974,0.556,0.145,0.2296,27.78,2.825,4.079,12.6,20,24.25,0.3855,-0.1559,"",NA
2026,4,"2026-10-04T12:54:35Z","2026_04_MIA_MIN","00-0039874","Jaylen Wright","RB","MIA","MIN","2026-10-04T20:05:00Z",FALSE,FALSE,5000,6.266,0.031,0.0101,0.0206,13.18,1.253,-2.318,0.7,1.1,14.25,0.0012,0.0194,"","Questionable"
2026,4,"2026-10-04T12:54:35Z","2026_04_MIA_MIN","00-0039880","Malik Washington","WR","MIA","MIN","2026-10-04T20:05:00Z",FALSE,FALSE,4400,10.527,0.154,0.0517,0.1573,20.68,2.392,2.392,9.87,11.1,14.25,0.04,0.1173,"",NA
2026,4,"2026-10-04T12:54:35Z","2026_04_MIA_MIN","00-0040154","Tai Felton","WR","MIN","MIA","2026-10-04T20:05:00Z",FALSE,FALSE,3000,4.577,0.014,0.0046,0.0838,11.19,1.526,0.736,0,0,24.25,0.0051,0.0788,"",NA
2026,4,"2026-10-04T12:54:35Z","2026_04_MIA_MIN","00-0040198","Ollie Gordon II","RB","MIA","MIN","2026-10-04T20:05:00Z",FALSE,FALSE,5500,6.289,0.019,0.0102,0.0129,13.21,1.143,-4.422,8.49,14.5,14.25,0.001,0.0119,"","Questionable"
2026,4,"2026-10-04T12:54:35Z","2026_04_MIA_MIN","00-0041525","Chris Bell","WR","MIA","MIN","2026-10-04T20:05:00Z",FALSE,FALSE,3700,7.21,0.105,0.0149,0.1106,15.39,1.949,1.223,6.61,10.7,14.25,0.0098,0.1008,"","Questionable"
2026,4,"2026-10-04T12:54:35Z","2026_04_MIA_MIN","00-0041529","Kevin Coleman Jr.","WR","MIA","MIN","2026-10-04T20:05:00Z",FALSE,FALSE,3000,4.088,0,0.0036,0.0694,10.41,1.363,0.247,0.74,1.3,14.25,0.001,0.0684,"",NA
2026,4,"2026-10-04T12:54:35Z","2026_04_NE_BUF","00-0033090","Hunter Henry","TE","NE","BUF","2026-10-04T17:00:00Z",FALSE,FALSE,3500,8.398,0.085,0.0741,0.1738,16.77,2.399,1.285,3.66,1.5,21.25,0.0136,0.1602,"",NA
2026,4,"2026-10-04T12:54:35Z","2026_04_NE_BUF","00-0033555","Mack Hollins","WR","NE","BUF","2026-10-04T17:00:00Z",FALSE,FALSE,4000,10.144,0.227,0.0467,0.1867,20.07,2.536,3.236,10.79,14.7,21.25,0.1358,0.0508,"",NA
2026,4,"2026-10-04T12:54:35Z","2026_04_NE_BUF","00-0034827","DJ Moore","WR","BUF","NE","2026-10-04T17:00:00Z",FALSE,FALSE,5700,12.262,0.316,0.0786,0.1121,23.45,2.151,0.141,10.66,12.7,28.25,0.0563,0.0558,"","Questionable"
2026,4,"2026-10-04T12:54:35Z","2026_04_NE_BUF","00-0034857","Josh Allen","QB","BUF","NE","2026-10-04T17:00:00Z",FALSE,FALSE,7700,24.685,0.664,0.397,0.2226,35.36,3.206,2.173,28.88,20.46,28.25,0.165,0.0576,"","Questionable"
2026,4,"2026-10-04T12:54:35Z","2026_04_NE_BUF","00-0035537","Ty Johnson","RB","BUF","NE","2026-10-04T17:00:00Z",FALSE,FALSE,4400,5.089,0,0.006,0.0242,11.53,1.157,-0.945,9,9,28.25,0.0045,0.0197,"",NA
2026,4,"2026-10-04T12:54:35Z","2026_04_NE_BUF","00-0035689","Dawson Knox","TE","BUF","NE","2026-10-04T17:00:00Z",FALSE,FALSE,2800,3.544,0,0.0082,0.0488,8.69,1.266,-1.245,3.53,1.5,28.25,6e-04,0.0482,"",NA
2026,4,"2026-10-04T12:54:35Z","2026_04_NE_BUF","00-0036875","Rhamondre Stevenson","RB","NE","BUF","2026-10-04T17:00:00Z",FALSE,FALSE,5100,11.003,0.077,0.0571,0.0927,19.81,2.157,1.993,7.27,6.8,21.25,0.0323,0.0604,"",NA
2026,4,"2026-10-04T12:54:35Z","2026_04_NE_BUF","00-0037248","James Cook","RB","BUF","NE","2026-10-04T17:00:00Z",FALSE,FALSE,7400,17.192,1.008,0.2351,0.0892,28.49,2.323,-1.594,21.61,23.4,28.25,0.0975,-0.0084,"",NA
2026,4,"2026-10-04T12:54:35Z","2026_04_NE_BUF","00-0037261","Khalil Shakir","WR","BUF","NE","2026-10-04T17:00:00Z",FALSE,FALSE,4700,9.789,0.149,0.0418,0.1129,19.51,2.083,0.734,4.14,1.6,28.25,0.0406,0.0722,"",NA
2026,4,"2026-10-04T12:54:35Z","2026_04_NE_BUF","00-0037816","Romeo Doubs","WR","NE","BUF","2026-10-04T17:00:00Z",FALSE,FALSE,4700,9.384,0.164,0.0368,0.1011,18.86,1.997,0.329,8.11,7.9,21.25,0.0187,0.0824,"",NA
2026,4,"2026-10-04T12:54:35Z","2026_04_NE_BUF","00-0038621","DeMario Douglas","WR","NE","BUF","2026-10-04T17:00:00Z",FALSE,FALSE,3500,7.323,0.071,0.0156,0.1303,15.57,2.092,1.948,4.29,4.8,21.25,0.0289,0.1014,"",NA
2026,4,"2026-10-04T12:54:35Z","2026_04_NE_BUF","00-0038933","Dalton Kincaid","TE","BUF","NE","2026-10-04T17:00:00Z",FALSE,FALSE,5300,11.713,0.27,0.1868,0.124,22.29,2.21,-1.376,12.17,4.8,28.25,0.022,0.102,"",NA
2026,4,"2026-10-04T12:54:35Z","2026_04_NE_BUF","00-0039851","Drake Maye","QB","NE","BUF","2026-10-04T17:00:00Z",FALSE,FALSE,6000,18.246,0.518,0.1477,0.2315,28.74,3.041,0.243,8.27,6.76,21.25,0.0172,0.2143,"",NA
2026,4,"2026-10-04T12:54:35Z","2026_04_NE_BUF","00-0039901","Keon Coleman","WR","BUF","NE","2026-10-04T17:00:00Z",FALSE,FALSE,4000,4.394,0,0.0042,0.0338,10.9,1.098,-2.514,6.36,4.7,28.25,0.001,0.0329,"","Questionable"
2026,4,"2026-10-04T12:54:35Z","2026_04_NE_BUF","00-0040131","Kyle Williams","WR","NE","BUF","2026-10-04T17:00:00Z",FALSE,FALSE,3200,3.305,0,0.0024,0.0424,9.16,1.033,-1.149,3.09,4.4,21.25,4e-04,0.042,"",NA
2026,4,"2026-10-04T12:54:35Z","2026_04_NE_BUF","00-0040734","TreVeyon Henderson","RB","NE","BUF","2026-10-04T17:00:00Z",FALSE,FALSE,5200,8.786,0.122,0.0289,0.0459,16.71,1.69,-0.649,7.13,3.9,21.25,0.0097,0.0362,"",NA
2026,4,"2026-10-04T12:54:35Z","2026_04_NYJ_CHI","00-0030565","Geno Smith","QB","NYJ","CHI","2026-10-04T17:00:00Z",FALSE,FALSE,5200,15.578,0.458,0.091,0.2473,26,2.996,-0.303,22.95,30.04,19.75,0.0156,0.2317,"",NA
2026,4,"2026-10-04T12:54:35Z","2026_04_NYJ_CHI","00-0032464","Kalif Raymond","WR","CHI","NYJ","2026-10-04T17:00:00Z",FALSE,FALSE,3600,8.189,0.089,0.0226,0.1509,16.95,2.275,2.508,16.91,21,23.25,0.1153,0.0356,"",NA
2026,4,"2026-10-04T12:54:35Z","2026_04_NYJ_CHI","00-0036275","D'Andre Swift","RB","CHI","NYJ","2026-10-04T17:00:00Z",FALSE,FALSE,6400,15.079,0.515,0.1524,0.0992,25.53,2.356,0.543,15.2,10.8,23.25,0.0655,0.0337,"","Questionable"
2026,4,"2026-10-04T12:54:35Z","2026_04_NYJ_CHI","00-0036290","Cole Kmet","TE","CHI","NYJ","2026-10-04T17:00:00Z",FALSE,FALSE,2800,3.513,0,0.0081,0.0482,8.64,1.255,-1.276,1.64,0,23.25,3e-04,0.0479,"",NA
2026,4,"2026-10-04T12:54:35Z","2026_04_NYJ_CHI","00-0037740","Garrett Wilson","WR","NYJ","CHI","2026-10-04T17:00:00Z",FALSE,FALSE,6800,17.834,0.841,0.2323,0.186,32.35,2.623,2.338,23.73,29.7,19.75,0.1958,-0.0098,"",NA
2026,4,"2026-10-04T12:54:35Z","2026_04_NYJ_CHI","00-0037805","Jeremy Ruckert","TE","NYJ","CHI","2026-10-04T17:00:00Z",FALSE,FALSE,2500,4.984,0.016,0.017,0.1284,11.09,1.994,1.191,9.43,14.9,19.75,0.0054,0.123,"","Questionable"
2026,4,"2026-10-04T12:54:35Z","2026_04_NYJ_CHI","00-0038416","Tyson Bagent","QB","CHI","NYJ","2026-10-04T17:00:00Z",FALSE,FALSE,4800,15.945,0.248,0.0977,0.3172,26.37,3.322,1.126,2.16,2.16,23.25,0.0472,0.2699,"",NA
2026,4,"2026-10-04T12:54:35Z","2026_04_NYJ_CHI","00-0039451","Isaiah Williams","WR","NYJ","CHI","2026-10-04T17:00:00Z",FALSE,FALSE,3500,6.689,0.037,0.0121,0.11,14.56,1.911,1.314,5.1,3.1,19.75,0.0145,0.0955,"",NA
2026,4,"2026-10-04T12:54:35Z","2026_04_NYJ_CHI","00-0039794","Braelon Allen","RB","NYJ","CHI","2026-10-04T17:00:00Z",FALSE,FALSE,5200,12.72,0.372,0.091,0.1302,22.22,2.446,3.285,5.69,4.7,19.75,0.0498,0.0804,"",NA
2026,4,"2026-10-04T12:54:35Z","2026_04_NYJ_CHI","00-0039798","Isaiah Davis","RB","NYJ","CHI","2026-10-04T17:00:00Z",FALSE,FALSE,4200,6.473,0.01,0.011,0.0507,13.47,1.541,1.288,0,0,19.75,0.0056,0.0451,"",NA
2026,4,"2026-10-04T12:54:35Z","2026_04_NYJ_CHI","00-0039919","Rome Odunze","WR","CHI","NYJ","2026-10-04T17:00:00Z",FALSE,FALSE,5000,7.746,0.097,0.0183,0.0515,16.25,1.549,-2.228,7.34,7.4,23.25,0.0035,0.048,"",NA
2026,4,"2026-10-04T12:54:35Z","2026_04_NYJ_CHI","00-0040126","Colston Loveland","TE","CHI","NYJ","2026-10-04T17:00:00Z",FALSE,FALSE,4700,9.086,0.114,0.092,0.0879,17.92,1.933,-2.011,4.43,7.1,23.25,0.003,0.085,"",NA
2026,4,"2026-10-04T12:54:35Z","2026_04_NYJ_CHI","00-0040236","Kyle Monangai","RB","CHI","NYJ","2026-10-04T17:00:00Z",FALSE,FALSE,4900,8.45,0.116,0.0251,0.0527,16.24,1.724,0.29,7.34,3.1,23.25,0.0136,0.0391,"",NA
2026,4,"2026-10-04T12:54:35Z","2026_04_NYJ_CHI","00-0040735","Luther Burden III","WR","CHI","NYJ","2026-10-04T17:00:00Z",FALSE,FALSE,5200,11.806,0.262,0.071,0.1341,22.73,2.27,1.218,14.59,19.8,23.25,0.0712,0.0629,"",NA
2026,4,"2026-10-04T12:54:35Z","2026_04_NYJ_CHI","00-0041032","Kenyon Sadiq","TE","NYJ","CHI","2026-10-04T17:00:00Z",FALSE,FALSE,4000,10.846,0.201,0.1554,0.2185,20.85,2.712,2.073,17.83,26.5,19.75,0.0665,0.1519,"","Questionable"
2026,4,"2026-10-04T12:54:35Z","2026_04_TEN_BAL","00-0032398","Chris Moore","WR","BAL","TEN","2026-10-04T17:00:00Z",FALSE,FALSE,3200,2.692,0,0.0017,0.0336,8.18,0.841,-1.762,5.59,7.4,27,3e-04,0.0334,"","Questionable"
2026,4,"2026-10-04T12:54:35Z","2026_04_TEN_BAL","00-0032764","Derrick Henry","RB","BAL","TEN","2026-10-04T17:00:00Z",FALSE,FALSE,8400,20.516,1.282,0.3513,0.096,33.15,2.442,-2.521,23.04,21.9,27,0.1065,-0.0104,"",NA
2026,4,"2026-10-04T12:54:35Z","2026_04_TEN_BAL","00-0034753","Mark Andrews","TE","BAL","TEN","2026-10-04T17:00:00Z",FALSE,FALSE,4200,10.608,0.149,0.1472,0.1879,20.45,2.526,1.171,7.47,5.4,27,0.0476,0.1403,"","Questionable"
2026,4,"2026-10-04T12:54:35Z","2026_04_TEN_BAL","00-0034796","Lamar Jackson","QB","BAL","TEN","2026-10-04T17:00:00Z",FALSE,FALSE,7300,20.202,0.39,0.2154,0.1277,30.75,2.767,-1.249,20.33,20.44,27,0.0097,0.1181,"","Questionable"
2026,4,"2026-10-04T12:54:35Z","2026_04_TEN_BAL","00-0034837","Calvin Ridley","WR","TEN","BAL","2026-10-04T17:00:00Z",FALSE,FALSE,3700,2.722,0,0.0017,0.0203,8.23,0.736,-3.266,1.57,0,15.5,0,0.0202,"",NA
2026,4,"2026-10-04T12:54:35Z","2026_04_TEN_BAL","00-0034975","Justice Hill","RB","BAL","TEN","2026-10-04T17:00:00Z",FALSE,FALSE,4200,6.07,0,0.0093,0.0443,12.9,1.445,0.885,3.51,3.3,27,0.0086,0.0357,"",NA
2026,4,"2026-10-04T12:54:35Z","2026_04_TEN_BAL","00-0035261","Tony Pollard","RB","TEN","BAL","2026-10-04T17:00:00Z",FALSE,FALSE,5400,10.448,0.233,0.0491,0.0642,19.04,1.935,0.162,10.54,13.6,15.5,0.0132,0.051,"","Questionable"
2026,4,"2026-10-04T12:54:35Z","2026_04_TEN_BAL","00-0036550","Rashod Bateman","WR","BAL","TEN","2026-10-04T17:00:00Z",FALSE,FALSE,4200,6.918,0.056,0.0133,0.0697,14.92,1.647,-0.604,9.49,5.7,27,0.0113,0.0584,"",NA
2026,4,"2026-10-04T12:54:35Z","2026_04_TEN_BAL","00-0038117","Wan'Dale Robinson","WR","TEN","BAL","2026-10-04T17:00:00Z",FALSE,FALSE,4600,9.152,0.143,0.0341,0.1016,18.49,1.99,0.404,12.49,18.7,15.5,0.0134,0.0883,"",NA
2026,4,"2026-10-04T12:54:35Z","2026_04_TEN_BAL","00-0039032","Tyjae Spears","RB","TEN","BAL","2026-10-04T17:00:00Z",FALSE,FALSE,4900,6.399,0,0.0107,0.0254,13.36,1.306,-1.761,3.49,0.5,15.5,0.0018,0.0236,"","Questionable"
2026,4,"2026-10-04T12:54:35Z","2026_04_TEN_BAL","00-0039064","Zay Flowers","WR","BAL","TEN","2026-10-04T17:00:00Z",FALSE,FALSE,6900,16.234,0.717,0.183,0.1352,29.79,2.353,0.431,19.93,15.4,27,0.1265,0.0087,"","Questionable"
2026,4,"2026-10-04T12:54:35Z","2026_04_TEN_BAL","00-0040170","Elic Ayomanor","WR","TEN","BAL","2026-10-04T17:00:00Z",FALSE,FALSE,3000,4.861,0.024,0.0053,0.093,11.64,1.62,1.021,4.9,2.1,15.5,0.004,0.089,"",NA
2026,4,"2026-10-04T12:54:35Z","2026_04_TEN_BAL","00-0040584","Gunnar Helm","TE","TEN","BAL","2026-10-04T17:00:00Z",FALSE,FALSE,2800,5.991,0.025,0.0287,0.1419,12.76,2.14,1.202,3.86,3.4,15.5,0.0034,0.1385,"",NA
2026,4,"2026-10-04T12:54:35Z","2026_04_TEN_BAL","00-0040676","Cam Ward","QB","TEN","BAL","2026-10-04T17:00:00Z",FALSE,FALSE,4700,12.43,0.149,0.0363,0.205,22.76,2.645,-2.124,13.36,10.44,15.5,0.0013,0.2036,"",NA
2026,4,"2026-10-04T12:54:35Z","2026_04_TEN_BAL","00-0041438","Carnell Tate","WR","TEN","BAL","2026-10-04T17:00:00Z",FALSE,FALSE,4800,10.531,0.227,0.0518,0.1272,20.69,2.194,1.17,9.49,11.8,15.5,0.0217,0.1055,"",NA
2026,4,"2026-10-04T12:54:35Z","2026_04_DEN_SF","00-0031408","Mike Evans","WR","SF","DEN","2026-10-04T20:25:00Z",FALSE,FALSE,6600,9.205,0.105,0.0347,0.026,18.58,1.395,-5.677,11.9,12.4,25.25,0.0014,0.0246,"","Questionable"
2026,4,"2026-10-04T12:54:35Z","2026_04_LA_PHI","00-0036244","Colby Parkinson","TE","LA","PHI","2026-10-04T17:00:00Z",FALSE,FALSE,2900,4.719,0,0.0149,0.0792,10.65,1.627,-0.402,1.23,0,23,0.0012,0.078,"","Questionable"
2026,4,"2026-10-04T12:54:35Z","2026_04_ARI_NYG","DST_ARI","Cardinals D/ST","DST","ARI","NYG","2026-10-04T17:00:00Z",FALSE,FALSE,2500,6.434,0,0.2302,0.2302,13.42,2.574,0.76,NA,NA,21,0.0445,0.1857,"",NA
2026,4,"2026-10-04T12:54:35Z","2026_04_TEN_BAL","DST_BAL","Ravens D/ST","DST","BAL","TEN","2026-10-04T17:00:00Z",FALSE,FALSE,3800,8.911,0,0.3927,0.14,17.55,2.345,-0.353,NA,NA,15.5,0.045,0.095,"",NA
2026,4,"2026-10-04T12:54:35Z","2026_04_NE_BUF","DST_BUF","Bills D/ST","DST","BUF","NE","2026-10-04T17:00:00Z",FALSE,FALSE,3300,7.573,0,0.3042,0.148,15.91,2.295,-0.31,NA,NA,21.25,0.0229,0.125,"",NA
2026,4,"2026-10-04T12:54:35Z","2026_04_NYJ_CHI","DST_CHI","Bears D/ST","DST","CHI","NYJ","2026-10-04T17:00:00Z",FALSE,FALSE,3000,8.182,0,0.3495,0.2533,16.78,2.727,1.127,NA,NA,19.75,0.0978,0.1555,"",NA
2026,4,"2026-10-04T12:54:35Z","2026_04_JAX_CIN","DST_CIN","Bengals D/ST","DST","CIN","JAX","2026-10-04T17:00:00Z",FALSE,FALSE,2800,5.654,0,0.185,0.1161,12.23,2.019,-0.848,NA,NA,24.5,0.0058,0.1103,"",NA
2026,4,"2026-10-04T12:54:35Z","2026_04_DAL_HOU","DST_DAL","Cowboys D/ST","DST","DAL","HOU","2026-10-04T17:00:00Z",FALSE,FALSE,2700,5.825,0,0.1969,0.1547,12.44,2.157,-0.401,NA,NA,25.75,0.0089,0.1459,"",NA
2026,4,"2026-10-04T12:54:35Z","2026_04_DEN_SF","DST_DEN","Broncos D/ST","DST","DEN","SF","2026-10-04T20:25:00Z",FALSE,FALSE,2500,5.897,0,0.202,0.202,12.52,2.359,0.223,NA,NA,25.25,0.0175,0.1846,"",NA
2026,4,"2026-10-04T12:54:35Z","2026_04_GB_TB","DST_GB","Packers D/ST","DST","GB","TB","2026-10-04T17:00:00Z",FALSE,FALSE,3200,8.293,0,0.355,0.2163,16.91,2.592,0.686,NA,NA,18,0.0753,0.1411,"",NA
2026,4,"2026-10-04T12:54:35Z","2026_04_DAL_HOU","DST_HOU","Texans D/ST","DST","HOU","DAL","2026-10-04T17:00:00Z",FALSE,FALSE,2900,6.211,0,0.2175,0.1419,13.08,2.142,-0.567,NA,NA,22.75,0.0104,0.1315,"",NA
2026,4,"2026-10-04T12:54:35Z","2026_04_JAX_CIN","DST_JAX","Jaguars D/ST","DST","JAX","CIN","2026-10-04T17:00:00Z",FALSE,FALSE,2600,5.109,0,0.1548,0.1223,11.38,1.965,-0.841,NA,NA,27,0.0039,0.1184,"",NA
2026,4,"2026-10-04T12:54:35Z","2026_04_KC_LV","DST_KC","Chiefs D/ST","DST","KC","LV","2026-10-04T20:25:00Z",FALSE,FALSE,3400,8.044,0,0.3376,0.1751,16.61,2.366,-0.115,NA,NA,21.75,0.0301,0.145,"",NA
2026,4,"2026-10-04T12:54:35Z","2026_04_LA_PHI","DST_LA","Rams D/ST","DST","LA","PHI","2026-10-04T17:00:00Z",FALSE,FALSE,2600,7.517,0,0.2991,0.256,15.82,2.891,1.567,NA,NA,19.5,0.134,0.122,"",NA
2026,4,"2026-10-04T12:54:35Z","2026_04_LAC_SEA","DST_LAC","Chargers D/ST","DST","LAC","SEA","2026-10-04T20:25:00Z",FALSE,FALSE,2200,6.324,0,0.224,0.2666,13.27,2.874,1.479,NA,NA,24.75,0.078,0.1885,"",NA
2026,4,"2026-10-04T12:54:35Z","2026_04_KC_LV","DST_LV","Raiders D/ST","DST","LV","KC","2026-10-04T20:25:00Z",FALSE,FALSE,2400,4.805,0,0.1428,0.1428,10.97,2.002,-0.592,NA,NA,26.25,0.0044,0.1384,"",NA
2026,4,"2026-10-04T12:54:35Z","2026_04_MIA_MIN","DST_MIA","Dolphins D/ST","DST","MIA","MIN","2026-10-04T20:05:00Z",FALSE,FALSE,2000,5.783,0,0.1945,0.2873,12.4,2.892,1.491,NA,NA,24.25,0.0756,0.2117,"",NA
2026,4,"2026-10-04T12:54:35Z","2026_04_MIA_MIN","DST_MIN","Vikings D/ST","DST","MIN","MIA","2026-10-04T20:05:00Z",FALSE,FALSE,4000,10.867,0,0.5568,0.1904,19.95,2.717,1.051,NA,NA,14.25,0.2049,-0.0145,"",NA
2026,4,"2026-10-04T12:54:35Z","2026_04_NE_BUF","DST_NE","Patriots D/ST","DST","NE","BUF","2026-10-04T17:00:00Z",FALSE,FALSE,2300,3.755,0,0.1105,0.1105,10.19,1.632,-1.367,NA,NA,28.25,8e-04,0.1096,"",NA
2026,4,"2026-10-04T12:54:35Z","2026_04_ARI_NYG","DST_NYG","Giants D/ST","DST","NYG","ARI","2026-10-04T17:00:00Z",FALSE,FALSE,3100,6.247,0,0.2194,0.1141,13.15,2.015,-1.084,NA,NA,23.5,0.0065,0.1076,"",NA
2026,4,"2026-10-04T12:54:35Z","2026_04_NYJ_CHI","DST_NYJ","Jets D/ST","DST","NYJ","CHI","2026-10-04T17:00:00Z",FALSE,FALSE,2400,5.355,0,0.1663,0.1663,11.81,2.231,-0.043,NA,NA,23.25,0.0121,0.1542,"",NA
2026,4,"2026-10-04T12:54:35Z","2026_04_LA_PHI","DST_PHI","Eagles D/ST","DST","PHI","LA","2026-10-04T17:00:00Z",FALSE,FALSE,2700,5.158,0,0.1562,0.1245,11.47,1.91,-1.068,NA,NA,23,0.0039,0.1206,"",NA
2026,4,"2026-10-04T12:54:35Z","2026_04_LAC_SEA","DST_SEA","Seahawks D/ST","DST","SEA","LAC","2026-10-04T20:25:00Z",FALSE,FALSE,3500,8.908,0,0.3927,0.2148,17.55,2.545,0.472,NA,NA,17.75,0.074,0.1408,"",NA
2026,4,"2026-10-04T12:54:35Z","2026_04_DEN_SF","DST_SF","49ers D/ST","DST","SF","DEN","2026-10-04T20:25:00Z",FALSE,FALSE,2900,5.686,0,0.1865,0.1172,12.28,1.961,-1.092,NA,NA,22.75,0.0051,0.112,"",NA
2026,4,"2026-10-04T12:54:35Z","2026_04_GB_TB","DST_TB","Buccaneers D/ST","DST","TB","GB","2026-10-04T17:00:00Z",FALSE,FALSE,2800,6.917,0,0.2598,0.1758,14.44,2.47,0.414,NA,NA,21,0.0359,0.1399,"",NA
2026,4,"2026-10-04T12:54:35Z","2026_04_TEN_BAL","DST_TEN","Titans D/ST","DST","TEN","BAL","2026-10-04T17:00:00Z",FALSE,FALSE,2100,3.98,0,0.1167,0.1521,10.42,1.895,-0.589,NA,NA,27,0.0026,0.1495,"",NA
2026,4,"2026-10-04T12:54:35Z","2026_04_ARI_NYG","DSTV_ARI","Cardinals D/ST","DSTV","ARI","NYG","2026-10-04T17:00:00Z",FALSE,FALSE,2500,7.496,0,0.298,0.298,15.75,2.999,1.603,NA,NA,21,0.0445,0.2535,"",NA
2026,4,"2026-10-04T12:54:35Z","2026_04_TEN_BAL","DSTV_BAL","Ravens D/ST","DSTV","BAL","TEN","2026-10-04T17:00:00Z",FALSE,FALSE,3800,9.773,0,0.4556,0.1679,18.58,2.572,0.589,NA,NA,15.5,0.045,0.1229,"",NA
2026,4,"2026-10-04T12:54:35Z","2026_04_NE_BUF","DSTV_BUF","Bills D/ST","DSTV","BUF","NE","2026-10-04T17:00:00Z",FALSE,FALSE,3300,7.457,0,0.2958,0.1424,15.68,2.26,-0.461,NA,NA,21.25,0.0229,0.1195,"",NA
2026,4,"2026-10-04T12:54:35Z","2026_04_NYJ_CHI","DSTV_CHI","Bears D/ST","DSTV","CHI","NYJ","2026-10-04T17:00:00Z",FALSE,FALSE,3000,7.747,0,0.317,0.2283,16.19,2.582,0.588,NA,NA,19.75,0.0978,0.1305,"",NA
2026,4,"2026-10-04T12:54:35Z","2026_04_JAX_CIN","DSTV_CIN","Bengals D/ST","DSTV","CIN","JAX","2026-10-04T17:00:00Z",FALSE,FALSE,2800,6.016,0,0.2082,0.133,12.71,2.149,-0.636,NA,NA,24.5,0.0058,0.1272,"",NA
2026,4,"2026-10-04T12:54:35Z","2026_04_DAL_HOU","DSTV_DAL","Cowboys D/ST","DSTV","DAL","HOU","2026-10-04T17:00:00Z",FALSE,FALSE,2700,5.464,0,0.1746,0.1406,11.92,2.024,-0.936,NA,NA,25.75,0.0089,0.1317,"",NA
2026,4,"2026-10-04T12:54:35Z","2026_04_DEN_SF","DSTV_DEN","Broncos D/ST","DSTV","DEN","SF","2026-10-04T20:25:00Z",FALSE,FALSE,2500,5.672,0,0.1862,0.1862,12.25,2.269,-0.221,NA,NA,25.25,0.0175,0.1687,"",NA
2026,4,"2026-10-04T12:54:35Z","2026_04_GB_TB","DSTV_GB","Packers D/ST","DSTV","GB","TB","2026-10-04T17:00:00Z",FALSE,FALSE,3200,8.581,0,0.373,0.234,17.2,2.681,0.915,NA,NA,18,0.0753,0.1587,"",NA
2026,4,"2026-10-04T12:54:35Z","2026_04_DAL_HOU","DSTV_HOU","Texans D/ST","DSTV","HOU","DAL","2026-10-04T17:00:00Z",FALSE,FALSE,2900,6.663,0,0.2444,0.1642,13.91,2.298,-0.243,NA,NA,22.75,0.0104,0.1538,"",NA
2026,4,"2026-10-04T12:54:35Z","2026_04_JAX_CIN","DSTV_JAX","Jaguars D/ST","DSTV","JAX","CIN","2026-10-04T17:00:00Z",FALSE,FALSE,2600,5.059,0,0.1534,0.1216,11.33,1.946,-1.087,NA,NA,27,0.0039,0.1177,"",NA
2026,4,"2026-10-04T12:54:35Z","2026_04_KC_LV","DSTV_KC","Chiefs D/ST","DSTV","KC","LV","2026-10-04T20:25:00Z",FALSE,FALSE,3400,7.368,0,0.2894,0.1396,15.52,2.167,-0.803,NA,NA,21.75,0.0301,0.1095,"",NA
2026,4,"2026-10-04T12:54:35Z","2026_04_LA_PHI","DSTV_LA","Rams D/ST","DSTV","LA","PHI","2026-10-04T17:00:00Z",FALSE,FALSE,2600,8.089,0,0.343,0.2908,16.65,3.111,1.942,NA,NA,19.5,0.134,0.1568,"",NA
2026,4,"2026-10-04T12:54:35Z","2026_04_LAC_SEA","DSTV_LAC","Chargers D/ST","DSTV","LAC","SEA","2026-10-04T20:25:00Z",FALSE,FALSE,2200,5.545,0,0.1778,0.2267,12.06,2.521,0.411,NA,NA,24.75,0.078,0.1486,"",NA
2026,4,"2026-10-04T12:54:35Z","2026_04_KC_LV","DSTV_LV","Raiders D/ST","DSTV","LV","KC","2026-10-04T20:25:00Z",FALSE,FALSE,2400,4.934,0,0.1513,0.1513,11.14,2.056,-0.706,NA,NA,26.25,0.0044,0.1469,"",NA
2026,4,"2026-10-04T12:54:35Z","2026_04_MIA_MIN","DSTV_MIA","Dolphins D/ST","DSTV","MIA","MIN","2026-10-04T20:05:00Z",FALSE,FALSE,2000,5.519,0,0.1765,0.2741,12.03,2.759,0.891,NA,NA,24.25,0.0756,0.1985,"",NA
2026,4,"2026-10-04T12:54:35Z","2026_04_MIA_MIN","DSTV_MIN","Vikings D/ST","DSTV","MIN","MIA","2026-10-04T20:05:00Z",FALSE,FALSE,4000,10.11,0,0.4863,0.1754,19.19,2.527,0.42,NA,NA,14.25,0.2049,-0.0295,"",NA
2026,4,"2026-10-04T12:54:35Z","2026_04_NE_BUF","DSTV_NE","Patriots D/ST","DSTV","NE","BUF","2026-10-04T17:00:00Z",FALSE,FALSE,2300,4.319,0,0.1255,0.1255,10.66,1.878,-1.068,NA,NA,28.25,8e-04,0.1246,"",NA
2026,4,"2026-10-04T12:54:35Z","2026_04_ARI_NYG","DSTV_NYG","Giants D/ST","DSTV","NYG","ARI","2026-10-04T17:00:00Z",FALSE,FALSE,3100,6.031,0,0.2085,0.1067,12.74,1.946,-1.381,NA,NA,23.5,0.0065,0.1002,"",NA
2026,4,"2026-10-04T12:54:35Z","2026_04_NYJ_CHI","DSTV_NYJ","Jets D/ST","DSTV","NYJ","CHI","2026-10-04T17:00:00Z",FALSE,FALSE,2400,6.306,0,0.2225,0.2225,13.25,2.627,0.665,NA,NA,23.25,0.0121,0.2104,"",NA
2026,4,"2026-10-04T12:54:35Z","2026_04_LA_PHI","DSTV_PHI","Eagles D/ST","DSTV","PHI","LA","2026-10-04T17:00:00Z",FALSE,FALSE,2700,6.139,0,0.2141,0.1716,12.9,2.274,-0.26,NA,NA,23,0.0039,0.1676,"",NA
2026,4,"2026-10-04T12:54:35Z","2026_04_LAC_SEA","DSTV_SEA","Seahawks D/ST","DSTV","SEA","LAC","2026-10-04T20:25:00Z",FALSE,FALSE,3500,8.683,0,0.377,0.2027,17.3,2.481,0.258,NA,NA,17.75,0.074,0.1287,"",NA
2026,4,"2026-10-04T12:54:35Z","2026_04_DEN_SF","DSTV_SF","49ers D/ST","DSTV","SF","DEN","2026-10-04T20:25:00Z",FALSE,FALSE,2900,6.629,0,0.2426,0.1625,13.86,2.286,-0.276,NA,NA,22.75,0.0051,0.1574,"",NA
2026,4,"2026-10-04T12:54:35Z","2026_04_GB_TB","DSTV_TB","Buccaneers D/ST","DSTV","TB","GB","2026-10-04T17:00:00Z",FALSE,FALSE,2800,6.873,0,0.256,0.1742,14.37,2.455,0.221,NA,NA,21,0.0359,0.1383,"",NA
2026,4,"2026-10-04T12:54:35Z","2026_04_TEN_BAL","DSTV_TEN","Titans D/ST","DSTV","TEN","BAL","2026-10-04T17:00:00Z",FALSE,FALSE,2100,4.455,0,0.1325,0.1642,10.79,2.122,-0.426,NA,NA,27,0.0026,0.1616,"",NA
